solid Default
  facet normal -1.305262e-01 9.914449e-01 1.297043e-16
    outer loop
      vertex 3.363290e-01 8.690887e+00 1.016000e+01
      vertex 3.363290e-01 8.690887e+00 6.350000e+00
      vertex 2.574587e-02 8.650000e+00 1.016000e+01
    endloop
  endfacet
  facet normal -1.305262e-01 9.914449e-01 7.992423e-18
    outer loop
      vertex 2.574587e-02 8.650000e+00 1.016000e+01
      vertex 3.363290e-01 8.690887e+00 6.350000e+00
      vertex 2.574587e-02 8.650000e+00 6.350000e+00
    endloop
  endfacet
  facet normal 1.305262e-01 9.914449e-01 -7.992423e-18
    outer loop
      vertex 2.574587e-02 8.650000e+00 1.016000e+01
      vertex 2.574587e-02 8.650000e+00 6.350000e+00
      vertex -2.848372e-01 8.690887e+00 1.016000e+01
    endloop
  endfacet
  facet normal 1.305262e-01 9.914449e-01 -1.297043e-16
    outer loop
      vertex -2.848372e-01 8.690887e+00 1.016000e+01
      vertex 2.574587e-02 8.650000e+00 6.350000e+00
      vertex -2.848372e-01 8.690887e+00 6.350000e+00
    endloop
  endfacet
  facet normal 3.826834e-01 9.238795e-01 -3.802737e-16
    outer loop
      vertex -2.848372e-01 8.690887e+00 1.016000e+01
      vertex -2.848372e-01 8.690887e+00 6.350000e+00
      vertex -5.742545e-01 8.810768e+00 1.016000e+01
    endloop
  endfacet
  facet normal 3.826834e-01 9.238795e-01 -2.343260e-17
    outer loop
      vertex -5.742545e-01 8.810768e+00 1.016000e+01
      vertex -2.848372e-01 8.690887e+00 6.350000e+00
      vertex -5.742545e-01 8.810768e+00 6.350000e+00
    endloop
  endfacet
  facet normal 6.087614e-01 7.933533e-01 -3.727589e-17
    outer loop
      vertex -5.742545e-01 8.810768e+00 1.016000e+01
      vertex -5.742545e-01 8.810768e+00 6.350000e+00
      vertex -8.227820e-01 9.001471e+00 1.016000e+01
    endloop
  endfacet
  facet normal 6.087614e-01 7.933533e-01 -3.727589e-17
    outer loop
      vertex -8.227820e-01 9.001471e+00 1.016000e+01
      vertex -5.742545e-01 8.810768e+00 6.350000e+00
      vertex -8.227820e-01 9.001471e+00 6.350000e+00
    endloop
  endfacet
  facet normal 7.933533e-01 6.087614e-01 -4.857888e-17
    outer loop
      vertex -8.227820e-01 9.001471e+00 1.016000e+01
      vertex -8.227820e-01 9.001471e+00 6.350000e+00
      vertex -1.013484e+00 9.250000e+00 1.016000e+01
    endloop
  endfacet
  facet normal 7.933533e-01 6.087614e-01 -4.857888e-17
    outer loop
      vertex -1.013484e+00 9.250000e+00 1.016000e+01
      vertex -8.227820e-01 9.001471e+00 6.350000e+00
      vertex -1.013484e+00 9.250000e+00 6.350000e+00
    endloop
  endfacet
  facet normal 9.238795e-01 3.826834e-01 -5.657131e-17
    outer loop
      vertex -1.013484e+00 9.250000e+00 1.016000e+01
      vertex -1.013484e+00 9.250000e+00 6.350000e+00
      vertex -1.133365e+00 9.539417e+00 1.016000e+01
    endloop
  endfacet
  facet normal 9.238795e-01 3.826834e-01 -5.657131e-17
    outer loop
      vertex -1.133365e+00 9.539417e+00 1.016000e+01
      vertex -1.013484e+00 9.250000e+00 6.350000e+00
      vertex -1.133365e+00 9.539417e+00 6.350000e+00
    endloop
  endfacet
  facet normal 9.914449e-01 1.305262e-01 -6.070849e-17
    outer loop
      vertex -1.133365e+00 9.539417e+00 1.016000e+01
      vertex -1.133365e+00 9.539417e+00 6.350000e+00
      vertex -1.174253e+00 9.849998e+00 1.016000e+01
    endloop
  endfacet
  facet normal 9.914449e-01 1.305262e-01 -6.070849e-17
    outer loop
      vertex -1.174253e+00 9.849998e+00 1.016000e+01
      vertex -1.133365e+00 9.539417e+00 6.350000e+00
      vertex -1.174253e+00 9.849998e+00 6.350000e+00
    endloop
  endfacet
  facet normal 9.914449e-01 -1.305262e-01 -6.070849e-17
    outer loop
      vertex -1.174253e+00 9.849998e+00 1.016000e+01
      vertex -1.174253e+00 9.849998e+00 6.350000e+00
      vertex -1.133365e+00 1.016058e+01 1.016000e+01
    endloop
  endfacet
  facet normal 9.914449e-01 -1.305262e-01 -6.070849e-17
    outer loop
      vertex -1.133365e+00 1.016058e+01 1.016000e+01
      vertex -1.174253e+00 9.849998e+00 6.350000e+00
      vertex -1.133365e+00 1.016058e+01 6.350000e+00
    endloop
  endfacet
  facet normal 9.238795e-01 -3.826834e-01 -5.657131e-17
    outer loop
      vertex -1.133365e+00 1.016058e+01 1.016000e+01
      vertex -1.133365e+00 1.016058e+01 6.350000e+00
      vertex -1.013484e+00 1.045000e+01 1.016000e+01
    endloop
  endfacet
  facet normal 9.238795e-01 -3.826834e-01 -5.657131e-17
    outer loop
      vertex -1.013484e+00 1.045000e+01 1.016000e+01
      vertex -1.133365e+00 1.016058e+01 6.350000e+00
      vertex -1.013484e+00 1.045000e+01 6.350000e+00
    endloop
  endfacet
  facet normal 7.933533e-01 -6.087614e-01 -4.857888e-17
    outer loop
      vertex -1.013484e+00 1.045000e+01 1.016000e+01
      vertex -1.013484e+00 1.045000e+01 6.350000e+00
      vertex -8.227820e-01 1.069853e+01 1.016000e+01
    endloop
  endfacet
  facet normal 7.933533e-01 -6.087614e-01 -4.857888e-17
    outer loop
      vertex -8.227820e-01 1.069853e+01 1.016000e+01
      vertex -1.013484e+00 1.045000e+01 6.350000e+00
      vertex -8.227820e-01 1.069853e+01 6.350000e+00
    endloop
  endfacet
  facet normal 6.087614e-01 -7.933533e-01 -3.727589e-17
    outer loop
      vertex -8.227820e-01 1.069853e+01 1.016000e+01
      vertex -8.227820e-01 1.069853e+01 6.350000e+00
      vertex -5.742545e-01 1.088923e+01 1.016000e+01
    endloop
  endfacet
  facet normal 6.087614e-01 -7.933533e-01 -3.727589e-17
    outer loop
      vertex -5.742545e-01 1.088923e+01 1.016000e+01
      vertex -8.227820e-01 1.069853e+01 6.350000e+00
      vertex -5.742545e-01 1.088923e+01 6.350000e+00
    endloop
  endfacet
  facet normal 3.826834e-01 -9.238795e-01 -2.343260e-17
    outer loop
      vertex -5.742545e-01 1.088923e+01 1.016000e+01
      vertex -5.742545e-01 1.088923e+01 6.350000e+00
      vertex -2.848372e-01 1.100911e+01 1.016000e+01
    endloop
  endfacet
  facet normal 3.826834e-01 -9.238795e-01 -2.343260e-17
    outer loop
      vertex -2.848372e-01 1.100911e+01 1.016000e+01
      vertex -5.742545e-01 1.088923e+01 6.350000e+00
      vertex -2.848372e-01 1.100911e+01 6.350000e+00
    endloop
  endfacet
  facet normal 1.305262e-01 -9.914449e-01 -7.992423e-18
    outer loop
      vertex -2.848372e-01 1.100911e+01 1.016000e+01
      vertex -2.848372e-01 1.100911e+01 6.350000e+00
      vertex 2.574587e-02 1.105000e+01 1.016000e+01
    endloop
  endfacet
  facet normal 1.305262e-01 -9.914449e-01 -7.992423e-18
    outer loop
      vertex 2.574587e-02 1.105000e+01 1.016000e+01
      vertex -2.848372e-01 1.100911e+01 6.350000e+00
      vertex 2.574587e-02 1.105000e+01 6.350000e+00
    endloop
  endfacet
  facet normal -1.305262e-01 -9.914449e-01 7.992423e-18
    outer loop
      vertex 2.574587e-02 1.105000e+01 1.016000e+01
      vertex 2.574587e-02 1.105000e+01 6.350000e+00
      vertex 3.363290e-01 1.100911e+01 1.016000e+01
    endloop
  endfacet
  facet normal -1.305262e-01 -9.914449e-01 7.992423e-18
    outer loop
      vertex 3.363290e-01 1.100911e+01 1.016000e+01
      vertex 2.574587e-02 1.105000e+01 6.350000e+00
      vertex 3.363290e-01 1.100911e+01 6.350000e+00
    endloop
  endfacet
  facet normal -3.826834e-01 -9.238795e-01 2.343260e-17
    outer loop
      vertex 3.363290e-01 1.100911e+01 1.016000e+01
      vertex 3.363290e-01 1.100911e+01 6.350000e+00
      vertex 6.257463e-01 1.088923e+01 1.016000e+01
    endloop
  endfacet
  facet normal -3.826834e-01 -9.238795e-01 2.343260e-17
    outer loop
      vertex 6.257463e-01 1.088923e+01 1.016000e+01
      vertex 3.363290e-01 1.100911e+01 6.350000e+00
      vertex 6.257463e-01 1.088923e+01 6.350000e+00
    endloop
  endfacet
  facet normal -6.087614e-01 -7.933533e-01 3.727589e-17
    outer loop
      vertex 6.257463e-01 1.088923e+01 1.016000e+01
      vertex 6.257463e-01 1.088923e+01 6.350000e+00
      vertex 8.742738e-01 1.069853e+01 1.016000e+01
    endloop
  endfacet
  facet normal -6.087614e-01 -7.933533e-01 3.727589e-17
    outer loop
      vertex 8.742738e-01 1.069853e+01 1.016000e+01
      vertex 6.257463e-01 1.088923e+01 6.350000e+00
      vertex 8.742738e-01 1.069853e+01 6.350000e+00
    endloop
  endfacet
  facet normal -7.933533e-01 -6.087614e-01 4.857888e-17
    outer loop
      vertex 8.742738e-01 1.069853e+01 1.016000e+01
      vertex 8.742738e-01 1.069853e+01 6.350000e+00
      vertex 1.064976e+00 1.045000e+01 1.016000e+01
    endloop
  endfacet
  facet normal -7.933533e-01 -6.087614e-01 4.857888e-17
    outer loop
      vertex 1.064976e+00 1.045000e+01 1.016000e+01
      vertex 8.742738e-01 1.069853e+01 6.350000e+00
      vertex 1.064976e+00 1.045000e+01 6.350000e+00
    endloop
  endfacet
  facet normal -9.238795e-01 -3.826834e-01 5.657131e-17
    outer loop
      vertex 1.064976e+00 1.045000e+01 1.016000e+01
      vertex 1.064976e+00 1.045000e+01 6.350000e+00
      vertex 1.184857e+00 1.016058e+01 1.016000e+01
    endloop
  endfacet
  facet normal -9.238795e-01 -3.826834e-01 5.657131e-17
    outer loop
      vertex 1.184857e+00 1.016058e+01 1.016000e+01
      vertex 1.064976e+00 1.045000e+01 6.350000e+00
      vertex 1.184857e+00 1.016058e+01 6.350000e+00
    endloop
  endfacet
  facet normal -9.914449e-01 -1.305262e-01 6.070849e-17
    outer loop
      vertex 1.184857e+00 1.016058e+01 1.016000e+01
      vertex 1.184857e+00 1.016058e+01 6.350000e+00
      vertex 1.225747e+00 9.849998e+00 1.016000e+01
    endloop
  endfacet
  facet normal -9.914449e-01 -1.305262e-01 6.070849e-17
    outer loop
      vertex 1.225747e+00 9.849998e+00 1.016000e+01
      vertex 1.184857e+00 1.016058e+01 6.350000e+00
      vertex 1.225747e+00 9.849998e+00 6.350000e+00
    endloop
  endfacet
  facet normal -9.914449e-01 1.305262e-01 6.070849e-17
    outer loop
      vertex 1.225747e+00 9.849998e+00 1.016000e+01
      vertex 1.225747e+00 9.849998e+00 6.350000e+00
      vertex 1.184857e+00 9.539417e+00 1.016000e+01
    endloop
  endfacet
  facet normal -9.914449e-01 1.305262e-01 6.070849e-17
    outer loop
      vertex 1.184857e+00 9.539417e+00 1.016000e+01
      vertex 1.225747e+00 9.849998e+00 6.350000e+00
      vertex 1.184857e+00 9.539417e+00 6.350000e+00
    endloop
  endfacet
  facet normal -9.238795e-01 3.826834e-01 5.657131e-17
    outer loop
      vertex 1.184857e+00 9.539417e+00 1.016000e+01
      vertex 1.184857e+00 9.539417e+00 6.350000e+00
      vertex 1.064976e+00 9.250000e+00 1.016000e+01
    endloop
  endfacet
  facet normal -9.238795e-01 3.826834e-01 5.657131e-17
    outer loop
      vertex 1.064976e+00 9.250000e+00 1.016000e+01
      vertex 1.184857e+00 9.539417e+00 6.350000e+00
      vertex 1.064976e+00 9.250000e+00 6.350000e+00
    endloop
  endfacet
  facet normal -7.933533e-01 6.087614e-01 4.857888e-17
    outer loop
      vertex 1.064976e+00 9.250000e+00 1.016000e+01
      vertex 1.064976e+00 9.250000e+00 6.350000e+00
      vertex 8.742738e-01 9.001471e+00 1.016000e+01
    endloop
  endfacet
  facet normal -7.933533e-01 6.087614e-01 4.857888e-17
    outer loop
      vertex 8.742738e-01 9.001471e+00 1.016000e+01
      vertex 1.064976e+00 9.250000e+00 6.350000e+00
      vertex 8.742738e-01 9.001471e+00 6.350000e+00
    endloop
  endfacet
  facet normal -6.087614e-01 7.933533e-01 3.727589e-17
    outer loop
      vertex 8.742738e-01 9.001471e+00 1.016000e+01
      vertex 8.742738e-01 9.001471e+00 6.350000e+00
      vertex 6.257463e-01 8.810768e+00 1.016000e+01
    endloop
  endfacet
  facet normal -6.087614e-01 7.933533e-01 3.727589e-17
    outer loop
      vertex 6.257463e-01 8.810768e+00 1.016000e+01
      vertex 8.742738e-01 9.001471e+00 6.350000e+00
      vertex 6.257463e-01 8.810768e+00 6.350000e+00
    endloop
  endfacet
  facet normal -3.826834e-01 9.238795e-01 2.343260e-17
    outer loop
      vertex 6.257463e-01 8.810768e+00 1.016000e+01
      vertex 6.257463e-01 8.810768e+00 6.350000e+00
      vertex 3.363290e-01 8.690887e+00 1.016000e+01
    endloop
  endfacet
  facet normal -3.826834e-01 9.238795e-01 3.802737e-16
    outer loop
      vertex 3.363290e-01 8.690887e+00 1.016000e+01
      vertex 6.257463e-01 8.810768e+00 6.350000e+00
      vertex 3.363290e-01 8.690887e+00 6.350000e+00
    endloop
  endfacet
  facet normal 0.000000e+00 -1.000000e+00 0.000000e+00
    outer loop
      vertex 1.082575e+01 7.750000e+00 1.016000e+01
      vertex 2.125746e+00 7.750000e+00 1.016000e+01
      vertex 1.082575e+01 7.750000e+00 6.350000e+00
    endloop
  endfacet
  facet normal 0.000000e+00 -1.000000e+00 0.000000e+00
    outer loop
      vertex 1.082575e+01 7.750000e+00 6.350000e+00
      vertex 2.125746e+00 7.750000e+00 1.016000e+01
      vertex 2.125746e+00 7.750000e+00 6.350000e+00
    endloop
  endfacet
  facet normal -1.000000e+00 0.000000e+00 6.123234e-17
    outer loop
      vertex 1.082575e+01 -7.750001e+00 1.016000e+01
      vertex 1.082575e+01 7.750000e+00 1.016000e+01
      vertex 1.082575e+01 -7.750001e+00 6.350000e+00
    endloop
  endfacet
  facet normal -1.000000e+00 0.000000e+00 6.123234e-17
    outer loop
      vertex 1.082575e+01 -7.750001e+00 6.350000e+00
      vertex 1.082575e+01 7.750000e+00 1.016000e+01
      vertex 1.082575e+01 7.750000e+00 6.350000e+00
    endloop
  endfacet
  facet normal 0.000000e+00 1.000000e+00 0.000000e+00
    outer loop
      vertex 2.125746e+00 -7.750001e+00 1.016000e+01
      vertex 1.082575e+01 -7.750001e+00 1.016000e+01
      vertex 2.125746e+00 -7.750001e+00 6.350000e+00
    endloop
  endfacet
  facet normal 0.000000e+00 1.000000e+00 0.000000e+00
    outer loop
      vertex 2.125746e+00 -7.750001e+00 6.350000e+00
      vertex 1.082575e+01 -7.750001e+00 1.016000e+01
      vertex 1.082575e+01 -7.750001e+00 6.350000e+00
    endloop
  endfacet
  facet normal 1.000000e+00 -0.000000e+00 -6.123234e-17
    outer loop
      vertex 2.125746e+00 7.750000e+00 1.016000e+01
      vertex 2.125746e+00 -7.750001e+00 1.016000e+01
      vertex 2.125746e+00 7.750000e+00 6.350000e+00
    endloop
  endfacet
  facet normal 1.000000e+00 0.000000e+00 -6.123234e-17
    outer loop
      vertex 2.125746e+00 7.750000e+00 6.350000e+00
      vertex 2.125746e+00 -7.750001e+00 1.016000e+01
      vertex 2.125746e+00 -7.750001e+00 6.350000e+00
    endloop
  endfacet
  facet normal -1.305262e-01 9.914449e-01 7.992423e-18
    outer loop
      vertex 3.363290e-01 -1.100911e+01 1.016000e+01
      vertex 3.363290e-01 -1.100911e+01 6.350000e+00
      vertex 2.574587e-02 -1.105000e+01 1.016000e+01
    endloop
  endfacet
  facet normal -1.305262e-01 9.914449e-01 7.992423e-18
    outer loop
      vertex 2.574587e-02 -1.105000e+01 1.016000e+01
      vertex 3.363290e-01 -1.100911e+01 6.350000e+00
      vertex 2.574587e-02 -1.105000e+01 6.350000e+00
    endloop
  endfacet
  facet normal 1.305262e-01 9.914449e-01 -7.992423e-18
    outer loop
      vertex 2.574587e-02 -1.105000e+01 1.016000e+01
      vertex 2.574587e-02 -1.105000e+01 6.350000e+00
      vertex -2.848372e-01 -1.100911e+01 1.016000e+01
    endloop
  endfacet
  facet normal 1.305262e-01 9.914449e-01 -7.992423e-18
    outer loop
      vertex -2.848372e-01 -1.100911e+01 1.016000e+01
      vertex 2.574587e-02 -1.105000e+01 6.350000e+00
      vertex -2.848372e-01 -1.100911e+01 6.350000e+00
    endloop
  endfacet
  facet normal 3.826834e-01 9.238795e-01 -2.343260e-17
    outer loop
      vertex -2.848372e-01 -1.100911e+01 1.016000e+01
      vertex -2.848372e-01 -1.100911e+01 6.350000e+00
      vertex -5.742545e-01 -1.088923e+01 1.016000e+01
    endloop
  endfacet
  facet normal 3.826834e-01 9.238795e-01 -3.802737e-16
    outer loop
      vertex -5.742545e-01 -1.088923e+01 1.016000e+01
      vertex -2.848372e-01 -1.100911e+01 6.350000e+00
      vertex -5.742545e-01 -1.088923e+01 6.350000e+00
    endloop
  endfacet
  facet normal 6.087614e-01 7.933533e-01 -6.049282e-16
    outer loop
      vertex -5.742545e-01 -1.088923e+01 1.016000e+01
      vertex -5.742545e-01 -1.088923e+01 6.350000e+00
      vertex -8.227820e-01 -1.069853e+01 1.016000e+01
    endloop
  endfacet
  facet normal 6.087614e-01 7.933533e-01 -3.727589e-17
    outer loop
      vertex -8.227820e-01 -1.069853e+01 1.016000e+01
      vertex -5.742545e-01 -1.088923e+01 6.350000e+00
      vertex -8.227820e-01 -1.069853e+01 6.350000e+00
    endloop
  endfacet
  facet normal 7.933533e-01 6.087614e-01 -4.857888e-17
    outer loop
      vertex -8.227820e-01 -1.069853e+01 1.016000e+01
      vertex -8.227820e-01 -1.069853e+01 6.350000e+00
      vertex -1.013484e+00 -1.045000e+01 1.016000e+01
    endloop
  endfacet
  facet normal 7.933533e-01 6.087614e-01 -5.045316e-16
    outer loop
      vertex -1.013484e+00 -1.045000e+01 1.016000e+01
      vertex -8.227820e-01 -1.069853e+01 6.350000e+00
      vertex -1.013484e+00 -1.045000e+01 6.350000e+00
    endloop
  endfacet
  facet normal 9.238795e-01 3.826834e-01 -7.396415e-16
    outer loop
      vertex -1.013484e+00 -1.045000e+01 1.016000e+01
      vertex -1.013484e+00 -1.045000e+01 6.350000e+00
      vertex -1.133365e+00 -1.016058e+01 1.016000e+01
    endloop
  endfacet
  facet normal 9.238795e-01 3.826834e-01 -5.657131e-17
    outer loop
      vertex -1.133365e+00 -1.016058e+01 1.016000e+01
      vertex -1.013484e+00 -1.045000e+01 6.350000e+00
      vertex -1.133365e+00 -1.016058e+01 6.350000e+00
    endloop
  endfacet
  facet normal 9.914449e-01 1.305262e-01 -6.070849e-17
    outer loop
      vertex -1.133365e+00 -1.016058e+01 1.016000e+01
      vertex -1.133365e+00 -1.016058e+01 6.350000e+00
      vertex -1.174253e+00 -9.850000e+00 1.016000e+01
    endloop
  endfacet
  facet normal 9.914449e-01 1.305262e-01 -6.070849e-17
    outer loop
      vertex -1.174253e+00 -9.850000e+00 1.016000e+01
      vertex -1.133365e+00 -1.016058e+01 6.350000e+00
      vertex -1.174253e+00 -9.850000e+00 6.350000e+00
    endloop
  endfacet
  facet normal 9.914449e-01 -1.305262e-01 -6.070849e-17
    outer loop
      vertex -1.174253e+00 -9.850000e+00 1.016000e+01
      vertex -1.174253e+00 -9.850000e+00 6.350000e+00
      vertex -1.133365e+00 -9.539418e+00 1.016000e+01
    endloop
  endfacet
  facet normal 9.914449e-01 -1.305262e-01 -6.070849e-17
    outer loop
      vertex -1.133365e+00 -9.539418e+00 1.016000e+01
      vertex -1.174253e+00 -9.850000e+00 6.350000e+00
      vertex -1.133365e+00 -9.539418e+00 6.350000e+00
    endloop
  endfacet
  facet normal 9.238795e-01 -3.826834e-01 -5.657131e-17
    outer loop
      vertex -1.133365e+00 -9.539418e+00 1.016000e+01
      vertex -1.133365e+00 -9.539418e+00 6.350000e+00
      vertex -1.013484e+00 -9.250001e+00 1.016000e+01
    endloop
  endfacet
  facet normal 9.238795e-01 -3.826834e-01 -2.349918e-16
    outer loop
      vertex -1.013484e+00 -9.250001e+00 1.016000e+01
      vertex -1.133365e+00 -9.539418e+00 6.350000e+00
      vertex -1.013484e+00 -9.250001e+00 6.350000e+00
    endloop
  endfacet
  facet normal 7.933533e-01 -6.087614e-01 -3.324050e-16
    outer loop
      vertex -1.013484e+00 -9.250001e+00 1.016000e+01
      vertex -1.013484e+00 -9.250001e+00 6.350000e+00
      vertex -8.227820e-01 -9.001472e+00 1.016000e+01
    endloop
  endfacet
  facet normal 7.933533e-01 -6.087614e-01 -4.857888e-17
    outer loop
      vertex -8.227820e-01 -9.001472e+00 1.016000e+01
      vertex -1.013484e+00 -9.250001e+00 6.350000e+00
      vertex -8.227820e-01 -9.001472e+00 6.350000e+00
    endloop
  endfacet
  facet normal 6.087614e-01 -7.933533e-01 -3.727589e-17
    outer loop
      vertex -8.227820e-01 -9.001472e+00 1.016000e+01
      vertex -8.227820e-01 -9.001472e+00 6.350000e+00
      vertex -5.742545e-01 -8.810770e+00 1.016000e+01
    endloop
  endfacet
  facet normal 6.087614e-01 -7.933533e-01 5.303764e-16
    outer loop
      vertex -5.742545e-01 -8.810770e+00 1.016000e+01
      vertex -8.227820e-01 -9.001472e+00 6.350000e+00
      vertex -5.742545e-01 -8.810770e+00 6.350000e+00
    endloop
  endfacet
  facet normal 3.826834e-01 -9.238795e-01 3.334085e-16
    outer loop
      vertex -5.742545e-01 -8.810770e+00 1.016000e+01
      vertex -5.742545e-01 -8.810770e+00 6.350000e+00
      vertex -2.848372e-01 -8.690889e+00 1.016000e+01
    endloop
  endfacet
  facet normal 3.826834e-01 -9.238795e-01 -2.343260e-17
    outer loop
      vertex -2.848372e-01 -8.690889e+00 1.016000e+01
      vertex -5.742545e-01 -8.810770e+00 6.350000e+00
      vertex -2.848372e-01 -8.690889e+00 6.350000e+00
    endloop
  endfacet
  facet normal 1.305262e-01 -9.914449e-01 -7.992423e-18
    outer loop
      vertex -2.848372e-01 -8.690889e+00 1.016000e+01
      vertex -2.848372e-01 -8.690889e+00 6.350000e+00
      vertex 2.574587e-02 -8.650001e+00 1.016000e+01
    endloop
  endfacet
  facet normal 1.305262e-01 -9.914449e-01 -7.992423e-18
    outer loop
      vertex 2.574587e-02 -8.650001e+00 1.016000e+01
      vertex -2.848372e-01 -8.690889e+00 6.350000e+00
      vertex 2.574587e-02 -8.650001e+00 6.350000e+00
    endloop
  endfacet
  facet normal -1.305262e-01 -9.914449e-01 7.992423e-18
    outer loop
      vertex 2.574587e-02 -8.650001e+00 1.016000e+01
      vertex 2.574587e-02 -8.650001e+00 6.350000e+00
      vertex 3.363290e-01 -8.690889e+00 1.016000e+01
    endloop
  endfacet
  facet normal -1.305262e-01 -9.914449e-01 7.992423e-18
    outer loop
      vertex 3.363290e-01 -8.690889e+00 1.016000e+01
      vertex 2.574587e-02 -8.650001e+00 6.350000e+00
      vertex 3.363290e-01 -8.690889e+00 6.350000e+00
    endloop
  endfacet
  facet normal -3.826834e-01 -9.238795e-01 2.343260e-17
    outer loop
      vertex 3.363290e-01 -8.690889e+00 1.016000e+01
      vertex 3.363290e-01 -8.690889e+00 6.350000e+00
      vertex 6.257463e-01 -8.810770e+00 1.016000e+01
    endloop
  endfacet
  facet normal -3.826834e-01 -9.238795e-01 -3.334085e-16
    outer loop
      vertex 6.257463e-01 -8.810770e+00 1.016000e+01
      vertex 3.363290e-01 -8.690889e+00 6.350000e+00
      vertex 6.257463e-01 -8.810770e+00 6.350000e+00
    endloop
  endfacet
  facet normal -6.087614e-01 -7.933533e-01 -5.303764e-16
    outer loop
      vertex 6.257463e-01 -8.810770e+00 1.016000e+01
      vertex 6.257463e-01 -8.810770e+00 6.350000e+00
      vertex 8.742738e-01 -9.001472e+00 1.016000e+01
    endloop
  endfacet
  facet normal -6.087614e-01 -7.933533e-01 3.727589e-17
    outer loop
      vertex 8.742738e-01 -9.001472e+00 1.016000e+01
      vertex 6.257463e-01 -8.810770e+00 6.350000e+00
      vertex 8.742738e-01 -9.001472e+00 6.350000e+00
    endloop
  endfacet
  facet normal -7.933533e-01 -6.087614e-01 4.857888e-17
    outer loop
      vertex 8.742738e-01 -9.001472e+00 1.016000e+01
      vertex 8.742738e-01 -9.001472e+00 6.350000e+00
      vertex 1.064976e+00 -9.250001e+00 1.016000e+01
    endloop
  endfacet
  facet normal -7.933533e-01 -6.087614e-01 3.324050e-16
    outer loop
      vertex 1.064976e+00 -9.250001e+00 1.016000e+01
      vertex 8.742738e-01 -9.001472e+00 6.350000e+00
      vertex 1.064976e+00 -9.250001e+00 6.350000e+00
    endloop
  endfacet
  facet normal -9.238795e-01 -3.826834e-01 2.349918e-16
    outer loop
      vertex 1.064976e+00 -9.250001e+00 1.016000e+01
      vertex 1.064976e+00 -9.250001e+00 6.350000e+00
      vertex 1.184857e+00 -9.539418e+00 1.016000e+01
    endloop
  endfacet
  facet normal -9.238795e-01 -3.826834e-01 5.657131e-17
    outer loop
      vertex 1.184857e+00 -9.539418e+00 1.016000e+01
      vertex 1.064976e+00 -9.250001e+00 6.350000e+00
      vertex 1.184857e+00 -9.539418e+00 6.350000e+00
    endloop
  endfacet
  facet normal -9.914449e-01 -1.305262e-01 6.070849e-17
    outer loop
      vertex 1.184857e+00 -9.539418e+00 1.016000e+01
      vertex 1.184857e+00 -9.539418e+00 6.350000e+00
      vertex 1.225747e+00 -9.850000e+00 1.016000e+01
    endloop
  endfacet
  facet normal -9.914449e-01 -1.305262e-01 6.070849e-17
    outer loop
      vertex 1.225747e+00 -9.850000e+00 1.016000e+01
      vertex 1.184857e+00 -9.539418e+00 6.350000e+00
      vertex 1.225747e+00 -9.850000e+00 6.350000e+00
    endloop
  endfacet
  facet normal -9.914449e-01 1.305262e-01 6.070849e-17
    outer loop
      vertex 1.225747e+00 -9.850000e+00 1.016000e+01
      vertex 1.225747e+00 -9.850000e+00 6.350000e+00
      vertex 1.184857e+00 -1.016058e+01 1.016000e+01
    endloop
  endfacet
  facet normal -9.914449e-01 1.305262e-01 6.070849e-17
    outer loop
      vertex 1.184857e+00 -1.016058e+01 1.016000e+01
      vertex 1.225747e+00 -9.850000e+00 6.350000e+00
      vertex 1.184857e+00 -1.016058e+01 6.350000e+00
    endloop
  endfacet
  facet normal -9.238795e-01 3.826834e-01 5.657131e-17
    outer loop
      vertex 1.184857e+00 -1.016058e+01 1.016000e+01
      vertex 1.184857e+00 -1.016058e+01 6.350000e+00
      vertex 1.064976e+00 -1.045000e+01 1.016000e+01
    endloop
  endfacet
  facet normal -9.238795e-01 3.826834e-01 7.396415e-16
    outer loop
      vertex 1.064976e+00 -1.045000e+01 1.016000e+01
      vertex 1.184857e+00 -1.016058e+01 6.350000e+00
      vertex 1.064976e+00 -1.045000e+01 6.350000e+00
    endloop
  endfacet
  facet normal -7.933533e-01 6.087614e-01 5.045316e-16
    outer loop
      vertex 1.064976e+00 -1.045000e+01 1.016000e+01
      vertex 1.064976e+00 -1.045000e+01 6.350000e+00
      vertex 8.742738e-01 -1.069853e+01 1.016000e+01
    endloop
  endfacet
  facet normal -7.933533e-01 6.087614e-01 4.857888e-17
    outer loop
      vertex 8.742738e-01 -1.069853e+01 1.016000e+01
      vertex 1.064976e+00 -1.045000e+01 6.350000e+00
      vertex 8.742738e-01 -1.069853e+01 6.350000e+00
    endloop
  endfacet
  facet normal -6.087614e-01 7.933533e-01 3.727589e-17
    outer loop
      vertex 8.742738e-01 -1.069853e+01 1.016000e+01
      vertex 8.742738e-01 -1.069853e+01 6.350000e+00
      vertex 6.257463e-01 -1.088923e+01 1.016000e+01
    endloop
  endfacet
  facet normal -6.087614e-01 7.933533e-01 6.049282e-16
    outer loop
      vertex 6.257463e-01 -1.088923e+01 1.016000e+01
      vertex 8.742738e-01 -1.069853e+01 6.350000e+00
      vertex 6.257463e-01 -1.088923e+01 6.350000e+00
    endloop
  endfacet
  facet normal -3.826834e-01 9.238795e-01 3.802737e-16
    outer loop
      vertex 6.257463e-01 -1.088923e+01 1.016000e+01
      vertex 6.257463e-01 -1.088923e+01 6.350000e+00
      vertex 3.363290e-01 -1.100911e+01 1.016000e+01
    endloop
  endfacet
  facet normal -3.826834e-01 9.238795e-01 2.343260e-17
    outer loop
      vertex 3.363290e-01 -1.100911e+01 1.016000e+01
      vertex 6.257463e-01 -1.088923e+01 6.350000e+00
      vertex 3.363290e-01 -1.100911e+01 6.350000e+00
    endloop
  endfacet
  facet normal -1.305262e-01 9.914449e-01 7.992423e-18
    outer loop
      vertex 1.323633e+01 8.690887e+00 1.016000e+01
      vertex 1.323633e+01 8.690887e+00 6.350000e+00
      vertex 1.292575e+01 8.650000e+00 1.016000e+01
    endloop
  endfacet
  facet normal -1.305262e-01 9.914449e-01 7.992423e-18
    outer loop
      vertex 1.292575e+01 8.650000e+00 1.016000e+01
      vertex 1.323633e+01 8.690887e+00 6.350000e+00
      vertex 1.292575e+01 8.650000e+00 6.350000e+00
    endloop
  endfacet
  facet normal 1.305262e-01 9.914449e-01 -7.992423e-18
    outer loop
      vertex 1.292575e+01 8.650000e+00 1.016000e+01
      vertex 1.292575e+01 8.650000e+00 6.350000e+00
      vertex 1.261516e+01 8.690887e+00 1.016000e+01
    endloop
  endfacet
  facet normal 1.305262e-01 9.914449e-01 -7.992423e-18
    outer loop
      vertex 1.261516e+01 8.690887e+00 1.016000e+01
      vertex 1.292575e+01 8.650000e+00 6.350000e+00
      vertex 1.261516e+01 8.690887e+00 6.350000e+00
    endloop
  endfacet
  facet normal 3.826834e-01 9.238795e-01 -2.343260e-17
    outer loop
      vertex 1.261516e+01 8.690887e+00 1.016000e+01
      vertex 1.261516e+01 8.690887e+00 6.350000e+00
      vertex 1.232575e+01 8.810768e+00 1.016000e+01
    endloop
  endfacet
  facet normal 3.826834e-01 9.238795e-01 -2.343260e-17
    outer loop
      vertex 1.232575e+01 8.810768e+00 1.016000e+01
      vertex 1.261516e+01 8.690887e+00 6.350000e+00
      vertex 1.232575e+01 8.810768e+00 6.350000e+00
    endloop
  endfacet
  facet normal 6.087614e-01 7.933533e-01 -3.727589e-17
    outer loop
      vertex 1.232575e+01 8.810768e+00 1.016000e+01
      vertex 1.232575e+01 8.810768e+00 6.350000e+00
      vertex 1.207722e+01 9.001471e+00 1.016000e+01
    endloop
  endfacet
  facet normal 6.087614e-01 7.933533e-01 -3.727589e-17
    outer loop
      vertex 1.207722e+01 9.001471e+00 1.016000e+01
      vertex 1.232575e+01 8.810768e+00 6.350000e+00
      vertex 1.207722e+01 9.001471e+00 6.350000e+00
    endloop
  endfacet
  facet normal 7.933533e-01 6.087614e-01 -4.857888e-17
    outer loop
      vertex 1.207722e+01 9.001471e+00 1.016000e+01
      vertex 1.207722e+01 9.001471e+00 6.350000e+00
      vertex 1.188652e+01 9.250000e+00 1.016000e+01
    endloop
  endfacet
  facet normal 7.933533e-01 6.087614e-01 -4.857888e-17
    outer loop
      vertex 1.188652e+01 9.250000e+00 1.016000e+01
      vertex 1.207722e+01 9.001471e+00 6.350000e+00
      vertex 1.188652e+01 9.250000e+00 6.350000e+00
    endloop
  endfacet
  facet normal 9.238795e-01 3.826834e-01 -5.657131e-17
    outer loop
      vertex 1.188652e+01 9.250000e+00 1.016000e+01
      vertex 1.188652e+01 9.250000e+00 6.350000e+00
      vertex 1.176663e+01 9.539417e+00 1.016000e+01
    endloop
  endfacet
  facet normal 9.238795e-01 3.826834e-01 -5.657131e-17
    outer loop
      vertex 1.176663e+01 9.539417e+00 1.016000e+01
      vertex 1.188652e+01 9.250000e+00 6.350000e+00
      vertex 1.176663e+01 9.539417e+00 6.350000e+00
    endloop
  endfacet
  facet normal 9.914449e-01 1.305262e-01 -6.070849e-17
    outer loop
      vertex 1.176663e+01 9.539417e+00 1.016000e+01
      vertex 1.176663e+01 9.539417e+00 6.350000e+00
      vertex 1.172575e+01 9.849998e+00 1.016000e+01
    endloop
  endfacet
  facet normal 9.914449e-01 1.305262e-01 -6.070849e-17
    outer loop
      vertex 1.172575e+01 9.849998e+00 1.016000e+01
      vertex 1.176663e+01 9.539417e+00 6.350000e+00
      vertex 1.172575e+01 9.849998e+00 6.350000e+00
    endloop
  endfacet
  facet normal 9.914449e-01 -1.305262e-01 -6.070849e-17
    outer loop
      vertex 1.172575e+01 9.849998e+00 1.016000e+01
      vertex 1.172575e+01 9.849998e+00 6.350000e+00
      vertex 1.176663e+01 1.016058e+01 1.016000e+01
    endloop
  endfacet
  facet normal 9.914449e-01 -1.305262e-01 -6.070849e-17
    outer loop
      vertex 1.176663e+01 1.016058e+01 1.016000e+01
      vertex 1.172575e+01 9.849998e+00 6.350000e+00
      vertex 1.176663e+01 1.016058e+01 6.350000e+00
    endloop
  endfacet
  facet normal 9.238795e-01 -3.826834e-01 -5.657131e-17
    outer loop
      vertex 1.176663e+01 1.016058e+01 1.016000e+01
      vertex 1.176663e+01 1.016058e+01 6.350000e+00
      vertex 1.188652e+01 1.045000e+01 1.016000e+01
    endloop
  endfacet
  facet normal 9.238795e-01 -3.826834e-01 -5.657131e-17
    outer loop
      vertex 1.188652e+01 1.045000e+01 1.016000e+01
      vertex 1.176663e+01 1.016058e+01 6.350000e+00
      vertex 1.188652e+01 1.045000e+01 6.350000e+00
    endloop
  endfacet
  facet normal 7.933533e-01 -6.087614e-01 -4.857888e-17
    outer loop
      vertex 1.188652e+01 1.045000e+01 1.016000e+01
      vertex 1.188652e+01 1.045000e+01 6.350000e+00
      vertex 1.207722e+01 1.069853e+01 1.016000e+01
    endloop
  endfacet
  facet normal 7.933533e-01 -6.087614e-01 -4.857888e-17
    outer loop
      vertex 1.207722e+01 1.069853e+01 1.016000e+01
      vertex 1.188652e+01 1.045000e+01 6.350000e+00
      vertex 1.207722e+01 1.069853e+01 6.350000e+00
    endloop
  endfacet
  facet normal 6.087614e-01 -7.933533e-01 -3.727589e-17
    outer loop
      vertex 1.207722e+01 1.069853e+01 1.016000e+01
      vertex 1.207722e+01 1.069853e+01 6.350000e+00
      vertex 1.232575e+01 1.088923e+01 1.016000e+01
    endloop
  endfacet
  facet normal 6.087614e-01 -7.933533e-01 -3.727589e-17
    outer loop
      vertex 1.232575e+01 1.088923e+01 1.016000e+01
      vertex 1.207722e+01 1.069853e+01 6.350000e+00
      vertex 1.232575e+01 1.088923e+01 6.350000e+00
    endloop
  endfacet
  facet normal 3.826834e-01 -9.238795e-01 -2.343260e-17
    outer loop
      vertex 1.232575e+01 1.088923e+01 1.016000e+01
      vertex 1.232575e+01 1.088923e+01 6.350000e+00
      vertex 1.261516e+01 1.100911e+01 1.016000e+01
    endloop
  endfacet
  facet normal 3.826834e-01 -9.238795e-01 -2.343260e-17
    outer loop
      vertex 1.261516e+01 1.100911e+01 1.016000e+01
      vertex 1.232575e+01 1.088923e+01 6.350000e+00
      vertex 1.261516e+01 1.100911e+01 6.350000e+00
    endloop
  endfacet
  facet normal 1.305262e-01 -9.914449e-01 -7.992423e-18
    outer loop
      vertex 1.261516e+01 1.100911e+01 1.016000e+01
      vertex 1.261516e+01 1.100911e+01 6.350000e+00
      vertex 1.292575e+01 1.105000e+01 1.016000e+01
    endloop
  endfacet
  facet normal 1.305262e-01 -9.914449e-01 -7.992423e-18
    outer loop
      vertex 1.292575e+01 1.105000e+01 1.016000e+01
      vertex 1.261516e+01 1.100911e+01 6.350000e+00
      vertex 1.292575e+01 1.105000e+01 6.350000e+00
    endloop
  endfacet
  facet normal -1.305262e-01 -9.914449e-01 7.992423e-18
    outer loop
      vertex 1.292575e+01 1.105000e+01 1.016000e+01
      vertex 1.292575e+01 1.105000e+01 6.350000e+00
      vertex 1.323633e+01 1.100911e+01 1.016000e+01
    endloop
  endfacet
  facet normal -1.305262e-01 -9.914449e-01 7.992423e-18
    outer loop
      vertex 1.323633e+01 1.100911e+01 1.016000e+01
      vertex 1.292575e+01 1.105000e+01 6.350000e+00
      vertex 1.323633e+01 1.100911e+01 6.350000e+00
    endloop
  endfacet
  facet normal -3.826834e-01 -9.238795e-01 2.343260e-17
    outer loop
      vertex 1.323633e+01 1.100911e+01 1.016000e+01
      vertex 1.323633e+01 1.100911e+01 6.350000e+00
      vertex 1.352575e+01 1.088923e+01 1.016000e+01
    endloop
  endfacet
  facet normal -3.826834e-01 -9.238795e-01 2.343260e-17
    outer loop
      vertex 1.352575e+01 1.088923e+01 1.016000e+01
      vertex 1.323633e+01 1.100911e+01 6.350000e+00
      vertex 1.352575e+01 1.088923e+01 6.350000e+00
    endloop
  endfacet
  facet normal -6.087614e-01 -7.933533e-01 3.727589e-17
    outer loop
      vertex 1.352575e+01 1.088923e+01 1.016000e+01
      vertex 1.352575e+01 1.088923e+01 6.350000e+00
      vertex 1.377428e+01 1.069853e+01 1.016000e+01
    endloop
  endfacet
  facet normal -6.087614e-01 -7.933533e-01 3.727589e-17
    outer loop
      vertex 1.377428e+01 1.069853e+01 1.016000e+01
      vertex 1.352575e+01 1.088923e+01 6.350000e+00
      vertex 1.377428e+01 1.069853e+01 6.350000e+00
    endloop
  endfacet
  facet normal -7.933533e-01 -6.087614e-01 4.857888e-17
    outer loop
      vertex 1.377428e+01 1.069853e+01 1.016000e+01
      vertex 1.377428e+01 1.069853e+01 6.350000e+00
      vertex 1.396498e+01 1.045000e+01 1.016000e+01
    endloop
  endfacet
  facet normal -7.933533e-01 -6.087614e-01 4.857888e-17
    outer loop
      vertex 1.396498e+01 1.045000e+01 1.016000e+01
      vertex 1.377428e+01 1.069853e+01 6.350000e+00
      vertex 1.396498e+01 1.045000e+01 6.350000e+00
    endloop
  endfacet
  facet normal -9.238795e-01 -3.826834e-01 5.657131e-17
    outer loop
      vertex 1.396498e+01 1.045000e+01 1.016000e+01
      vertex 1.396498e+01 1.045000e+01 6.350000e+00
      vertex 1.408486e+01 1.016058e+01 1.016000e+01
    endloop
  endfacet
  facet normal -9.238795e-01 -3.826834e-01 5.657131e-17
    outer loop
      vertex 1.408486e+01 1.016058e+01 1.016000e+01
      vertex 1.396498e+01 1.045000e+01 6.350000e+00
      vertex 1.408486e+01 1.016058e+01 6.350000e+00
    endloop
  endfacet
  facet normal -9.914449e-01 -1.305262e-01 6.070849e-17
    outer loop
      vertex 1.408486e+01 1.016058e+01 1.016000e+01
      vertex 1.408486e+01 1.016058e+01 6.350000e+00
      vertex 1.412575e+01 9.849998e+00 1.016000e+01
    endloop
  endfacet
  facet normal -9.914449e-01 -1.305262e-01 6.070849e-17
    outer loop
      vertex 1.412575e+01 9.849998e+00 1.016000e+01
      vertex 1.408486e+01 1.016058e+01 6.350000e+00
      vertex 1.412575e+01 9.849998e+00 6.350000e+00
    endloop
  endfacet
  facet normal -9.914449e-01 1.305262e-01 6.070849e-17
    outer loop
      vertex 1.412575e+01 9.849998e+00 1.016000e+01
      vertex 1.412575e+01 9.849998e+00 6.350000e+00
      vertex 1.408486e+01 9.539417e+00 1.016000e+01
    endloop
  endfacet
  facet normal -9.914449e-01 1.305262e-01 6.070849e-17
    outer loop
      vertex 1.408486e+01 9.539417e+00 1.016000e+01
      vertex 1.412575e+01 9.849998e+00 6.350000e+00
      vertex 1.408486e+01 9.539417e+00 6.350000e+00
    endloop
  endfacet
  facet normal -9.238795e-01 3.826834e-01 5.657131e-17
    outer loop
      vertex 1.408486e+01 9.539417e+00 1.016000e+01
      vertex 1.408486e+01 9.539417e+00 6.350000e+00
      vertex 1.396498e+01 9.250000e+00 1.016000e+01
    endloop
  endfacet
  facet normal -9.238795e-01 3.826834e-01 5.657131e-17
    outer loop
      vertex 1.396498e+01 9.250000e+00 1.016000e+01
      vertex 1.408486e+01 9.539417e+00 6.350000e+00
      vertex 1.396498e+01 9.250000e+00 6.350000e+00
    endloop
  endfacet
  facet normal -7.933533e-01 6.087614e-01 4.857888e-17
    outer loop
      vertex 1.396498e+01 9.250000e+00 1.016000e+01
      vertex 1.396498e+01 9.250000e+00 6.350000e+00
      vertex 1.377428e+01 9.001471e+00 1.016000e+01
    endloop
  endfacet
  facet normal -7.933533e-01 6.087614e-01 4.857888e-17
    outer loop
      vertex 1.377428e+01 9.001471e+00 1.016000e+01
      vertex 1.396498e+01 9.250000e+00 6.350000e+00
      vertex 1.377428e+01 9.001471e+00 6.350000e+00
    endloop
  endfacet
  facet normal -6.087614e-01 7.933533e-01 3.727589e-17
    outer loop
      vertex 1.377428e+01 9.001471e+00 1.016000e+01
      vertex 1.377428e+01 9.001471e+00 6.350000e+00
      vertex 1.352575e+01 8.810768e+00 1.016000e+01
    endloop
  endfacet
  facet normal -6.087614e-01 7.933533e-01 3.727589e-17
    outer loop
      vertex 1.352575e+01 8.810768e+00 1.016000e+01
      vertex 1.377428e+01 9.001471e+00 6.350000e+00
      vertex 1.352575e+01 8.810768e+00 6.350000e+00
    endloop
  endfacet
  facet normal -3.826834e-01 9.238795e-01 2.343260e-17
    outer loop
      vertex 1.352575e+01 8.810768e+00 1.016000e+01
      vertex 1.352575e+01 8.810768e+00 6.350000e+00
      vertex 1.323633e+01 8.690887e+00 1.016000e+01
    endloop
  endfacet
  facet normal -3.826834e-01 9.238795e-01 2.343260e-17
    outer loop
      vertex 1.323633e+01 8.690887e+00 1.016000e+01
      vertex 1.352575e+01 8.810768e+00 6.350000e+00
      vertex 1.323633e+01 8.690887e+00 6.350000e+00
    endloop
  endfacet
  facet normal -1.305262e-01 9.914449e-01 7.992423e-18
    outer loop
      vertex 1.323633e+01 -1.100911e+01 1.016000e+01
      vertex 1.323633e+01 -1.100911e+01 6.350000e+00
      vertex 1.292575e+01 -1.105000e+01 1.016000e+01
    endloop
  endfacet
  facet normal -1.305262e-01 9.914449e-01 7.992423e-18
    outer loop
      vertex 1.292575e+01 -1.105000e+01 1.016000e+01
      vertex 1.323633e+01 -1.100911e+01 6.350000e+00
      vertex 1.292575e+01 -1.105000e+01 6.350000e+00
    endloop
  endfacet
  facet normal 1.305262e-01 9.914449e-01 -7.992423e-18
    outer loop
      vertex 1.292575e+01 -1.105000e+01 1.016000e+01
      vertex 1.292575e+01 -1.105000e+01 6.350000e+00
      vertex 1.261516e+01 -1.100911e+01 1.016000e+01
    endloop
  endfacet
  facet normal 1.305262e-01 9.914449e-01 -7.992423e-18
    outer loop
      vertex 1.261516e+01 -1.100911e+01 1.016000e+01
      vertex 1.292575e+01 -1.105000e+01 6.350000e+00
      vertex 1.261516e+01 -1.100911e+01 6.350000e+00
    endloop
  endfacet
  facet normal 3.826834e-01 9.238795e-01 -2.343260e-17
    outer loop
      vertex 1.261516e+01 -1.100911e+01 1.016000e+01
      vertex 1.261516e+01 -1.100911e+01 6.350000e+00
      vertex 1.232575e+01 -1.088923e+01 1.016000e+01
    endloop
  endfacet
  facet normal 3.826834e-01 9.238795e-01 -2.343260e-17
    outer loop
      vertex 1.232575e+01 -1.088923e+01 1.016000e+01
      vertex 1.261516e+01 -1.100911e+01 6.350000e+00
      vertex 1.232575e+01 -1.088923e+01 6.350000e+00
    endloop
  endfacet
  facet normal 6.087614e-01 7.933533e-01 -3.727589e-17
    outer loop
      vertex 1.232575e+01 -1.088923e+01 1.016000e+01
      vertex 1.232575e+01 -1.088923e+01 6.350000e+00
      vertex 1.207722e+01 -1.069853e+01 1.016000e+01
    endloop
  endfacet
  facet normal 6.087614e-01 7.933533e-01 -3.727589e-17
    outer loop
      vertex 1.207722e+01 -1.069853e+01 1.016000e+01
      vertex 1.232575e+01 -1.088923e+01 6.350000e+00
      vertex 1.207722e+01 -1.069853e+01 6.350000e+00
    endloop
  endfacet
  facet normal 7.933533e-01 6.087614e-01 -4.857888e-17
    outer loop
      vertex 1.207722e+01 -1.069853e+01 1.016000e+01
      vertex 1.207722e+01 -1.069853e+01 6.350000e+00
      vertex 1.188652e+01 -1.045000e+01 1.016000e+01
    endloop
  endfacet
  facet normal 7.933533e-01 6.087614e-01 2.352473e-16
    outer loop
      vertex 1.188652e+01 -1.045000e+01 1.016000e+01
      vertex 1.207722e+01 -1.069853e+01 6.350000e+00
      vertex 1.188652e+01 -1.045000e+01 6.350000e+00
    endloop
  endfacet
  facet normal 9.238795e-01 3.826834e-01 1.218492e-16
    outer loop
      vertex 1.188652e+01 -1.045000e+01 1.016000e+01
      vertex 1.188652e+01 -1.045000e+01 6.350000e+00
      vertex 1.176663e+01 -1.016058e+01 1.016000e+01
    endloop
  endfacet
  facet normal 9.238795e-01 3.826834e-01 -5.657131e-17
    outer loop
      vertex 1.176663e+01 -1.016058e+01 1.016000e+01
      vertex 1.188652e+01 -1.045000e+01 6.350000e+00
      vertex 1.176663e+01 -1.016058e+01 6.350000e+00
    endloop
  endfacet
  facet normal 9.914449e-01 1.305262e-01 -6.070849e-17
    outer loop
      vertex 1.176663e+01 -1.016058e+01 1.016000e+01
      vertex 1.176663e+01 -1.016058e+01 6.350000e+00
      vertex 1.172575e+01 -9.850000e+00 1.016000e+01
    endloop
  endfacet
  facet normal 9.914449e-01 1.305262e-01 -6.070849e-17
    outer loop
      vertex 1.172575e+01 -9.850000e+00 1.016000e+01
      vertex 1.176663e+01 -1.016058e+01 6.350000e+00
      vertex 1.172575e+01 -9.850000e+00 6.350000e+00
    endloop
  endfacet
  facet normal 9.914449e-01 -1.305262e-01 -6.070849e-17
    outer loop
      vertex 1.172575e+01 -9.850000e+00 1.016000e+01
      vertex 1.172575e+01 -9.850000e+00 6.350000e+00
      vertex 1.176663e+01 -9.539418e+00 1.016000e+01
    endloop
  endfacet
  facet normal 9.914449e-01 -1.305262e-01 -6.070849e-17
    outer loop
      vertex 1.176663e+01 -9.539418e+00 1.016000e+01
      vertex 1.172575e+01 -9.850000e+00 6.350000e+00
      vertex 1.176663e+01 -9.539418e+00 6.350000e+00
    endloop
  endfacet
  facet normal 9.238795e-01 -3.826834e-01 -5.657131e-17
    outer loop
      vertex 1.176663e+01 -9.539418e+00 1.016000e+01
      vertex 1.176663e+01 -9.539418e+00 6.350000e+00
      vertex 1.188652e+01 -9.250001e+00 1.016000e+01
    endloop
  endfacet
  facet normal 9.238795e-01 -3.826834e-01 -2.349918e-16
    outer loop
      vertex 1.188652e+01 -9.250001e+00 1.016000e+01
      vertex 1.176663e+01 -9.539418e+00 6.350000e+00
      vertex 1.188652e+01 -9.250001e+00 6.350000e+00
    endloop
  endfacet
  facet normal 7.933533e-01 -6.087614e-01 -3.324050e-16
    outer loop
      vertex 1.188652e+01 -9.250001e+00 1.016000e+01
      vertex 1.188652e+01 -9.250001e+00 6.350000e+00
      vertex 1.207722e+01 -9.001472e+00 1.016000e+01
    endloop
  endfacet
  facet normal 7.933533e-01 -6.087614e-01 -4.857888e-17
    outer loop
      vertex 1.207722e+01 -9.001472e+00 1.016000e+01
      vertex 1.188652e+01 -9.250001e+00 6.350000e+00
      vertex 1.207722e+01 -9.001472e+00 6.350000e+00
    endloop
  endfacet
  facet normal 6.087614e-01 -7.933533e-01 -3.727589e-17
    outer loop
      vertex 1.207722e+01 -9.001472e+00 1.016000e+01
      vertex 1.207722e+01 -9.001472e+00 6.350000e+00
      vertex 1.232575e+01 -8.810770e+00 1.016000e+01
    endloop
  endfacet
  facet normal 6.087614e-01 -7.933533e-01 -3.727589e-17
    outer loop
      vertex 1.232575e+01 -8.810770e+00 1.016000e+01
      vertex 1.207722e+01 -9.001472e+00 6.350000e+00
      vertex 1.232575e+01 -8.810770e+00 6.350000e+00
    endloop
  endfacet
  facet normal 3.826834e-01 -9.238795e-01 -2.343260e-17
    outer loop
      vertex 1.232575e+01 -8.810770e+00 1.016000e+01
      vertex 1.232575e+01 -8.810770e+00 6.350000e+00
      vertex 1.261516e+01 -8.690889e+00 1.016000e+01
    endloop
  endfacet
  facet normal 3.826834e-01 -9.238795e-01 -2.343260e-17
    outer loop
      vertex 1.261516e+01 -8.690889e+00 1.016000e+01
      vertex 1.232575e+01 -8.810770e+00 6.350000e+00
      vertex 1.261516e+01 -8.690889e+00 6.350000e+00
    endloop
  endfacet
  facet normal 1.305262e-01 -9.914449e-01 -7.992423e-18
    outer loop
      vertex 1.261516e+01 -8.690889e+00 1.016000e+01
      vertex 1.261516e+01 -8.690889e+00 6.350000e+00
      vertex 1.292575e+01 -8.650001e+00 1.016000e+01
    endloop
  endfacet
  facet normal 1.305262e-01 -9.914449e-01 -7.992423e-18
    outer loop
      vertex 1.292575e+01 -8.650001e+00 1.016000e+01
      vertex 1.261516e+01 -8.690889e+00 6.350000e+00
      vertex 1.292575e+01 -8.650001e+00 6.350000e+00
    endloop
  endfacet
  facet normal -1.305262e-01 -9.914449e-01 7.992423e-18
    outer loop
      vertex 1.292575e+01 -8.650001e+00 1.016000e+01
      vertex 1.292575e+01 -8.650001e+00 6.350000e+00
      vertex 1.323633e+01 -8.690889e+00 1.016000e+01
    endloop
  endfacet
  facet normal -1.305262e-01 -9.914449e-01 7.992423e-18
    outer loop
      vertex 1.323633e+01 -8.690889e+00 1.016000e+01
      vertex 1.292575e+01 -8.650001e+00 6.350000e+00
      vertex 1.323633e+01 -8.690889e+00 6.350000e+00
    endloop
  endfacet
  facet normal -3.826834e-01 -9.238795e-01 2.343260e-17
    outer loop
      vertex 1.323633e+01 -8.690889e+00 1.016000e+01
      vertex 1.323633e+01 -8.690889e+00 6.350000e+00
      vertex 1.352575e+01 -8.810770e+00 1.016000e+01
    endloop
  endfacet
  facet normal -3.826834e-01 -9.238795e-01 2.343260e-17
    outer loop
      vertex 1.352575e+01 -8.810770e+00 1.016000e+01
      vertex 1.323633e+01 -8.690889e+00 6.350000e+00
      vertex 1.352575e+01 -8.810770e+00 6.350000e+00
    endloop
  endfacet
  facet normal -6.087614e-01 -7.933533e-01 3.727589e-17
    outer loop
      vertex 1.352575e+01 -8.810770e+00 1.016000e+01
      vertex 1.352575e+01 -8.810770e+00 6.350000e+00
      vertex 1.377428e+01 -9.001472e+00 1.016000e+01
    endloop
  endfacet
  facet normal -6.087614e-01 -7.933533e-01 3.727589e-17
    outer loop
      vertex 1.377428e+01 -9.001472e+00 1.016000e+01
      vertex 1.352575e+01 -8.810770e+00 6.350000e+00
      vertex 1.377428e+01 -9.001472e+00 6.350000e+00
    endloop
  endfacet
  facet normal -7.933533e-01 -6.087614e-01 4.857888e-17
    outer loop
      vertex 1.377428e+01 -9.001472e+00 1.016000e+01
      vertex 1.377428e+01 -9.001472e+00 6.350000e+00
      vertex 1.396498e+01 -9.250001e+00 1.016000e+01
    endloop
  endfacet
  facet normal -7.933533e-01 -6.087614e-01 3.324050e-16
    outer loop
      vertex 1.396498e+01 -9.250001e+00 1.016000e+01
      vertex 1.377428e+01 -9.001472e+00 6.350000e+00
      vertex 1.396498e+01 -9.250001e+00 6.350000e+00
    endloop
  endfacet
  facet normal -9.238795e-01 -3.826834e-01 2.349918e-16
    outer loop
      vertex 1.396498e+01 -9.250001e+00 1.016000e+01
      vertex 1.396498e+01 -9.250001e+00 6.350000e+00
      vertex 1.408486e+01 -9.539418e+00 1.016000e+01
    endloop
  endfacet
  facet normal -9.238795e-01 -3.826834e-01 5.657131e-17
    outer loop
      vertex 1.408486e+01 -9.539418e+00 1.016000e+01
      vertex 1.396498e+01 -9.250001e+00 6.350000e+00
      vertex 1.408486e+01 -9.539418e+00 6.350000e+00
    endloop
  endfacet
  facet normal -9.914449e-01 -1.305262e-01 6.070849e-17
    outer loop
      vertex 1.408486e+01 -9.539418e+00 1.016000e+01
      vertex 1.408486e+01 -9.539418e+00 6.350000e+00
      vertex 1.412575e+01 -9.850000e+00 1.016000e+01
    endloop
  endfacet
  facet normal -9.914449e-01 -1.305262e-01 6.070849e-17
    outer loop
      vertex 1.412575e+01 -9.850000e+00 1.016000e+01
      vertex 1.408486e+01 -9.539418e+00 6.350000e+00
      vertex 1.412575e+01 -9.850000e+00 6.350000e+00
    endloop
  endfacet
  facet normal -9.914449e-01 1.305262e-01 6.070849e-17
    outer loop
      vertex 1.412575e+01 -9.850000e+00 1.016000e+01
      vertex 1.412575e+01 -9.850000e+00 6.350000e+00
      vertex 1.408486e+01 -1.016058e+01 1.016000e+01
    endloop
  endfacet
  facet normal -9.914449e-01 1.305262e-01 6.070849e-17
    outer loop
      vertex 1.408486e+01 -1.016058e+01 1.016000e+01
      vertex 1.412575e+01 -9.850000e+00 6.350000e+00
      vertex 1.408486e+01 -1.016058e+01 6.350000e+00
    endloop
  endfacet
  facet normal -9.238795e-01 3.826834e-01 5.657131e-17
    outer loop
      vertex 1.408486e+01 -1.016058e+01 1.016000e+01
      vertex 1.408486e+01 -1.016058e+01 6.350000e+00
      vertex 1.396498e+01 -1.045000e+01 1.016000e+01
    endloop
  endfacet
  facet normal -9.238795e-01 3.826834e-01 -1.218492e-16
    outer loop
      vertex 1.396498e+01 -1.045000e+01 1.016000e+01
      vertex 1.408486e+01 -1.016058e+01 6.350000e+00
      vertex 1.396498e+01 -1.045000e+01 6.350000e+00
    endloop
  endfacet
  facet normal -7.933533e-01 6.087614e-01 -2.352473e-16
    outer loop
      vertex 1.396498e+01 -1.045000e+01 1.016000e+01
      vertex 1.396498e+01 -1.045000e+01 6.350000e+00
      vertex 1.377428e+01 -1.069853e+01 1.016000e+01
    endloop
  endfacet
  facet normal -7.933533e-01 6.087614e-01 4.857888e-17
    outer loop
      vertex 1.377428e+01 -1.069853e+01 1.016000e+01
      vertex 1.396498e+01 -1.045000e+01 6.350000e+00
      vertex 1.377428e+01 -1.069853e+01 6.350000e+00
    endloop
  endfacet
  facet normal -6.087614e-01 7.933533e-01 3.727589e-17
    outer loop
      vertex 1.377428e+01 -1.069853e+01 1.016000e+01
      vertex 1.377428e+01 -1.069853e+01 6.350000e+00
      vertex 1.352575e+01 -1.088923e+01 1.016000e+01
    endloop
  endfacet
  facet normal -6.087614e-01 7.933533e-01 3.727589e-17
    outer loop
      vertex 1.352575e+01 -1.088923e+01 1.016000e+01
      vertex 1.377428e+01 -1.069853e+01 6.350000e+00
      vertex 1.352575e+01 -1.088923e+01 6.350000e+00
    endloop
  endfacet
  facet normal -3.826834e-01 9.238795e-01 2.343260e-17
    outer loop
      vertex 1.352575e+01 -1.088923e+01 1.016000e+01
      vertex 1.352575e+01 -1.088923e+01 6.350000e+00
      vertex 1.323633e+01 -1.100911e+01 1.016000e+01
    endloop
  endfacet
  facet normal -3.826834e-01 9.238795e-01 2.343260e-17
    outer loop
      vertex 1.323633e+01 -1.100911e+01 1.016000e+01
      vertex 1.352575e+01 -1.088923e+01 6.350000e+00
      vertex 1.323633e+01 -1.100911e+01 6.350000e+00
    endloop
  endfacet
  facet normal -6.123234e-17 0.000000e+00 -1.000000e+00
    outer loop
      vertex -2.848372e-01 8.690887e+00 6.350000e+00
      vertex 2.574587e-02 8.650000e+00 6.350000e+00
      vertex 2.125746e+00 7.750000e+00 6.350000e+00
    endloop
  endfacet
  facet normal -6.123234e-17 0.000000e+00 -1.000000e+00
    outer loop
      vertex 2.125746e+00 7.750000e+00 6.350000e+00
      vertex 2.574587e-02 8.650000e+00 6.350000e+00
      vertex 3.363290e-01 8.690887e+00 6.350000e+00
    endloop
  endfacet
  facet normal -6.123234e-17 0.000000e+00 -1.000000e+00
    outer loop
      vertex 2.125746e+00 7.750000e+00 6.350000e+00
      vertex 3.363290e-01 8.690887e+00 6.350000e+00
      vertex 6.257463e-01 8.810768e+00 6.350000e+00
    endloop
  endfacet
  facet normal -6.123234e-17 0.000000e+00 -1.000000e+00
    outer loop
      vertex 6.257463e-01 8.810768e+00 6.350000e+00
      vertex 8.742738e-01 9.001471e+00 6.350000e+00
      vertex 2.125746e+00 7.750000e+00 6.350000e+00
    endloop
  endfacet
  facet normal -6.123234e-17 0.000000e+00 -1.000000e+00
    outer loop
      vertex 2.125746e+00 7.750000e+00 6.350000e+00
      vertex 8.742738e-01 9.001471e+00 6.350000e+00
      vertex 1.064976e+00 9.250000e+00 6.350000e+00
    endloop
  endfacet
  facet normal -6.123234e-17 0.000000e+00 -1.000000e+00
    outer loop
      vertex 2.125746e+00 7.750000e+00 6.350000e+00
      vertex 1.064976e+00 9.250000e+00 6.350000e+00
      vertex 1.184857e+00 9.539417e+00 6.350000e+00
    endloop
  endfacet
  facet normal -6.123234e-17 0.000000e+00 -1.000000e+00
    outer loop
      vertex 1.184857e+00 9.539417e+00 6.350000e+00
      vertex 1.225747e+00 9.849998e+00 6.350000e+00
      vertex 2.125746e+00 7.750000e+00 6.350000e+00
    endloop
  endfacet
  facet normal -6.123234e-17 0.000000e+00 -1.000000e+00
    outer loop
      vertex 2.125746e+00 7.750000e+00 6.350000e+00
      vertex 1.225747e+00 9.849998e+00 6.350000e+00
      vertex 1.184857e+00 1.016058e+01 6.350000e+00
    endloop
  endfacet
  facet normal -6.123234e-17 0.000000e+00 -1.000000e+00
    outer loop
      vertex 2.125746e+00 7.750000e+00 6.350000e+00
      vertex 1.184857e+00 1.016058e+01 6.350000e+00
      vertex 1.176663e+01 1.016058e+01 6.350000e+00
    endloop
  endfacet
  facet normal -6.123234e-17 0.000000e+00 -1.000000e+00
    outer loop
      vertex 1.176663e+01 1.016058e+01 6.350000e+00
      vertex 1.184857e+00 1.016058e+01 6.350000e+00
      vertex 1.188652e+01 1.045000e+01 6.350000e+00
    endloop
  endfacet
  facet normal -6.123234e-17 0.000000e+00 -1.000000e+00
    outer loop
      vertex 1.188652e+01 1.045000e+01 6.350000e+00
      vertex 1.184857e+00 1.016058e+01 6.350000e+00
      vertex 1.064976e+00 1.045000e+01 6.350000e+00
    endloop
  endfacet
  facet normal -6.123234e-17 0.000000e+00 -1.000000e+00
    outer loop
      vertex 1.188652e+01 1.045000e+01 6.350000e+00
      vertex 1.064976e+00 1.045000e+01 6.350000e+00
      vertex 8.742738e-01 1.069853e+01 6.350000e+00
    endloop
  endfacet
  facet normal -6.123234e-17 0.000000e+00 -1.000000e+00
    outer loop
      vertex 1.188652e+01 1.045000e+01 6.350000e+00
      vertex 8.742738e-01 1.069853e+01 6.350000e+00
      vertex 1.207722e+01 1.069853e+01 6.350000e+00
    endloop
  endfacet
  facet normal -6.123234e-17 0.000000e+00 -1.000000e+00
    outer loop
      vertex 1.207722e+01 1.069853e+01 6.350000e+00
      vertex 8.742738e-01 1.069853e+01 6.350000e+00
      vertex 6.257463e-01 1.088923e+01 6.350000e+00
    endloop
  endfacet
  facet normal -6.123234e-17 0.000000e+00 -1.000000e+00
    outer loop
      vertex 1.207722e+01 1.069853e+01 6.350000e+00
      vertex 6.257463e-01 1.088923e+01 6.350000e+00
      vertex 1.232575e+01 1.088923e+01 6.350000e+00
    endloop
  endfacet
  facet normal -6.123234e-17 0.000000e+00 -1.000000e+00
    outer loop
      vertex 1.232575e+01 1.088923e+01 6.350000e+00
      vertex 6.257463e-01 1.088923e+01 6.350000e+00
      vertex 1.777875e+01 2.286000e+01 6.350000e+00
    endloop
  endfacet
  facet normal -6.123234e-17 0.000000e+00 -1.000000e+00
    outer loop
      vertex 1.232575e+01 1.088923e+01 6.350000e+00
      vertex 1.777875e+01 2.286000e+01 6.350000e+00
      vertex 1.261516e+01 1.100911e+01 6.350000e+00
    endloop
  endfacet
  facet normal -6.123234e-17 0.000000e+00 -1.000000e+00
    outer loop
      vertex 1.261516e+01 1.100911e+01 6.350000e+00
      vertex 1.777875e+01 2.286000e+01 6.350000e+00
      vertex 1.292575e+01 1.105000e+01 6.350000e+00
    endloop
  endfacet
  facet normal -6.123234e-17 0.000000e+00 -1.000000e+00
    outer loop
      vertex 1.292575e+01 1.105000e+01 6.350000e+00
      vertex 1.777875e+01 2.286000e+01 6.350000e+00
      vertex 1.323633e+01 1.100911e+01 6.350000e+00
    endloop
  endfacet
  facet normal -6.123234e-17 0.000000e+00 -1.000000e+00
    outer loop
      vertex 1.323633e+01 1.100911e+01 6.350000e+00
      vertex 1.777875e+01 2.286000e+01 6.350000e+00
      vertex 1.352575e+01 1.088923e+01 6.350000e+00
    endloop
  endfacet
  facet normal -6.123234e-17 0.000000e+00 -1.000000e+00
    outer loop
      vertex 1.352575e+01 1.088923e+01 6.350000e+00
      vertex 1.777875e+01 2.286000e+01 6.350000e+00
      vertex 1.377428e+01 1.069853e+01 6.350000e+00
    endloop
  endfacet
  facet normal -6.123234e-17 0.000000e+00 -1.000000e+00
    outer loop
      vertex 1.377428e+01 1.069853e+01 6.350000e+00
      vertex 1.777875e+01 2.286000e+01 6.350000e+00
      vertex 1.396498e+01 1.045000e+01 6.350000e+00
    endloop
  endfacet
  facet normal -6.123234e-17 0.000000e+00 -1.000000e+00
    outer loop
      vertex 1.396498e+01 1.045000e+01 6.350000e+00
      vertex 1.777875e+01 2.286000e+01 6.350000e+00
      vertex 1.408486e+01 1.016058e+01 6.350000e+00
    endloop
  endfacet
  facet normal -6.123234e-17 0.000000e+00 -1.000000e+00
    outer loop
      vertex 1.408486e+01 1.016058e+01 6.350000e+00
      vertex 1.777875e+01 2.286000e+01 6.350000e+00
      vertex 1.412575e+01 9.849998e+00 6.350000e+00
    endloop
  endfacet
  facet normal -6.123234e-17 -0.000000e+00 -1.000000e+00
    outer loop
      vertex 1.412575e+01 9.849998e+00 6.350000e+00
      vertex 1.777875e+01 2.286000e+01 6.350000e+00
      vertex 1.408486e+01 9.539417e+00 6.350000e+00
    endloop
  endfacet
  facet normal -6.123234e-17 0.000000e+00 -1.000000e+00
    outer loop
      vertex 1.408486e+01 9.539417e+00 6.350000e+00
      vertex 1.777875e+01 2.286000e+01 6.350000e+00
      vertex 1.777875e+01 -2.286000e+01 6.350000e+00
    endloop
  endfacet
  facet normal -6.123234e-17 0.000000e+00 -1.000000e+00
    outer loop
      vertex 1.408486e+01 9.539417e+00 6.350000e+00
      vertex 1.777875e+01 -2.286000e+01 6.350000e+00
      vertex 1.408486e+01 -9.539418e+00 6.350000e+00
    endloop
  endfacet
  facet normal -6.123234e-17 0.000000e+00 -1.000000e+00
    outer loop
      vertex 1.408486e+01 -9.539418e+00 6.350000e+00
      vertex 1.777875e+01 -2.286000e+01 6.350000e+00
      vertex 1.412575e+01 -9.850000e+00 6.350000e+00
    endloop
  endfacet
  facet normal -6.123234e-17 0.000000e+00 -1.000000e+00
    outer loop
      vertex 1.412575e+01 -9.850000e+00 6.350000e+00
      vertex 1.777875e+01 -2.286000e+01 6.350000e+00
      vertex 1.408486e+01 -1.016058e+01 6.350000e+00
    endloop
  endfacet
  facet normal -6.123234e-17 0.000000e+00 -1.000000e+00
    outer loop
      vertex 1.408486e+01 -1.016058e+01 6.350000e+00
      vertex 1.777875e+01 -2.286000e+01 6.350000e+00
      vertex 1.396498e+01 -1.045000e+01 6.350000e+00
    endloop
  endfacet
  facet normal -6.123234e-17 0.000000e+00 -1.000000e+00
    outer loop
      vertex 1.396498e+01 -1.045000e+01 6.350000e+00
      vertex 1.777875e+01 -2.286000e+01 6.350000e+00
      vertex 1.377428e+01 -1.069853e+01 6.350000e+00
    endloop
  endfacet
  facet normal -6.123234e-17 0.000000e+00 -1.000000e+00
    outer loop
      vertex 1.377428e+01 -1.069853e+01 6.350000e+00
      vertex 1.777875e+01 -2.286000e+01 6.350000e+00
      vertex 1.352575e+01 -1.088923e+01 6.350000e+00
    endloop
  endfacet
  facet normal -6.123234e-17 0.000000e+00 -1.000000e+00
    outer loop
      vertex 1.352575e+01 -1.088923e+01 6.350000e+00
      vertex 1.777875e+01 -2.286000e+01 6.350000e+00
      vertex 1.323633e+01 -1.100911e+01 6.350000e+00
    endloop
  endfacet
  facet normal -6.123234e-17 0.000000e+00 -1.000000e+00
    outer loop
      vertex 1.323633e+01 -1.100911e+01 6.350000e+00
      vertex 1.777875e+01 -2.286000e+01 6.350000e+00
      vertex 1.292575e+01 -1.105000e+01 6.350000e+00
    endloop
  endfacet
  facet normal -6.123234e-17 0.000000e+00 -1.000000e+00
    outer loop
      vertex 1.292575e+01 -1.105000e+01 6.350000e+00
      vertex 1.777875e+01 -2.286000e+01 6.350000e+00
      vertex 1.261516e+01 -1.100911e+01 6.350000e+00
    endloop
  endfacet
  facet normal -6.123234e-17 0.000000e+00 -1.000000e+00
    outer loop
      vertex 1.261516e+01 -1.100911e+01 6.350000e+00
      vertex 1.777875e+01 -2.286000e+01 6.350000e+00
      vertex 1.232575e+01 -1.088923e+01 6.350000e+00
    endloop
  endfacet
  facet normal -6.123234e-17 0.000000e+00 -1.000000e+00
    outer loop
      vertex 1.232575e+01 -1.088923e+01 6.350000e+00
      vertex 1.777875e+01 -2.286000e+01 6.350000e+00
      vertex 6.257463e-01 -1.088923e+01 6.350000e+00
    endloop
  endfacet
  facet normal -6.123234e-17 0.000000e+00 -1.000000e+00
    outer loop
      vertex 1.232575e+01 -1.088923e+01 6.350000e+00
      vertex 6.257463e-01 -1.088923e+01 6.350000e+00
      vertex 1.207722e+01 -1.069853e+01 6.350000e+00
    endloop
  endfacet
  facet normal -6.123234e-17 0.000000e+00 -1.000000e+00
    outer loop
      vertex 1.207722e+01 -1.069853e+01 6.350000e+00
      vertex 6.257463e-01 -1.088923e+01 6.350000e+00
      vertex 8.742738e-01 -1.069853e+01 6.350000e+00
    endloop
  endfacet
  facet normal -6.123234e-17 0.000000e+00 -1.000000e+00
    outer loop
      vertex 1.207722e+01 -1.069853e+01 6.350000e+00
      vertex 8.742738e-01 -1.069853e+01 6.350000e+00
      vertex 1.188652e+01 -1.045000e+01 6.350000e+00
    endloop
  endfacet
  facet normal -6.123234e-17 0.000000e+00 -1.000000e+00
    outer loop
      vertex 1.188652e+01 -1.045000e+01 6.350000e+00
      vertex 8.742738e-01 -1.069853e+01 6.350000e+00
      vertex 1.064976e+00 -1.045000e+01 6.350000e+00
    endloop
  endfacet
  facet normal -6.123234e-17 0.000000e+00 -1.000000e+00
    outer loop
      vertex 1.188652e+01 -1.045000e+01 6.350000e+00
      vertex 1.064976e+00 -1.045000e+01 6.350000e+00
      vertex 1.184857e+00 -1.016058e+01 6.350000e+00
    endloop
  endfacet
  facet normal -6.123234e-17 0.000000e+00 -1.000000e+00
    outer loop
      vertex 6.257463e-01 1.088923e+01 6.350000e+00
      vertex 3.363290e-01 1.100911e+01 6.350000e+00
      vertex 1.777875e+01 2.286000e+01 6.350000e+00
    endloop
  endfacet
  facet normal -6.123234e-17 0.000000e+00 -1.000000e+00
    outer loop
      vertex 1.777875e+01 2.286000e+01 6.350000e+00
      vertex 3.363290e-01 1.100911e+01 6.350000e+00
      vertex -6.440315e+00 1.476155e+01 6.350000e+00
    endloop
  endfacet
  facet normal -6.123234e-17 0.000000e+00 -1.000000e+00
    outer loop
      vertex 1.777875e+01 2.286000e+01 6.350000e+00
      vertex -6.440315e+00 1.476155e+01 6.350000e+00
      vertex -6.974750e+00 1.525429e+01 6.350000e+00
    endloop
  endfacet
  facet normal -6.123234e-17 0.000000e+00 -1.000000e+00
    outer loop
      vertex 3.363290e-01 1.100911e+01 6.350000e+00
      vertex 2.574587e-02 1.105000e+01 6.350000e+00
      vertex -6.440315e+00 1.476155e+01 6.350000e+00
    endloop
  endfacet
  facet normal -6.123234e-17 0.000000e+00 -1.000000e+00
    outer loop
      vertex -6.440315e+00 1.476155e+01 6.350000e+00
      vertex 2.574587e-02 1.105000e+01 6.350000e+00
      vertex -5.963273e+00 1.421305e+01 6.350000e+00
    endloop
  endfacet
  facet normal -6.123234e-17 0.000000e+00 -1.000000e+00
    outer loop
      vertex -5.963273e+00 1.421305e+01 6.350000e+00
      vertex 2.574587e-02 1.105000e+01 6.350000e+00
      vertex -5.549404e+00 1.361545e+01 6.350000e+00
    endloop
  endfacet
  facet normal -6.123234e-17 0.000000e+00 -1.000000e+00
    outer loop
      vertex -5.549404e+00 1.361545e+01 6.350000e+00
      vertex 2.574587e-02 1.105000e+01 6.350000e+00
      vertex -2.848372e-01 1.100911e+01 6.350000e+00
    endloop
  endfacet
  facet normal -6.123234e-17 0.000000e+00 -1.000000e+00
    outer loop
      vertex -5.549404e+00 1.361545e+01 6.350000e+00
      vertex -2.848372e-01 1.100911e+01 6.350000e+00
      vertex -5.203722e+00 1.297598e+01 6.350000e+00
    endloop
  endfacet
  facet normal -6.123234e-17 0.000000e+00 -1.000000e+00
    outer loop
      vertex -5.203722e+00 1.297598e+01 6.350000e+00
      vertex -2.848372e-01 1.100911e+01 6.350000e+00
      vertex -5.742545e-01 1.088923e+01 6.350000e+00
    endloop
  endfacet
  facet normal -6.123234e-17 0.000000e+00 -1.000000e+00
    outer loop
      vertex -5.203722e+00 1.297598e+01 6.350000e+00
      vertex -5.742545e-01 1.088923e+01 6.350000e+00
      vertex -4.930417e+00 1.230239e+01 6.350000e+00
    endloop
  endfacet
  facet normal -6.123234e-17 0.000000e+00 -1.000000e+00
    outer loop
      vertex -4.930417e+00 1.230239e+01 6.350000e+00
      vertex -5.742545e-01 1.088923e+01 6.350000e+00
      vertex -8.227820e-01 1.069853e+01 6.350000e+00
    endloop
  endfacet
  facet normal -6.123234e-17 0.000000e+00 -1.000000e+00
    outer loop
      vertex -4.930417e+00 1.230239e+01 6.350000e+00
      vertex -8.227820e-01 1.069853e+01 6.350000e+00
      vertex -4.732798e+00 1.160285e+01 6.350000e+00
    endloop
  endfacet
  facet normal -6.123234e-17 0.000000e+00 -1.000000e+00
    outer loop
      vertex -4.732798e+00 1.160285e+01 6.350000e+00
      vertex -8.227820e-01 1.069853e+01 6.350000e+00
      vertex -1.013484e+00 1.045000e+01 6.350000e+00
    endloop
  endfacet
  facet normal -6.123234e-17 0.000000e+00 -1.000000e+00
    outer loop
      vertex -4.732798e+00 1.160285e+01 6.350000e+00
      vertex -1.013484e+00 1.045000e+01 6.350000e+00
      vertex -4.613261e+00 1.088582e+01 6.350000e+00
    endloop
  endfacet
  facet normal -6.123234e-17 0.000000e+00 -1.000000e+00
    outer loop
      vertex -4.613261e+00 1.088582e+01 6.350000e+00
      vertex -1.013484e+00 1.045000e+01 6.350000e+00
      vertex -1.133365e+00 1.016058e+01 6.350000e+00
    endloop
  endfacet
  facet normal -6.123234e-17 0.000000e+00 -1.000000e+00
    outer loop
      vertex -4.613261e+00 1.088582e+01 6.350000e+00
      vertex -1.133365e+00 1.016058e+01 6.350000e+00
      vertex -4.573253e+00 1.016000e+01 6.350000e+00
    endloop
  endfacet
  facet normal -6.123234e-17 0.000000e+00 -1.000000e+00
    outer loop
      vertex -4.573253e+00 1.016000e+01 6.350000e+00
      vertex -1.133365e+00 1.016058e+01 6.350000e+00
      vertex -1.174253e+00 9.849998e+00 6.350000e+00
    endloop
  endfacet
  facet normal -6.123234e-17 0.000000e+00 -1.000000e+00
    outer loop
      vertex -4.573253e+00 1.016000e+01 6.350000e+00
      vertex -1.174253e+00 9.849998e+00 6.350000e+00
      vertex -4.613261e+00 9.434177e+00 6.350000e+00
    endloop
  endfacet
  facet normal -6.123234e-17 0.000000e+00 -1.000000e+00
    outer loop
      vertex -4.613261e+00 9.434177e+00 6.350000e+00
      vertex -1.174253e+00 9.849998e+00 6.350000e+00
      vertex -1.133365e+00 9.539417e+00 6.350000e+00
    endloop
  endfacet
  facet normal -6.123234e-17 -0.000000e+00 -1.000000e+00
    outer loop
      vertex -4.613261e+00 9.434177e+00 6.350000e+00
      vertex -1.133365e+00 9.539417e+00 6.350000e+00
      vertex -4.732798e+00 8.717152e+00 6.350000e+00
    endloop
  endfacet
  facet normal -6.123234e-17 0.000000e+00 -1.000000e+00
    outer loop
      vertex -4.732798e+00 8.717152e+00 6.350000e+00
      vertex -1.133365e+00 9.539417e+00 6.350000e+00
      vertex -1.013484e+00 9.250000e+00 6.350000e+00
    endloop
  endfacet
  facet normal -6.123234e-17 -0.000000e+00 -1.000000e+00
    outer loop
      vertex -4.732798e+00 8.717152e+00 6.350000e+00
      vertex -1.013484e+00 9.250000e+00 6.350000e+00
      vertex -4.930417e+00 8.017607e+00 6.350000e+00
    endloop
  endfacet
  facet normal -6.123234e-17 0.000000e+00 -1.000000e+00
    outer loop
      vertex -4.930417e+00 8.017607e+00 6.350000e+00
      vertex -1.013484e+00 9.250000e+00 6.350000e+00
      vertex -8.227820e-01 9.001471e+00 6.350000e+00
    endloop
  endfacet
  facet normal -6.123234e-17 -0.000000e+00 -1.000000e+00
    outer loop
      vertex -4.930417e+00 8.017607e+00 6.350000e+00
      vertex -8.227820e-01 9.001471e+00 6.350000e+00
      vertex -5.203722e+00 7.344021e+00 6.350000e+00
    endloop
  endfacet
  facet normal -6.123234e-17 0.000000e+00 -1.000000e+00
    outer loop
      vertex -5.203722e+00 7.344021e+00 6.350000e+00
      vertex -8.227820e-01 9.001471e+00 6.350000e+00
      vertex -5.742545e-01 8.810768e+00 6.350000e+00
    endloop
  endfacet
  facet normal -6.123234e-17 -0.000000e+00 -1.000000e+00
    outer loop
      vertex -5.203722e+00 7.344021e+00 6.350000e+00
      vertex -5.742545e-01 8.810768e+00 6.350000e+00
      vertex -5.549404e+00 6.704552e+00 6.350000e+00
    endloop
  endfacet
  facet normal -6.123234e-17 0.000000e+00 -1.000000e+00
    outer loop
      vertex -5.549404e+00 6.704552e+00 6.350000e+00
      vertex -5.742545e-01 8.810768e+00 6.350000e+00
      vertex -2.848372e-01 8.690887e+00 6.350000e+00
    endloop
  endfacet
  facet normal -6.123234e-17 -0.000000e+00 -1.000000e+00
    outer loop
      vertex -5.549404e+00 6.704552e+00 6.350000e+00
      vertex -2.848372e-01 8.690887e+00 6.350000e+00
      vertex -5.963273e+00 6.106949e+00 6.350000e+00
    endloop
  endfacet
  facet normal -6.123234e-17 0.000000e+00 -1.000000e+00
    outer loop
      vertex -5.963273e+00 6.106949e+00 6.350000e+00
      vertex -2.848372e-01 8.690887e+00 6.350000e+00
      vertex -2.848372e-01 -8.690889e+00 6.350000e+00
    endloop
  endfacet
  facet normal -6.123234e-17 0.000000e+00 -1.000000e+00
    outer loop
      vertex -5.963273e+00 6.106949e+00 6.350000e+00
      vertex -2.848372e-01 -8.690889e+00 6.350000e+00
      vertex -5.963273e+00 -6.106951e+00 6.350000e+00
    endloop
  endfacet
  facet normal -6.123234e-17 0.000000e+00 -1.000000e+00
    outer loop
      vertex -5.963273e+00 -6.106951e+00 6.350000e+00
      vertex -2.848372e-01 -8.690889e+00 6.350000e+00
      vertex -5.549404e+00 -6.704552e+00 6.350000e+00
    endloop
  endfacet
  facet normal -6.123234e-17 0.000000e+00 -1.000000e+00
    outer loop
      vertex -5.549404e+00 -6.704552e+00 6.350000e+00
      vertex -2.848372e-01 -8.690889e+00 6.350000e+00
      vertex -5.742545e-01 -8.810770e+00 6.350000e+00
    endloop
  endfacet
  facet normal -6.123234e-17 0.000000e+00 -1.000000e+00
    outer loop
      vertex -5.549404e+00 -6.704552e+00 6.350000e+00
      vertex -5.742545e-01 -8.810770e+00 6.350000e+00
      vertex -5.203722e+00 -7.344021e+00 6.350000e+00
    endloop
  endfacet
  facet normal -6.123234e-17 0.000000e+00 -1.000000e+00
    outer loop
      vertex -5.203722e+00 -7.344021e+00 6.350000e+00
      vertex -5.742545e-01 -8.810770e+00 6.350000e+00
      vertex -8.227820e-01 -9.001472e+00 6.350000e+00
    endloop
  endfacet
  facet normal -6.123234e-17 0.000000e+00 -1.000000e+00
    outer loop
      vertex -5.203722e+00 -7.344021e+00 6.350000e+00
      vertex -8.227820e-01 -9.001472e+00 6.350000e+00
      vertex -4.930417e+00 -8.017609e+00 6.350000e+00
    endloop
  endfacet
  facet normal -6.123234e-17 0.000000e+00 -1.000000e+00
    outer loop
      vertex -4.930417e+00 -8.017609e+00 6.350000e+00
      vertex -8.227820e-01 -9.001472e+00 6.350000e+00
      vertex -1.013484e+00 -9.250001e+00 6.350000e+00
    endloop
  endfacet
  facet normal -6.123234e-17 0.000000e+00 -1.000000e+00
    outer loop
      vertex -4.930417e+00 -8.017609e+00 6.350000e+00
      vertex -1.013484e+00 -9.250001e+00 6.350000e+00
      vertex -4.732798e+00 -8.717154e+00 6.350000e+00
    endloop
  endfacet
  facet normal -6.123234e-17 0.000000e+00 -1.000000e+00
    outer loop
      vertex -4.732798e+00 -8.717154e+00 6.350000e+00
      vertex -1.013484e+00 -9.250001e+00 6.350000e+00
      vertex -1.133365e+00 -9.539418e+00 6.350000e+00
    endloop
  endfacet
  facet normal -6.123234e-17 0.000000e+00 -1.000000e+00
    outer loop
      vertex -4.732798e+00 -8.717154e+00 6.350000e+00
      vertex -1.133365e+00 -9.539418e+00 6.350000e+00
      vertex -4.613261e+00 -9.434180e+00 6.350000e+00
    endloop
  endfacet
  facet normal -6.123234e-17 0.000000e+00 -1.000000e+00
    outer loop
      vertex -4.613261e+00 -9.434180e+00 6.350000e+00
      vertex -1.133365e+00 -9.539418e+00 6.350000e+00
      vertex -1.174253e+00 -9.850000e+00 6.350000e+00
    endloop
  endfacet
  facet normal -6.123234e-17 0.000000e+00 -1.000000e+00
    outer loop
      vertex -4.613261e+00 -9.434180e+00 6.350000e+00
      vertex -1.174253e+00 -9.850000e+00 6.350000e+00
      vertex -4.573253e+00 -1.016000e+01 6.350000e+00
    endloop
  endfacet
  facet normal -6.123234e-17 0.000000e+00 -1.000000e+00
    outer loop
      vertex -4.573253e+00 -1.016000e+01 6.350000e+00
      vertex -1.174253e+00 -9.850000e+00 6.350000e+00
      vertex -1.133365e+00 -1.016058e+01 6.350000e+00
    endloop
  endfacet
  facet normal -6.123234e-17 0.000000e+00 -1.000000e+00
    outer loop
      vertex -4.573253e+00 -1.016000e+01 6.350000e+00
      vertex -1.133365e+00 -1.016058e+01 6.350000e+00
      vertex -4.613261e+00 -1.088582e+01 6.350000e+00
    endloop
  endfacet
  facet normal -6.123234e-17 0.000000e+00 -1.000000e+00
    outer loop
      vertex -4.613261e+00 -1.088582e+01 6.350000e+00
      vertex -1.133365e+00 -1.016058e+01 6.350000e+00
      vertex -1.013484e+00 -1.045000e+01 6.350000e+00
    endloop
  endfacet
  facet normal -6.123234e-17 -0.000000e+00 -1.000000e+00
    outer loop
      vertex -4.613261e+00 -1.088582e+01 6.350000e+00
      vertex -1.013484e+00 -1.045000e+01 6.350000e+00
      vertex -4.732798e+00 -1.160285e+01 6.350000e+00
    endloop
  endfacet
  facet normal -6.123234e-17 0.000000e+00 -1.000000e+00
    outer loop
      vertex -4.732798e+00 -1.160285e+01 6.350000e+00
      vertex -1.013484e+00 -1.045000e+01 6.350000e+00
      vertex -8.227820e-01 -1.069853e+01 6.350000e+00
    endloop
  endfacet
  facet normal -6.123234e-17 -0.000000e+00 -1.000000e+00
    outer loop
      vertex -4.732798e+00 -1.160285e+01 6.350000e+00
      vertex -8.227820e-01 -1.069853e+01 6.350000e+00
      vertex -4.930417e+00 -1.230239e+01 6.350000e+00
    endloop
  endfacet
  facet normal -6.123234e-17 0.000000e+00 -1.000000e+00
    outer loop
      vertex -4.930417e+00 -1.230239e+01 6.350000e+00
      vertex -8.227820e-01 -1.069853e+01 6.350000e+00
      vertex -5.742545e-01 -1.088923e+01 6.350000e+00
    endloop
  endfacet
  facet normal -6.123234e-17 -0.000000e+00 -1.000000e+00
    outer loop
      vertex -4.930417e+00 -1.230239e+01 6.350000e+00
      vertex -5.742545e-01 -1.088923e+01 6.350000e+00
      vertex -5.203722e+00 -1.297598e+01 6.350000e+00
    endloop
  endfacet
  facet normal -6.123234e-17 0.000000e+00 -1.000000e+00
    outer loop
      vertex -5.203722e+00 -1.297598e+01 6.350000e+00
      vertex -5.742545e-01 -1.088923e+01 6.350000e+00
      vertex -2.848372e-01 -1.100911e+01 6.350000e+00
    endloop
  endfacet
  facet normal -6.123234e-17 -0.000000e+00 -1.000000e+00
    outer loop
      vertex -5.203722e+00 -1.297598e+01 6.350000e+00
      vertex -2.848372e-01 -1.100911e+01 6.350000e+00
      vertex -5.549404e+00 -1.361545e+01 6.350000e+00
    endloop
  endfacet
  facet normal -6.123234e-17 0.000000e+00 -1.000000e+00
    outer loop
      vertex -5.549404e+00 -1.361545e+01 6.350000e+00
      vertex -2.848372e-01 -1.100911e+01 6.350000e+00
      vertex 2.574587e-02 -1.105000e+01 6.350000e+00
    endloop
  endfacet
  facet normal -6.123234e-17 -0.000000e+00 -1.000000e+00
    outer loop
      vertex -5.549404e+00 -1.361545e+01 6.350000e+00
      vertex 2.574587e-02 -1.105000e+01 6.350000e+00
      vertex -5.963273e+00 -1.421305e+01 6.350000e+00
    endloop
  endfacet
  facet normal -6.123234e-17 -0.000000e+00 -1.000000e+00
    outer loop
      vertex -5.963273e+00 -1.421305e+01 6.350000e+00
      vertex 2.574587e-02 -1.105000e+01 6.350000e+00
      vertex -6.440315e+00 -1.476155e+01 6.350000e+00
    endloop
  endfacet
  facet normal -6.123234e-17 0.000000e+00 -1.000000e+00
    outer loop
      vertex -6.440315e+00 -1.476155e+01 6.350000e+00
      vertex 2.574587e-02 -1.105000e+01 6.350000e+00
      vertex 3.363290e-01 -1.100911e+01 6.350000e+00
    endloop
  endfacet
  facet normal -6.123234e-17 0.000000e+00 -1.000000e+00
    outer loop
      vertex -6.440315e+00 -1.476155e+01 6.350000e+00
      vertex 3.363290e-01 -1.100911e+01 6.350000e+00
      vertex 1.777875e+01 -2.286000e+01 6.350000e+00
    endloop
  endfacet
  facet normal -6.123234e-17 0.000000e+00 -1.000000e+00
    outer loop
      vertex 1.777875e+01 -2.286000e+01 6.350000e+00
      vertex 3.363290e-01 -1.100911e+01 6.350000e+00
      vertex 6.257463e-01 -1.088923e+01 6.350000e+00
    endloop
  endfacet
  facet normal -6.123234e-17 0.000000e+00 -1.000000e+00
    outer loop
      vertex 2.125746e+00 7.750000e+00 6.350000e+00
      vertex 1.176663e+01 1.016058e+01 6.350000e+00
      vertex 1.082575e+01 7.750000e+00 6.350000e+00
    endloop
  endfacet
  facet normal -6.123234e-17 0.000000e+00 -1.000000e+00
    outer loop
      vertex 1.082575e+01 7.750000e+00 6.350000e+00
      vertex 1.176663e+01 1.016058e+01 6.350000e+00
      vertex 1.172575e+01 9.849998e+00 6.350000e+00
    endloop
  endfacet
  facet normal -6.123234e-17 0.000000e+00 -1.000000e+00
    outer loop
      vertex 1.082575e+01 7.750000e+00 6.350000e+00
      vertex 1.172575e+01 9.849998e+00 6.350000e+00
      vertex 1.176663e+01 9.539417e+00 6.350000e+00
    endloop
  endfacet
  facet normal -6.123234e-17 0.000000e+00 -1.000000e+00
    outer loop
      vertex 2.125746e+00 7.750000e+00 6.350000e+00
      vertex 2.125746e+00 -7.750001e+00 6.350000e+00
      vertex -2.848372e-01 8.690887e+00 6.350000e+00
    endloop
  endfacet
  facet normal -6.123234e-17 0.000000e+00 -1.000000e+00
    outer loop
      vertex -2.848372e-01 8.690887e+00 6.350000e+00
      vertex 2.125746e+00 -7.750001e+00 6.350000e+00
      vertex -2.848372e-01 -8.690889e+00 6.350000e+00
    endloop
  endfacet
  facet normal -6.123234e-17 0.000000e+00 -1.000000e+00
    outer loop
      vertex 1.082575e+01 -7.750001e+00 6.350000e+00
      vertex 1.176663e+01 -1.016058e+01 6.350000e+00
      vertex 2.125746e+00 -7.750001e+00 6.350000e+00
    endloop
  endfacet
  facet normal -6.123234e-17 0.000000e+00 -1.000000e+00
    outer loop
      vertex 2.125746e+00 -7.750001e+00 6.350000e+00
      vertex 1.176663e+01 -1.016058e+01 6.350000e+00
      vertex 1.184857e+00 -1.016058e+01 6.350000e+00
    endloop
  endfacet
  facet normal -6.123234e-17 0.000000e+00 -1.000000e+00
    outer loop
      vertex 2.125746e+00 -7.750001e+00 6.350000e+00
      vertex 1.184857e+00 -1.016058e+01 6.350000e+00
      vertex 1.225747e+00 -9.850000e+00 6.350000e+00
    endloop
  endfacet
  facet normal -6.123234e-17 0.000000e+00 -1.000000e+00
    outer loop
      vertex 1.082575e+01 7.750000e+00 6.350000e+00
      vertex 1.323633e+01 -8.690889e+00 6.350000e+00
      vertex 1.082575e+01 -7.750001e+00 6.350000e+00
    endloop
  endfacet
  facet normal -6.123234e-17 0.000000e+00 -1.000000e+00
    outer loop
      vertex 1.082575e+01 -7.750001e+00 6.350000e+00
      vertex 1.323633e+01 -8.690889e+00 6.350000e+00
      vertex 1.292575e+01 -8.650001e+00 6.350000e+00
    endloop
  endfacet
  facet normal -6.123234e-17 0.000000e+00 -1.000000e+00
    outer loop
      vertex 1.082575e+01 -7.750001e+00 6.350000e+00
      vertex 1.292575e+01 -8.650001e+00 6.350000e+00
      vertex 1.261516e+01 -8.690889e+00 6.350000e+00
    endloop
  endfacet
  facet normal -6.123234e-17 0.000000e+00 -1.000000e+00
    outer loop
      vertex 1.225747e+00 -9.850000e+00 6.350000e+00
      vertex 1.184857e+00 -9.539418e+00 6.350000e+00
      vertex 2.125746e+00 -7.750001e+00 6.350000e+00
    endloop
  endfacet
  facet normal -6.123234e-17 0.000000e+00 -1.000000e+00
    outer loop
      vertex 2.125746e+00 -7.750001e+00 6.350000e+00
      vertex 1.184857e+00 -9.539418e+00 6.350000e+00
      vertex 1.064976e+00 -9.250001e+00 6.350000e+00
    endloop
  endfacet
  facet normal -6.123234e-17 0.000000e+00 -1.000000e+00
    outer loop
      vertex 2.125746e+00 -7.750001e+00 6.350000e+00
      vertex 1.064976e+00 -9.250001e+00 6.350000e+00
      vertex 8.742738e-01 -9.001472e+00 6.350000e+00
    endloop
  endfacet
  facet normal -6.123234e-17 0.000000e+00 -1.000000e+00
    outer loop
      vertex 8.742738e-01 -9.001472e+00 6.350000e+00
      vertex 6.257463e-01 -8.810770e+00 6.350000e+00
      vertex 2.125746e+00 -7.750001e+00 6.350000e+00
    endloop
  endfacet
  facet normal -6.123234e-17 0.000000e+00 -1.000000e+00
    outer loop
      vertex 2.125746e+00 -7.750001e+00 6.350000e+00
      vertex 6.257463e-01 -8.810770e+00 6.350000e+00
      vertex 3.363290e-01 -8.690889e+00 6.350000e+00
    endloop
  endfacet
  facet normal -6.123234e-17 0.000000e+00 -1.000000e+00
    outer loop
      vertex 2.125746e+00 -7.750001e+00 6.350000e+00
      vertex 3.363290e-01 -8.690889e+00 6.350000e+00
      vertex 2.574587e-02 -8.650001e+00 6.350000e+00
    endloop
  endfacet
  facet normal -6.123234e-17 0.000000e+00 -1.000000e+00
    outer loop
      vertex 2.574587e-02 -8.650001e+00 6.350000e+00
      vertex -2.848372e-01 -8.690889e+00 6.350000e+00
      vertex 2.125746e+00 -7.750001e+00 6.350000e+00
    endloop
  endfacet
  facet normal -6.123234e-17 0.000000e+00 -1.000000e+00
    outer loop
      vertex 1.261516e+01 8.690887e+00 6.350000e+00
      vertex 1.292575e+01 8.650000e+00 6.350000e+00
      vertex 1.082575e+01 7.750000e+00 6.350000e+00
    endloop
  endfacet
  facet normal -6.123234e-17 0.000000e+00 -1.000000e+00
    outer loop
      vertex 1.082575e+01 7.750000e+00 6.350000e+00
      vertex 1.292575e+01 8.650000e+00 6.350000e+00
      vertex 1.323633e+01 8.690887e+00 6.350000e+00
    endloop
  endfacet
  facet normal -6.123234e-17 0.000000e+00 -1.000000e+00
    outer loop
      vertex 1.082575e+01 7.750000e+00 6.350000e+00
      vertex 1.323633e+01 8.690887e+00 6.350000e+00
      vertex 1.323633e+01 -8.690889e+00 6.350000e+00
    endloop
  endfacet
  facet normal -6.123234e-17 0.000000e+00 -1.000000e+00
    outer loop
      vertex 1.323633e+01 -8.690889e+00 6.350000e+00
      vertex 1.323633e+01 8.690887e+00 6.350000e+00
      vertex 1.352575e+01 -8.810770e+00 6.350000e+00
    endloop
  endfacet
  facet normal -6.123234e-17 0.000000e+00 -1.000000e+00
    outer loop
      vertex 1.352575e+01 -8.810770e+00 6.350000e+00
      vertex 1.323633e+01 8.690887e+00 6.350000e+00
      vertex 1.352575e+01 8.810768e+00 6.350000e+00
    endloop
  endfacet
  facet normal -6.123234e-17 0.000000e+00 -1.000000e+00
    outer loop
      vertex 1.352575e+01 -8.810770e+00 6.350000e+00
      vertex 1.352575e+01 8.810768e+00 6.350000e+00
      vertex 1.377428e+01 -9.001472e+00 6.350000e+00
    endloop
  endfacet
  facet normal -6.123234e-17 0.000000e+00 -1.000000e+00
    outer loop
      vertex 1.377428e+01 -9.001472e+00 6.350000e+00
      vertex 1.352575e+01 8.810768e+00 6.350000e+00
      vertex 1.377428e+01 9.001471e+00 6.350000e+00
    endloop
  endfacet
  facet normal -6.123234e-17 0.000000e+00 -1.000000e+00
    outer loop
      vertex 1.377428e+01 -9.001472e+00 6.350000e+00
      vertex 1.377428e+01 9.001471e+00 6.350000e+00
      vertex 1.396498e+01 -9.250001e+00 6.350000e+00
    endloop
  endfacet
  facet normal -6.123234e-17 0.000000e+00 -1.000000e+00
    outer loop
      vertex 1.396498e+01 -9.250001e+00 6.350000e+00
      vertex 1.377428e+01 9.001471e+00 6.350000e+00
      vertex 1.396498e+01 9.250000e+00 6.350000e+00
    endloop
  endfacet
  facet normal -6.123234e-17 0.000000e+00 -1.000000e+00
    outer loop
      vertex 1.396498e+01 -9.250001e+00 6.350000e+00
      vertex 1.396498e+01 9.250000e+00 6.350000e+00
      vertex 1.408486e+01 -9.539418e+00 6.350000e+00
    endloop
  endfacet
  facet normal -6.123234e-17 0.000000e+00 -1.000000e+00
    outer loop
      vertex 1.408486e+01 -9.539418e+00 6.350000e+00
      vertex 1.396498e+01 9.250000e+00 6.350000e+00
      vertex 1.408486e+01 9.539417e+00 6.350000e+00
    endloop
  endfacet
  facet normal -6.123234e-17 0.000000e+00 -1.000000e+00
    outer loop
      vertex 1.176663e+01 9.539417e+00 6.350000e+00
      vertex 1.188652e+01 9.250000e+00 6.350000e+00
      vertex 1.082575e+01 7.750000e+00 6.350000e+00
    endloop
  endfacet
  facet normal -6.123234e-17 0.000000e+00 -1.000000e+00
    outer loop
      vertex 1.082575e+01 7.750000e+00 6.350000e+00
      vertex 1.188652e+01 9.250000e+00 6.350000e+00
      vertex 1.207722e+01 9.001471e+00 6.350000e+00
    endloop
  endfacet
  facet normal -6.123234e-17 0.000000e+00 -1.000000e+00
    outer loop
      vertex 1.082575e+01 7.750000e+00 6.350000e+00
      vertex 1.207722e+01 9.001471e+00 6.350000e+00
      vertex 1.232575e+01 8.810768e+00 6.350000e+00
    endloop
  endfacet
  facet normal -6.123234e-17 0.000000e+00 -1.000000e+00
    outer loop
      vertex 1.232575e+01 8.810768e+00 6.350000e+00
      vertex 1.261516e+01 8.690887e+00 6.350000e+00
      vertex 1.082575e+01 7.750000e+00 6.350000e+00
    endloop
  endfacet
  facet normal -6.123234e-17 0.000000e+00 -1.000000e+00
    outer loop
      vertex 1.261516e+01 -8.690889e+00 6.350000e+00
      vertex 1.232575e+01 -8.810770e+00 6.350000e+00
      vertex 1.082575e+01 -7.750001e+00 6.350000e+00
    endloop
  endfacet
  facet normal -6.123234e-17 0.000000e+00 -1.000000e+00
    outer loop
      vertex 1.082575e+01 -7.750001e+00 6.350000e+00
      vertex 1.232575e+01 -8.810770e+00 6.350000e+00
      vertex 1.207722e+01 -9.001472e+00 6.350000e+00
    endloop
  endfacet
  facet normal -6.123234e-17 0.000000e+00 -1.000000e+00
    outer loop
      vertex 1.082575e+01 -7.750001e+00 6.350000e+00
      vertex 1.207722e+01 -9.001472e+00 6.350000e+00
      vertex 1.188652e+01 -9.250001e+00 6.350000e+00
    endloop
  endfacet
  facet normal -6.123234e-17 0.000000e+00 -1.000000e+00
    outer loop
      vertex 1.188652e+01 -9.250001e+00 6.350000e+00
      vertex 1.176663e+01 -9.539418e+00 6.350000e+00
      vertex 1.082575e+01 -7.750001e+00 6.350000e+00
    endloop
  endfacet
  facet normal -6.123234e-17 0.000000e+00 -1.000000e+00
    outer loop
      vertex 1.082575e+01 -7.750001e+00 6.350000e+00
      vertex 1.176663e+01 -9.539418e+00 6.350000e+00
      vertex 1.172575e+01 -9.850000e+00 6.350000e+00
    endloop
  endfacet
  facet normal -6.123234e-17 0.000000e+00 -1.000000e+00
    outer loop
      vertex 1.082575e+01 -7.750001e+00 6.350000e+00
      vertex 1.172575e+01 -9.850000e+00 6.350000e+00
      vertex 1.176663e+01 -1.016058e+01 6.350000e+00
    endloop
  endfacet
  facet normal -6.123234e-17 0.000000e+00 -1.000000e+00
    outer loop
      vertex 1.176663e+01 -1.016058e+01 6.350000e+00
      vertex 1.188652e+01 -1.045000e+01 6.350000e+00
      vertex 1.184857e+00 -1.016058e+01 6.350000e+00
    endloop
  endfacet
  facet normal -6.123234e-17 0.000000e+00 -1.000000e+00
    outer loop
      vertex -1.752725e+01 -2.286000e+01 6.350000e+00
      vertex -8.854662e+00 -1.634210e+01 6.350000e+00
      vertex 1.777875e+01 -2.286000e+01 6.350000e+00
    endloop
  endfacet
  facet normal -6.123234e-17 0.000000e+00 -1.000000e+00
    outer loop
      vertex 1.777875e+01 -2.286000e+01 6.350000e+00
      vertex -8.854662e+00 -1.634210e+01 6.350000e+00
      vertex -8.189281e+00 -1.604938e+01 6.350000e+00
    endloop
  endfacet
  facet normal -6.123234e-17 0.000000e+00 -1.000000e+00
    outer loop
      vertex 1.777875e+01 -2.286000e+01 6.350000e+00
      vertex -8.189281e+00 -1.604938e+01 6.350000e+00
      vertex -7.560103e+00 -1.568531e+01 6.350000e+00
    endloop
  endfacet
  facet normal -6.123234e-17 0.000000e+00 -1.000000e+00
    outer loop
      vertex -1.752725e+01 -1.197392e+01 6.350000e+00
      vertex -1.728942e+01 -1.266084e+01 6.350000e+00
      vertex -1.752725e+01 -2.286000e+01 6.350000e+00
    endloop
  endfacet
  facet normal -6.123234e-17 0.000000e+00 -1.000000e+00
    outer loop
      vertex -1.752725e+01 -2.286000e+01 6.350000e+00
      vertex -1.728942e+01 -1.266084e+01 6.350000e+00
      vertex -1.697754e+01 -1.331745e+01 6.350000e+00
    endloop
  endfacet
  facet normal -6.123234e-17 0.000000e+00 -1.000000e+00
    outer loop
      vertex -1.752725e+01 -2.286000e+01 6.350000e+00
      vertex -1.697754e+01 -1.331745e+01 6.350000e+00
      vertex -1.659538e+01 -1.393581e+01 6.350000e+00
    endloop
  endfacet
  facet normal -6.123234e-17 0.000000e+00 -1.000000e+00
    outer loop
      vertex -1.659538e+01 -1.393581e+01 6.350000e+00
      vertex -1.614757e+01 -1.450842e+01 6.350000e+00
      vertex -1.752725e+01 -2.286000e+01 6.350000e+00
    endloop
  endfacet
  facet normal -6.123234e-17 0.000000e+00 -1.000000e+00
    outer loop
      vertex -1.752725e+01 -2.286000e+01 6.350000e+00
      vertex -1.614757e+01 -1.450842e+01 6.350000e+00
      vertex -1.563954e+01 -1.502835e+01 6.350000e+00
    endloop
  endfacet
  facet normal -6.123234e-17 0.000000e+00 -1.000000e+00
    outer loop
      vertex -1.752725e+01 -2.286000e+01 6.350000e+00
      vertex -1.563954e+01 -1.502835e+01 6.350000e+00
      vertex -1.507744e+01 -1.548929e+01 6.350000e+00
    endloop
  endfacet
  facet normal -6.123234e-17 0.000000e+00 -1.000000e+00
    outer loop
      vertex -1.507744e+01 -1.548929e+01 6.350000e+00
      vertex -1.446809e+01 -1.588566e+01 6.350000e+00
      vertex -1.752725e+01 -2.286000e+01 6.350000e+00
    endloop
  endfacet
  facet normal -6.123234e-17 0.000000e+00 -1.000000e+00
    outer loop
      vertex -1.752725e+01 -2.286000e+01 6.350000e+00
      vertex -1.446809e+01 -1.588566e+01 6.350000e+00
      vertex -1.381887e+01 -1.621266e+01 6.350000e+00
    endloop
  endfacet
  facet normal -6.123234e-17 0.000000e+00 -1.000000e+00
    outer loop
      vertex -1.752725e+01 -2.286000e+01 6.350000e+00
      vertex -1.381887e+01 -1.621266e+01 6.350000e+00
      vertex -1.313765e+01 -1.646632e+01 6.350000e+00
    endloop
  endfacet
  facet normal -6.123234e-17 0.000000e+00 -1.000000e+00
    outer loop
      vertex -1.313765e+01 -1.646632e+01 6.350000e+00
      vertex -1.243267e+01 -1.664358e+01 6.350000e+00
      vertex -1.752725e+01 -2.286000e+01 6.350000e+00
    endloop
  endfacet
  facet normal -6.123234e-17 0.000000e+00 -1.000000e+00
    outer loop
      vertex -1.752725e+01 -2.286000e+01 6.350000e+00
      vertex -1.243267e+01 -1.664358e+01 6.350000e+00
      vertex -1.171247e+01 -1.674228e+01 6.350000e+00
    endloop
  endfacet
  facet normal -6.123234e-17 0.000000e+00 -1.000000e+00
    outer loop
      vertex -1.752725e+01 -2.286000e+01 6.350000e+00
      vertex -1.171247e+01 -1.674228e+01 6.350000e+00
      vertex -1.098580e+01 -1.676122e+01 6.350000e+00
    endloop
  endfacet
  facet normal -6.123234e-17 -0.000000e+00 -1.000000e+00
    outer loop
      vertex -1.098580e+01 -1.676122e+01 6.350000e+00
      vertex -1.026144e+01 -1.670019e+01 6.350000e+00
      vertex -1.752725e+01 -2.286000e+01 6.350000e+00
    endloop
  endfacet
  facet normal -6.123234e-17 0.000000e+00 -1.000000e+00
    outer loop
      vertex -1.752725e+01 -2.286000e+01 6.350000e+00
      vertex -1.026144e+01 -1.670019e+01 6.350000e+00
      vertex -9.548184e+00 -1.655992e+01 6.350000e+00
    endloop
  endfacet
  facet normal -6.123234e-17 0.000000e+00 -1.000000e+00
    outer loop
      vertex -1.752725e+01 -2.286000e+01 6.350000e+00
      vertex -9.548184e+00 -1.655992e+01 6.350000e+00
      vertex -8.854662e+00 -1.634210e+01 6.350000e+00
    endloop
  endfacet
  facet normal -6.123234e-17 0.000000e+00 -1.000000e+00
    outer loop
      vertex -7.560103e+00 -1.568531e+01 6.350000e+00
      vertex -6.974750e+00 -1.525429e+01 6.350000e+00
      vertex 1.777875e+01 -2.286000e+01 6.350000e+00
    endloop
  endfacet
  facet normal -6.123234e-17 0.000000e+00 -1.000000e+00
    outer loop
      vertex 1.777875e+01 -2.286000e+01 6.350000e+00
      vertex -6.974750e+00 -1.525429e+01 6.350000e+00
      vertex -6.440315e+00 -1.476155e+01 6.350000e+00
    endloop
  endfacet
  facet normal -6.123234e-17 0.000000e+00 -1.000000e+00
    outer loop
      vertex -5.963273e+00 6.106949e+00 6.350000e+00
      vertex -5.963273e+00 -6.106951e+00 6.350000e+00
      vertex -6.440315e+00 5.558453e+00 6.350000e+00
    endloop
  endfacet
  facet normal -6.123234e-17 0.000000e+00 -1.000000e+00
    outer loop
      vertex -6.440315e+00 5.558453e+00 6.350000e+00
      vertex -5.963273e+00 -6.106951e+00 6.350000e+00
      vertex -6.440315e+00 -5.558455e+00 6.350000e+00
    endloop
  endfacet
  facet normal -6.123234e-17 0.000000e+00 -1.000000e+00
    outer loop
      vertex -6.440315e+00 5.558453e+00 6.350000e+00
      vertex -6.440315e+00 -5.558455e+00 6.350000e+00
      vertex -6.974750e+00 5.065710e+00 6.350000e+00
    endloop
  endfacet
  facet normal -6.123234e-17 0.000000e+00 -1.000000e+00
    outer loop
      vertex -6.974750e+00 5.065710e+00 6.350000e+00
      vertex -6.440315e+00 -5.558455e+00 6.350000e+00
      vertex -6.974750e+00 -5.065712e+00 6.350000e+00
    endloop
  endfacet
  facet normal -6.123234e-17 0.000000e+00 -1.000000e+00
    outer loop
      vertex -6.974750e+00 5.065710e+00 6.350000e+00
      vertex -6.974750e+00 -5.065712e+00 6.350000e+00
      vertex -7.560103e+00 4.634691e+00 6.350000e+00
    endloop
  endfacet
  facet normal -6.123234e-17 0.000000e+00 -1.000000e+00
    outer loop
      vertex -7.560103e+00 4.634691e+00 6.350000e+00
      vertex -6.974750e+00 -5.065712e+00 6.350000e+00
      vertex -7.560103e+00 -4.634691e+00 6.350000e+00
    endloop
  endfacet
  facet normal -6.123234e-17 0.000000e+00 -1.000000e+00
    outer loop
      vertex -7.560103e+00 4.634691e+00 6.350000e+00
      vertex -7.560103e+00 -4.634691e+00 6.350000e+00
      vertex -8.189281e+00 4.270617e+00 6.350000e+00
    endloop
  endfacet
  facet normal -6.123234e-17 0.000000e+00 -1.000000e+00
    outer loop
      vertex -8.189281e+00 4.270617e+00 6.350000e+00
      vertex -7.560103e+00 -4.634691e+00 6.350000e+00
      vertex -8.189281e+00 -4.270617e+00 6.350000e+00
    endloop
  endfacet
  facet normal -6.123234e-17 0.000000e+00 -1.000000e+00
    outer loop
      vertex -8.189281e+00 4.270617e+00 6.350000e+00
      vertex -8.189281e+00 -4.270617e+00 6.350000e+00
      vertex -8.854662e+00 3.977898e+00 6.350000e+00
    endloop
  endfacet
  facet normal -6.123234e-17 0.000000e+00 -1.000000e+00
    outer loop
      vertex -8.854662e+00 3.977898e+00 6.350000e+00
      vertex -8.189281e+00 -4.270617e+00 6.350000e+00
      vertex -8.854662e+00 -3.977900e+00 6.350000e+00
    endloop
  endfacet
  facet normal -6.123234e-17 0.000000e+00 -1.000000e+00
    outer loop
      vertex -8.854662e+00 3.977898e+00 6.350000e+00
      vertex -8.854662e+00 -3.977900e+00 6.350000e+00
      vertex -9.548184e+00 3.760082e+00 6.350000e+00
    endloop
  endfacet
  facet normal -6.123234e-17 0.000000e+00 -1.000000e+00
    outer loop
      vertex -9.548184e+00 3.760082e+00 6.350000e+00
      vertex -8.854662e+00 -3.977900e+00 6.350000e+00
      vertex -9.548184e+00 -3.760082e+00 6.350000e+00
    endloop
  endfacet
  facet normal -6.123234e-17 0.000000e+00 -1.000000e+00
    outer loop
      vertex -9.548184e+00 3.760082e+00 6.350000e+00
      vertex -9.548184e+00 -3.760082e+00 6.350000e+00
      vertex -1.026144e+01 3.619808e+00 6.350000e+00
    endloop
  endfacet
  facet normal -6.123234e-17 0.000000e+00 -1.000000e+00
    outer loop
      vertex -1.026144e+01 3.619808e+00 6.350000e+00
      vertex -9.548184e+00 -3.760082e+00 6.350000e+00
      vertex -1.026144e+01 -3.619808e+00 6.350000e+00
    endloop
  endfacet
  facet normal -6.123234e-17 0.000000e+00 -1.000000e+00
    outer loop
      vertex -1.026144e+01 3.619808e+00 6.350000e+00
      vertex -1.026144e+01 -3.619808e+00 6.350000e+00
      vertex -1.098580e+01 3.558775e+00 6.350000e+00
    endloop
  endfacet
  facet normal -6.123234e-17 0.000000e+00 -1.000000e+00
    outer loop
      vertex -1.098580e+01 3.558775e+00 6.350000e+00
      vertex -1.026144e+01 -3.619808e+00 6.350000e+00
      vertex -1.098580e+01 -3.558777e+00 6.350000e+00
    endloop
  endfacet
  facet normal -6.123234e-17 0.000000e+00 -1.000000e+00
    outer loop
      vertex -1.098580e+01 3.558775e+00 6.350000e+00
      vertex -1.098580e+01 -3.558777e+00 6.350000e+00
      vertex -1.171247e+01 3.577724e+00 6.350000e+00
    endloop
  endfacet
  facet normal -6.123234e-17 0.000000e+00 -1.000000e+00
    outer loop
      vertex -1.171247e+01 3.577724e+00 6.350000e+00
      vertex -1.098580e+01 -3.558777e+00 6.350000e+00
      vertex -1.171247e+01 -3.577724e+00 6.350000e+00
    endloop
  endfacet
  facet normal -6.123234e-17 0.000000e+00 -1.000000e+00
    outer loop
      vertex -1.171247e+01 3.577724e+00 6.350000e+00
      vertex -1.171247e+01 -3.577724e+00 6.350000e+00
      vertex -1.243267e+01 3.676424e+00 6.350000e+00
    endloop
  endfacet
  facet normal -6.123234e-17 0.000000e+00 -1.000000e+00
    outer loop
      vertex -1.243267e+01 3.676424e+00 6.350000e+00
      vertex -1.171247e+01 -3.577724e+00 6.350000e+00
      vertex -1.243267e+01 -3.676424e+00 6.350000e+00
    endloop
  endfacet
  facet normal -6.123234e-17 0.000000e+00 -1.000000e+00
    outer loop
      vertex -1.243267e+01 3.676424e+00 6.350000e+00
      vertex -1.243267e+01 -3.676424e+00 6.350000e+00
      vertex -1.313765e+01 3.853678e+00 6.350000e+00
    endloop
  endfacet
  facet normal -6.123234e-17 0.000000e+00 -1.000000e+00
    outer loop
      vertex -1.313765e+01 3.853678e+00 6.350000e+00
      vertex -1.243267e+01 -3.676424e+00 6.350000e+00
      vertex -1.313765e+01 -3.853680e+00 6.350000e+00
    endloop
  endfacet
  facet normal -6.123234e-17 0.000000e+00 -1.000000e+00
    outer loop
      vertex -1.313765e+01 3.853678e+00 6.350000e+00
      vertex -1.313765e+01 -3.853680e+00 6.350000e+00
      vertex -1.381887e+01 4.107342e+00 6.350000e+00
    endloop
  endfacet
  facet normal -6.123234e-17 0.000000e+00 -1.000000e+00
    outer loop
      vertex -1.381887e+01 4.107342e+00 6.350000e+00
      vertex -1.313765e+01 -3.853680e+00 6.350000e+00
      vertex -1.381887e+01 -4.107344e+00 6.350000e+00
    endloop
  endfacet
  facet normal -6.123234e-17 0.000000e+00 -1.000000e+00
    outer loop
      vertex -1.381887e+01 4.107342e+00 6.350000e+00
      vertex -1.381887e+01 -4.107344e+00 6.350000e+00
      vertex -1.446809e+01 4.434340e+00 6.350000e+00
    endloop
  endfacet
  facet normal -6.123234e-17 0.000000e+00 -1.000000e+00
    outer loop
      vertex -1.446809e+01 4.434340e+00 6.350000e+00
      vertex -1.381887e+01 -4.107344e+00 6.350000e+00
      vertex -1.446809e+01 -4.434341e+00 6.350000e+00
    endloop
  endfacet
  facet normal -6.123234e-17 0.000000e+00 -1.000000e+00
    outer loop
      vertex -1.446809e+01 4.434340e+00 6.350000e+00
      vertex -1.446809e+01 -4.434341e+00 6.350000e+00
      vertex -1.507744e+01 4.830709e+00 6.350000e+00
    endloop
  endfacet
  facet normal -6.123234e-17 0.000000e+00 -1.000000e+00
    outer loop
      vertex -1.507744e+01 4.830709e+00 6.350000e+00
      vertex -1.446809e+01 -4.434341e+00 6.350000e+00
      vertex -1.507744e+01 -4.830711e+00 6.350000e+00
    endloop
  endfacet
  facet normal -6.123234e-17 0.000000e+00 -1.000000e+00
    outer loop
      vertex -1.507744e+01 4.830709e+00 6.350000e+00
      vertex -1.507744e+01 -4.830711e+00 6.350000e+00
      vertex -1.563954e+01 5.291649e+00 6.350000e+00
    endloop
  endfacet
  facet normal -6.123234e-17 0.000000e+00 -1.000000e+00
    outer loop
      vertex -1.563954e+01 5.291649e+00 6.350000e+00
      vertex -1.507744e+01 -4.830711e+00 6.350000e+00
      vertex -1.563954e+01 -5.291651e+00 6.350000e+00
    endloop
  endfacet
  facet normal -6.123234e-17 0.000000e+00 -1.000000e+00
    outer loop
      vertex -1.563954e+01 5.291649e+00 6.350000e+00
      vertex -1.563954e+01 -5.291651e+00 6.350000e+00
      vertex -1.614757e+01 5.811575e+00 6.350000e+00
    endloop
  endfacet
  facet normal -6.123234e-17 0.000000e+00 -1.000000e+00
    outer loop
      vertex -1.614757e+01 5.811575e+00 6.350000e+00
      vertex -1.563954e+01 -5.291651e+00 6.350000e+00
      vertex -1.614757e+01 -5.811577e+00 6.350000e+00
    endloop
  endfacet
  facet normal -6.123234e-17 0.000000e+00 -1.000000e+00
    outer loop
      vertex -1.614757e+01 5.811575e+00 6.350000e+00
      vertex -1.614757e+01 -5.811577e+00 6.350000e+00
      vertex -1.659538e+01 6.384186e+00 6.350000e+00
    endloop
  endfacet
  facet normal -6.123234e-17 0.000000e+00 -1.000000e+00
    outer loop
      vertex -1.659538e+01 6.384186e+00 6.350000e+00
      vertex -1.614757e+01 -5.811577e+00 6.350000e+00
      vertex -1.659538e+01 -6.384188e+00 6.350000e+00
    endloop
  endfacet
  facet normal -6.123234e-17 0.000000e+00 -1.000000e+00
    outer loop
      vertex -1.659538e+01 6.384186e+00 6.350000e+00
      vertex -1.659538e+01 -6.384188e+00 6.350000e+00
      vertex -1.697754e+01 7.002546e+00 6.350000e+00
    endloop
  endfacet
  facet normal -6.123234e-17 0.000000e+00 -1.000000e+00
    outer loop
      vertex -1.697754e+01 7.002546e+00 6.350000e+00
      vertex -1.659538e+01 -6.384188e+00 6.350000e+00
      vertex -1.697754e+01 -7.002547e+00 6.350000e+00
    endloop
  endfacet
  facet normal -6.123234e-17 0.000000e+00 -1.000000e+00
    outer loop
      vertex -1.697754e+01 7.002546e+00 6.350000e+00
      vertex -1.697754e+01 -7.002547e+00 6.350000e+00
      vertex -1.728942e+01 7.659161e+00 6.350000e+00
    endloop
  endfacet
  facet normal -6.123234e-17 0.000000e+00 -1.000000e+00
    outer loop
      vertex -1.728942e+01 7.659161e+00 6.350000e+00
      vertex -1.697754e+01 -7.002547e+00 6.350000e+00
      vertex -1.728942e+01 -7.659163e+00 6.350000e+00
    endloop
  endfacet
  facet normal -6.123234e-17 0.000000e+00 -1.000000e+00
    outer loop
      vertex -1.728942e+01 7.659161e+00 6.350000e+00
      vertex -1.728942e+01 -7.659163e+00 6.350000e+00
      vertex -1.752725e+01 8.346077e+00 6.350000e+00
    endloop
  endfacet
  facet normal -6.123234e-17 0.000000e+00 -1.000000e+00
    outer loop
      vertex -1.752725e+01 8.346077e+00 6.350000e+00
      vertex -1.728942e+01 -7.659163e+00 6.350000e+00
      vertex -1.752725e+01 -8.346078e+00 6.350000e+00
    endloop
  endfacet
  facet normal -6.123234e-17 0.000000e+00 -1.000000e+00
    outer loop
      vertex -6.974750e+00 1.525429e+01 6.350000e+00
      vertex -7.560103e+00 1.568531e+01 6.350000e+00
      vertex 1.777875e+01 2.286000e+01 6.350000e+00
    endloop
  endfacet
  facet normal -6.123234e-17 0.000000e+00 -1.000000e+00
    outer loop
      vertex 1.777875e+01 2.286000e+01 6.350000e+00
      vertex -7.560103e+00 1.568531e+01 6.350000e+00
      vertex -8.189281e+00 1.604938e+01 6.350000e+00
    endloop
  endfacet
  facet normal -6.123234e-17 0.000000e+00 -1.000000e+00
    outer loop
      vertex 1.777875e+01 2.286000e+01 6.350000e+00
      vertex -8.189281e+00 1.604938e+01 6.350000e+00
      vertex -8.854662e+00 1.634210e+01 6.350000e+00
    endloop
  endfacet
  facet normal -6.123234e-17 0.000000e+00 -1.000000e+00
    outer loop
      vertex 1.777875e+01 2.286000e+01 6.350000e+00
      vertex -8.854662e+00 1.634210e+01 6.350000e+00
      vertex -1.752725e+01 2.286000e+01 6.350000e+00
    endloop
  endfacet
  facet normal -6.123234e-17 0.000000e+00 -1.000000e+00
    outer loop
      vertex -1.752725e+01 2.286000e+01 6.350000e+00
      vertex -8.854662e+00 1.634210e+01 6.350000e+00
      vertex -9.548184e+00 1.655992e+01 6.350000e+00
    endloop
  endfacet
  facet normal -6.123234e-17 0.000000e+00 -1.000000e+00
    outer loop
      vertex -1.752725e+01 2.286000e+01 6.350000e+00
      vertex -9.548184e+00 1.655992e+01 6.350000e+00
      vertex -1.026144e+01 1.670019e+01 6.350000e+00
    endloop
  endfacet
  facet normal -6.123234e-17 0.000000e+00 -1.000000e+00
    outer loop
      vertex -1.026144e+01 1.670019e+01 6.350000e+00
      vertex -1.098580e+01 1.676122e+01 6.350000e+00
      vertex -1.752725e+01 2.286000e+01 6.350000e+00
    endloop
  endfacet
  facet normal -6.123234e-17 0.000000e+00 -1.000000e+00
    outer loop
      vertex -1.752725e+01 2.286000e+01 6.350000e+00
      vertex -1.098580e+01 1.676122e+01 6.350000e+00
      vertex -1.171247e+01 1.674228e+01 6.350000e+00
    endloop
  endfacet
  facet normal -6.123234e-17 0.000000e+00 -1.000000e+00
    outer loop
      vertex -1.752725e+01 2.286000e+01 6.350000e+00
      vertex -1.171247e+01 1.674228e+01 6.350000e+00
      vertex -1.243267e+01 1.664357e+01 6.350000e+00
    endloop
  endfacet
  facet normal -6.123234e-17 0.000000e+00 -1.000000e+00
    outer loop
      vertex -1.243267e+01 1.664357e+01 6.350000e+00
      vertex -1.313765e+01 1.646632e+01 6.350000e+00
      vertex -1.752725e+01 2.286000e+01 6.350000e+00
    endloop
  endfacet
  facet normal -6.123234e-17 0.000000e+00 -1.000000e+00
    outer loop
      vertex -1.752725e+01 2.286000e+01 6.350000e+00
      vertex -1.313765e+01 1.646632e+01 6.350000e+00
      vertex -1.381887e+01 1.621266e+01 6.350000e+00
    endloop
  endfacet
  facet normal -6.123234e-17 0.000000e+00 -1.000000e+00
    outer loop
      vertex -1.752725e+01 2.286000e+01 6.350000e+00
      vertex -1.381887e+01 1.621266e+01 6.350000e+00
      vertex -1.446809e+01 1.588566e+01 6.350000e+00
    endloop
  endfacet
  facet normal -6.123234e-17 0.000000e+00 -1.000000e+00
    outer loop
      vertex -1.446809e+01 1.588566e+01 6.350000e+00
      vertex -1.507744e+01 1.548929e+01 6.350000e+00
      vertex -1.752725e+01 2.286000e+01 6.350000e+00
    endloop
  endfacet
  facet normal -6.123234e-17 0.000000e+00 -1.000000e+00
    outer loop
      vertex -1.752725e+01 2.286000e+01 6.350000e+00
      vertex -1.507744e+01 1.548929e+01 6.350000e+00
      vertex -1.563954e+01 1.502835e+01 6.350000e+00
    endloop
  endfacet
  facet normal -6.123234e-17 0.000000e+00 -1.000000e+00
    outer loop
      vertex -1.752725e+01 2.286000e+01 6.350000e+00
      vertex -1.563954e+01 1.502835e+01 6.350000e+00
      vertex -1.614757e+01 1.450842e+01 6.350000e+00
    endloop
  endfacet
  facet normal -6.123234e-17 0.000000e+00 -1.000000e+00
    outer loop
      vertex -1.614757e+01 1.450842e+01 6.350000e+00
      vertex -1.659538e+01 1.393581e+01 6.350000e+00
      vertex -1.752725e+01 2.286000e+01 6.350000e+00
    endloop
  endfacet
  facet normal -6.123234e-17 0.000000e+00 -1.000000e+00
    outer loop
      vertex -1.752725e+01 2.286000e+01 6.350000e+00
      vertex -1.659538e+01 1.393581e+01 6.350000e+00
      vertex -1.697754e+01 1.331745e+01 6.350000e+00
    endloop
  endfacet
  facet normal -6.123234e-17 0.000000e+00 -1.000000e+00
    outer loop
      vertex -1.752725e+01 2.286000e+01 6.350000e+00
      vertex -1.697754e+01 1.331745e+01 6.350000e+00
      vertex -1.728942e+01 1.266084e+01 6.350000e+00
    endloop
  endfacet
  facet normal -6.123234e-17 0.000000e+00 -1.000000e+00
    outer loop
      vertex -1.728942e+01 1.266084e+01 6.350000e+00
      vertex -1.752725e+01 1.197392e+01 6.350000e+00
      vertex -1.752725e+01 2.286000e+01 6.350000e+00
    endloop
  endfacet
  facet normal 6.123234e-17 0.000000e+00 1.000000e+00
    outer loop
      vertex 3.363290e-01 8.690887e+00 1.016000e+01
      vertex 2.574587e-02 8.650000e+00 1.016000e+01
      vertex 2.125746e+00 7.750000e+00 1.016000e+01
    endloop
  endfacet
  facet normal 6.123234e-17 0.000000e+00 1.000000e+00
    outer loop
      vertex 2.125746e+00 7.750000e+00 1.016000e+01
      vertex 2.574587e-02 8.650000e+00 1.016000e+01
      vertex -2.848372e-01 8.690887e+00 1.016000e+01
    endloop
  endfacet
  facet normal 6.123234e-17 0.000000e+00 1.000000e+00
    outer loop
      vertex 2.125746e+00 7.750000e+00 1.016000e+01
      vertex -2.848372e-01 8.690887e+00 1.016000e+01
      vertex 2.125746e+00 -7.750001e+00 1.016000e+01
    endloop
  endfacet
  facet normal 6.123234e-17 0.000000e+00 1.000000e+00
    outer loop
      vertex 2.125746e+00 -7.750001e+00 1.016000e+01
      vertex -2.848372e-01 8.690887e+00 1.016000e+01
      vertex -2.848372e-01 -8.690889e+00 1.016000e+01
    endloop
  endfacet
  facet normal 6.123234e-17 0.000000e+00 1.000000e+00
    outer loop
      vertex 2.125746e+00 -7.750001e+00 1.016000e+01
      vertex -2.848372e-01 -8.690889e+00 1.016000e+01
      vertex 2.574587e-02 -8.650001e+00 1.016000e+01
    endloop
  endfacet
  facet normal 6.123234e-17 0.000000e+00 1.000000e+00
    outer loop
      vertex -2.848372e-01 8.690887e+00 1.016000e+01
      vertex -5.742545e-01 8.810768e+00 1.016000e+01
      vertex -2.848372e-01 -8.690889e+00 1.016000e+01
    endloop
  endfacet
  facet normal 6.123234e-17 0.000000e+00 1.000000e+00
    outer loop
      vertex -2.848372e-01 -8.690889e+00 1.016000e+01
      vertex -5.742545e-01 8.810768e+00 1.016000e+01
      vertex -5.742545e-01 -8.810770e+00 1.016000e+01
    endloop
  endfacet
  facet normal 6.123234e-17 0.000000e+00 1.000000e+00
    outer loop
      vertex -5.742545e-01 -8.810770e+00 1.016000e+01
      vertex -5.742545e-01 8.810768e+00 1.016000e+01
      vertex -7.621253e+00 -9.525001e+00 1.016000e+01
    endloop
  endfacet
  facet normal 6.123234e-17 0.000000e+00 1.000000e+00
    outer loop
      vertex -5.742545e-01 -8.810770e+00 1.016000e+01
      vertex -7.621253e+00 -9.525001e+00 1.016000e+01
      vertex -8.227820e-01 -9.001472e+00 1.016000e+01
    endloop
  endfacet
  facet normal 6.123234e-17 0.000000e+00 1.000000e+00
    outer loop
      vertex -8.227820e-01 -9.001472e+00 1.016000e+01
      vertex -7.621253e+00 -9.525001e+00 1.016000e+01
      vertex -1.013484e+00 -9.250001e+00 1.016000e+01
    endloop
  endfacet
  facet normal 6.123234e-17 0.000000e+00 1.000000e+00
    outer loop
      vertex -1.013484e+00 -9.250001e+00 1.016000e+01
      vertex -7.621253e+00 -9.525001e+00 1.016000e+01
      vertex -1.133365e+00 -9.539418e+00 1.016000e+01
    endloop
  endfacet
  facet normal 6.123234e-17 0.000000e+00 1.000000e+00
    outer loop
      vertex -1.133365e+00 -9.539418e+00 1.016000e+01
      vertex -7.621253e+00 -9.525001e+00 1.016000e+01
      vertex -1.174253e+00 -9.850000e+00 1.016000e+01
    endloop
  endfacet
  facet normal 6.123234e-17 0.000000e+00 1.000000e+00
    outer loop
      vertex -1.174253e+00 -9.850000e+00 1.016000e+01
      vertex -7.621253e+00 -9.525001e+00 1.016000e+01
      vertex -1.133365e+00 -1.016058e+01 1.016000e+01
    endloop
  endfacet
  facet normal 6.123234e-17 0.000000e+00 1.000000e+00
    outer loop
      vertex -1.133365e+00 -1.016058e+01 1.016000e+01
      vertex -7.621253e+00 -9.525001e+00 1.016000e+01
      vertex -1.013484e+00 -1.045000e+01 1.016000e+01
    endloop
  endfacet
  facet normal 6.123234e-17 0.000000e+00 1.000000e+00
    outer loop
      vertex -1.013484e+00 -1.045000e+01 1.016000e+01
      vertex -7.621253e+00 -9.525001e+00 1.016000e+01
      vertex -1.630464e+00 -2.123079e+01 1.016000e+01
    endloop
  endfacet
  facet normal 6.123234e-17 0.000000e+00 1.000000e+00
    outer loop
      vertex -1.013484e+00 -1.045000e+01 1.016000e+01
      vertex -1.630464e+00 -2.123079e+01 1.016000e+01
      vertex -8.227820e-01 -1.069853e+01 1.016000e+01
    endloop
  endfacet
  facet normal 6.123234e-17 0.000000e+00 1.000000e+00
    outer loop
      vertex -8.227820e-01 -1.069853e+01 1.016000e+01
      vertex -1.630464e+00 -2.123079e+01 1.016000e+01
      vertex -1.525253e+00 -2.115006e+01 1.016000e+01
    endloop
  endfacet
  facet normal 6.123234e-17 0.000000e+00 1.000000e+00
    outer loop
      vertex -8.227820e-01 -1.069853e+01 1.016000e+01
      vertex -1.525253e+00 -2.115006e+01 1.016000e+01
      vertex -5.742545e-01 -1.088923e+01 1.016000e+01
    endloop
  endfacet
  facet normal 6.123234e-17 0.000000e+00 1.000000e+00
    outer loop
      vertex -5.742545e-01 -1.088923e+01 1.016000e+01
      vertex -1.525253e+00 -2.115006e+01 1.016000e+01
      vertex -1.402734e+00 -2.109931e+01 1.016000e+01
    endloop
  endfacet
  facet normal 6.123234e-17 0.000000e+00 1.000000e+00
    outer loop
      vertex -5.742545e-01 -1.088923e+01 1.016000e+01
      vertex -1.402734e+00 -2.109931e+01 1.016000e+01
      vertex -1.271253e+00 -2.108200e+01 1.016000e+01
    endloop
  endfacet
  facet normal 6.123234e-17 0.000000e+00 1.000000e+00
    outer loop
      vertex -7.621253e+00 -9.525001e+00 1.016000e+01
      vertex -5.742545e-01 8.810768e+00 1.016000e+01
      vertex -7.621253e+00 9.524998e+00 1.016000e+01
    endloop
  endfacet
  facet normal 6.123234e-17 0.000000e+00 1.000000e+00
    outer loop
      vertex -7.621253e+00 9.524998e+00 1.016000e+01
      vertex -5.742545e-01 8.810768e+00 1.016000e+01
      vertex -8.227820e-01 9.001471e+00 1.016000e+01
    endloop
  endfacet
  facet normal 6.123234e-17 0.000000e+00 1.000000e+00
    outer loop
      vertex -7.621253e+00 9.524998e+00 1.016000e+01
      vertex -8.227820e-01 9.001471e+00 1.016000e+01
      vertex -1.013484e+00 9.250000e+00 1.016000e+01
    endloop
  endfacet
  facet normal 6.123234e-17 0.000000e+00 1.000000e+00
    outer loop
      vertex -1.013484e+00 9.250000e+00 1.016000e+01
      vertex -1.133365e+00 9.539417e+00 1.016000e+01
      vertex -7.621253e+00 9.524998e+00 1.016000e+01
    endloop
  endfacet
  facet normal 6.123234e-17 0.000000e+00 1.000000e+00
    outer loop
      vertex -7.621253e+00 9.524998e+00 1.016000e+01
      vertex -1.133365e+00 9.539417e+00 1.016000e+01
      vertex -1.174253e+00 9.849998e+00 1.016000e+01
    endloop
  endfacet
  facet normal 6.123234e-17 0.000000e+00 1.000000e+00
    outer loop
      vertex -7.621253e+00 9.524998e+00 1.016000e+01
      vertex -1.174253e+00 9.849998e+00 1.016000e+01
      vertex -1.133365e+00 1.016058e+01 1.016000e+01
    endloop
  endfacet
  facet normal 6.123234e-17 0.000000e+00 1.000000e+00
    outer loop
      vertex -1.133365e+00 1.016058e+01 1.016000e+01
      vertex -1.013484e+00 1.045000e+01 1.016000e+01
      vertex -7.621253e+00 9.524998e+00 1.016000e+01
    endloop
  endfacet
  facet normal 6.123234e-17 0.000000e+00 1.000000e+00
    outer loop
      vertex -7.621253e+00 9.524998e+00 1.016000e+01
      vertex -1.013484e+00 1.045000e+01 1.016000e+01
      vertex -1.630464e+00 2.123079e+01 1.016000e+01
    endloop
  endfacet
  facet normal 6.123234e-17 0.000000e+00 1.000000e+00
    outer loop
      vertex -7.621253e+00 9.524998e+00 1.016000e+01
      vertex -1.630464e+00 2.123079e+01 1.016000e+01
      vertex -1.711195e+00 2.133600e+01 1.016000e+01
    endloop
  endfacet
  facet normal 6.123234e-17 0.000000e+00 1.000000e+00
    outer loop
      vertex -1.013484e+00 1.045000e+01 1.016000e+01
      vertex -8.227820e-01 1.069853e+01 1.016000e+01
      vertex -1.630464e+00 2.123079e+01 1.016000e+01
    endloop
  endfacet
  facet normal 6.123234e-17 0.000000e+00 1.000000e+00
    outer loop
      vertex -1.630464e+00 2.123079e+01 1.016000e+01
      vertex -8.227820e-01 1.069853e+01 1.016000e+01
      vertex -1.525253e+00 2.115006e+01 1.016000e+01
    endloop
  endfacet
  facet normal 6.123234e-17 0.000000e+00 1.000000e+00
    outer loop
      vertex -1.525253e+00 2.115006e+01 1.016000e+01
      vertex -8.227820e-01 1.069853e+01 1.016000e+01
      vertex -5.742545e-01 1.088923e+01 1.016000e+01
    endloop
  endfacet
  facet normal 6.123234e-17 0.000000e+00 1.000000e+00
    outer loop
      vertex -1.525253e+00 2.115006e+01 1.016000e+01
      vertex -5.742545e-01 1.088923e+01 1.016000e+01
      vertex -1.402734e+00 2.109931e+01 1.016000e+01
    endloop
  endfacet
  facet normal 6.123234e-17 0.000000e+00 1.000000e+00
    outer loop
      vertex -1.402734e+00 2.109931e+01 1.016000e+01
      vertex -5.742545e-01 1.088923e+01 1.016000e+01
      vertex -1.271253e+00 2.108200e+01 1.016000e+01
    endloop
  endfacet
  facet normal 6.123234e-17 0.000000e+00 1.000000e+00
    outer loop
      vertex -1.271253e+00 2.108200e+01 1.016000e+01
      vertex -5.742545e-01 1.088923e+01 1.016000e+01
      vertex -2.848372e-01 1.100911e+01 1.016000e+01
    endloop
  endfacet
  facet normal 6.123234e-17 0.000000e+00 1.000000e+00
    outer loop
      vertex -1.271253e+00 2.108200e+01 1.016000e+01
      vertex -2.848372e-01 1.100911e+01 1.016000e+01
      vertex -1.139774e+00 2.109931e+01 1.016000e+01
    endloop
  endfacet
  facet normal 6.123234e-17 0.000000e+00 1.000000e+00
    outer loop
      vertex -1.139774e+00 2.109931e+01 1.016000e+01
      vertex -2.848372e-01 1.100911e+01 1.016000e+01
      vertex 2.574587e-02 1.105000e+01 1.016000e+01
    endloop
  endfacet
  facet normal 6.123234e-17 0.000000e+00 1.000000e+00
    outer loop
      vertex -1.139774e+00 2.109931e+01 1.016000e+01
      vertex 2.574587e-02 1.105000e+01 1.016000e+01
      vertex -1.017253e+00 2.115006e+01 1.016000e+01
    endloop
  endfacet
  facet normal 6.123234e-17 0.000000e+00 1.000000e+00
    outer loop
      vertex -1.017253e+00 2.115006e+01 1.016000e+01
      vertex 2.574587e-02 1.105000e+01 1.016000e+01
      vertex 3.363290e-01 1.100911e+01 1.016000e+01
    endloop
  endfacet
  facet normal 6.123234e-17 0.000000e+00 1.000000e+00
    outer loop
      vertex -1.017253e+00 2.115006e+01 1.016000e+01
      vertex 3.363290e-01 1.100911e+01 1.016000e+01
      vertex -9.120440e-01 2.123079e+01 1.016000e+01
    endloop
  endfacet
  facet normal 6.123234e-17 0.000000e+00 1.000000e+00
    outer loop
      vertex -9.120440e-01 2.123079e+01 1.016000e+01
      vertex 3.363290e-01 1.100911e+01 1.016000e+01
      vertex 6.257463e-01 1.088923e+01 1.016000e+01
    endloop
  endfacet
  facet normal 6.123234e-17 0.000000e+00 1.000000e+00
    outer loop
      vertex -9.120440e-01 2.123079e+01 1.016000e+01
      vertex 6.257463e-01 1.088923e+01 1.016000e+01
      vertex -8.313136e-01 2.133600e+01 1.016000e+01
    endloop
  endfacet
  facet normal 6.123234e-17 0.000000e+00 1.000000e+00
    outer loop
      vertex -8.313136e-01 2.133600e+01 1.016000e+01
      vertex 6.257463e-01 1.088923e+01 1.016000e+01
      vertex 8.742738e-01 1.069853e+01 1.016000e+01
    endloop
  endfacet
  facet normal 6.123234e-17 0.000000e+00 1.000000e+00
    outer loop
      vertex -8.313136e-01 2.133600e+01 1.016000e+01
      vertex 8.742738e-01 1.069853e+01 1.016000e+01
      vertex -7.805629e-01 2.145852e+01 1.016000e+01
    endloop
  endfacet
  facet normal 6.123234e-17 0.000000e+00 1.000000e+00
    outer loop
      vertex -7.805629e-01 2.145852e+01 1.016000e+01
      vertex 8.742738e-01 1.069853e+01 1.016000e+01
      vertex 1.207722e+01 1.069853e+01 1.016000e+01
    endloop
  endfacet
  facet normal 6.123234e-17 0.000000e+00 1.000000e+00
    outer loop
      vertex -7.805629e-01 2.145852e+01 1.016000e+01
      vertex 1.207722e+01 1.069853e+01 1.016000e+01
      vertex -7.632537e-01 2.159000e+01 1.016000e+01
    endloop
  endfacet
  facet normal 6.123234e-17 0.000000e+00 1.000000e+00
    outer loop
      vertex -7.632537e-01 2.159000e+01 1.016000e+01
      vertex 1.207722e+01 1.069853e+01 1.016000e+01
      vertex 1.600075e+01 2.159000e+01 1.016000e+01
    endloop
  endfacet
  facet normal 6.123234e-17 0.000000e+00 1.000000e+00
    outer loop
      vertex -7.632537e-01 2.159000e+01 1.016000e+01
      vertex 1.600075e+01 2.159000e+01 1.016000e+01
      vertex -7.805629e-01 2.172148e+01 1.016000e+01
    endloop
  endfacet
  facet normal 6.123234e-17 0.000000e+00 1.000000e+00
    outer loop
      vertex -7.805629e-01 2.172148e+01 1.016000e+01
      vertex 1.600075e+01 2.159000e+01 1.016000e+01
      vertex 1.601806e+01 2.172148e+01 1.016000e+01
    endloop
  endfacet
  facet normal 6.123234e-17 0.000000e+00 1.000000e+00
    outer loop
      vertex -7.805629e-01 2.172148e+01 1.016000e+01
      vertex 1.601806e+01 2.172148e+01 1.016000e+01
      vertex -8.313136e-01 2.184400e+01 1.016000e+01
    endloop
  endfacet
  facet normal 6.123234e-17 0.000000e+00 1.000000e+00
    outer loop
      vertex -8.313136e-01 2.184400e+01 1.016000e+01
      vertex 1.601806e+01 2.172148e+01 1.016000e+01
      vertex 1.606880e+01 2.184400e+01 1.016000e+01
    endloop
  endfacet
  facet normal 6.123234e-17 0.000000e+00 1.000000e+00
    outer loop
      vertex -8.313136e-01 2.184400e+01 1.016000e+01
      vertex 1.606880e+01 2.184400e+01 1.016000e+01
      vertex -9.120440e-01 2.194921e+01 1.016000e+01
    endloop
  endfacet
  facet normal 6.123234e-17 0.000000e+00 1.000000e+00
    outer loop
      vertex -9.120440e-01 2.194921e+01 1.016000e+01
      vertex 1.606880e+01 2.184400e+01 1.016000e+01
      vertex 1.614953e+01 2.194921e+01 1.016000e+01
    endloop
  endfacet
  facet normal 6.123234e-17 0.000000e+00 1.000000e+00
    outer loop
      vertex -9.120440e-01 2.194921e+01 1.016000e+01
      vertex 1.614953e+01 2.194921e+01 1.016000e+01
      vertex -1.017253e+00 2.202994e+01 1.016000e+01
    endloop
  endfacet
  facet normal 6.123234e-17 0.000000e+00 1.000000e+00
    outer loop
      vertex -1.017253e+00 2.202994e+01 1.016000e+01
      vertex 1.614953e+01 2.194921e+01 1.016000e+01
      vertex 1.625475e+01 2.202994e+01 1.016000e+01
    endloop
  endfacet
  facet normal 6.123234e-17 0.000000e+00 1.000000e+00
    outer loop
      vertex -1.017253e+00 2.202994e+01 1.016000e+01
      vertex 1.625475e+01 2.202994e+01 1.016000e+01
      vertex 1.777875e+01 2.286000e+01 1.016000e+01
    endloop
  endfacet
  facet normal 6.123234e-17 0.000000e+00 1.000000e+00
    outer loop
      vertex 1.777875e+01 2.286000e+01 1.016000e+01
      vertex 1.625475e+01 2.202994e+01 1.016000e+01
      vertex 1.637726e+01 2.208069e+01 1.016000e+01
    endloop
  endfacet
  facet normal 6.123234e-17 0.000000e+00 1.000000e+00
    outer loop
      vertex 1.777875e+01 2.286000e+01 1.016000e+01
      vertex 1.637726e+01 2.208069e+01 1.016000e+01
      vertex 1.650875e+01 2.209800e+01 1.016000e+01
    endloop
  endfacet
  facet normal 6.123234e-17 0.000000e+00 1.000000e+00
    outer loop
      vertex 1.207722e+01 1.069853e+01 1.016000e+01
      vertex 8.742738e-01 1.069853e+01 1.016000e+01
      vertex 1.188652e+01 1.045000e+01 1.016000e+01
    endloop
  endfacet
  facet normal 6.123234e-17 0.000000e+00 1.000000e+00
    outer loop
      vertex 1.188652e+01 1.045000e+01 1.016000e+01
      vertex 8.742738e-01 1.069853e+01 1.016000e+01
      vertex 1.064976e+00 1.045000e+01 1.016000e+01
    endloop
  endfacet
  facet normal 6.123234e-17 0.000000e+00 1.000000e+00
    outer loop
      vertex 1.188652e+01 1.045000e+01 1.016000e+01
      vertex 1.064976e+00 1.045000e+01 1.016000e+01
      vertex 1.176663e+01 1.016058e+01 1.016000e+01
    endloop
  endfacet
  facet normal 6.123234e-17 0.000000e+00 1.000000e+00
    outer loop
      vertex 1.176663e+01 1.016058e+01 1.016000e+01
      vertex 1.064976e+00 1.045000e+01 1.016000e+01
      vertex 1.184857e+00 1.016058e+01 1.016000e+01
    endloop
  endfacet
  facet normal 6.123234e-17 0.000000e+00 1.000000e+00
    outer loop
      vertex 1.176663e+01 1.016058e+01 1.016000e+01
      vertex 1.184857e+00 1.016058e+01 1.016000e+01
      vertex 1.082575e+01 7.750000e+00 1.016000e+01
    endloop
  endfacet
  facet normal 6.123234e-17 0.000000e+00 1.000000e+00
    outer loop
      vertex 1.082575e+01 7.750000e+00 1.016000e+01
      vertex 1.184857e+00 1.016058e+01 1.016000e+01
      vertex 2.125746e+00 7.750000e+00 1.016000e+01
    endloop
  endfacet
  facet normal 6.123234e-17 0.000000e+00 1.000000e+00
    outer loop
      vertex 2.125746e+00 7.750000e+00 1.016000e+01
      vertex 1.184857e+00 1.016058e+01 1.016000e+01
      vertex 1.225747e+00 9.849998e+00 1.016000e+01
    endloop
  endfacet
  facet normal 6.123234e-17 0.000000e+00 1.000000e+00
    outer loop
      vertex 2.125746e+00 7.750000e+00 1.016000e+01
      vertex 1.225747e+00 9.849998e+00 1.016000e+01
      vertex 1.184857e+00 9.539417e+00 1.016000e+01
    endloop
  endfacet
  facet normal 6.123234e-17 0.000000e+00 1.000000e+00
    outer loop
      vertex 1.184857e+00 9.539417e+00 1.016000e+01
      vertex 1.064976e+00 9.250000e+00 1.016000e+01
      vertex 2.125746e+00 7.750000e+00 1.016000e+01
    endloop
  endfacet
  facet normal 6.123234e-17 0.000000e+00 1.000000e+00
    outer loop
      vertex 2.125746e+00 7.750000e+00 1.016000e+01
      vertex 1.064976e+00 9.250000e+00 1.016000e+01
      vertex 8.742738e-01 9.001471e+00 1.016000e+01
    endloop
  endfacet
  facet normal 6.123234e-17 0.000000e+00 1.000000e+00
    outer loop
      vertex 2.125746e+00 7.750000e+00 1.016000e+01
      vertex 8.742738e-01 9.001471e+00 1.016000e+01
      vertex 6.257463e-01 8.810768e+00 1.016000e+01
    endloop
  endfacet
  facet normal 6.123234e-17 0.000000e+00 1.000000e+00
    outer loop
      vertex 6.257463e-01 8.810768e+00 1.016000e+01
      vertex 3.363290e-01 8.690887e+00 1.016000e+01
      vertex 2.125746e+00 7.750000e+00 1.016000e+01
    endloop
  endfacet
  facet normal 6.123234e-17 0.000000e+00 1.000000e+00
    outer loop
      vertex 1.082575e+01 -7.750001e+00 1.016000e+01
      vertex 1.323633e+01 -8.690889e+00 1.016000e+01
      vertex 1.082575e+01 7.750000e+00 1.016000e+01
    endloop
  endfacet
  facet normal 6.123234e-17 0.000000e+00 1.000000e+00
    outer loop
      vertex 1.082575e+01 7.750000e+00 1.016000e+01
      vertex 1.323633e+01 -8.690889e+00 1.016000e+01
      vertex 1.323633e+01 8.690887e+00 1.016000e+01
    endloop
  endfacet
  facet normal 6.123234e-17 0.000000e+00 1.000000e+00
    outer loop
      vertex 1.082575e+01 7.750000e+00 1.016000e+01
      vertex 1.323633e+01 8.690887e+00 1.016000e+01
      vertex 1.292575e+01 8.650000e+00 1.016000e+01
    endloop
  endfacet
  facet normal 6.123234e-17 0.000000e+00 1.000000e+00
    outer loop
      vertex 2.125746e+00 -7.750001e+00 1.016000e+01
      vertex 1.176663e+01 -1.016058e+01 1.016000e+01
      vertex 1.082575e+01 -7.750001e+00 1.016000e+01
    endloop
  endfacet
  facet normal 6.123234e-17 0.000000e+00 1.000000e+00
    outer loop
      vertex 1.082575e+01 -7.750001e+00 1.016000e+01
      vertex 1.176663e+01 -1.016058e+01 1.016000e+01
      vertex 1.172575e+01 -9.850000e+00 1.016000e+01
    endloop
  endfacet
  facet normal 6.123234e-17 0.000000e+00 1.000000e+00
    outer loop
      vertex 1.082575e+01 -7.750001e+00 1.016000e+01
      vertex 1.172575e+01 -9.850000e+00 1.016000e+01
      vertex 1.176663e+01 -9.539418e+00 1.016000e+01
    endloop
  endfacet
  facet normal 6.123234e-17 0.000000e+00 1.000000e+00
    outer loop
      vertex -2.848372e-01 -1.100911e+01 1.016000e+01
      vertex -1.139774e+00 -2.109931e+01 1.016000e+01
      vertex 2.574587e-02 -1.105000e+01 1.016000e+01
    endloop
  endfacet
  facet normal 6.123234e-17 0.000000e+00 1.000000e+00
    outer loop
      vertex 2.574587e-02 -1.105000e+01 1.016000e+01
      vertex -1.139774e+00 -2.109931e+01 1.016000e+01
      vertex -1.017253e+00 -2.115006e+01 1.016000e+01
    endloop
  endfacet
  facet normal 6.123234e-17 0.000000e+00 1.000000e+00
    outer loop
      vertex 2.574587e-02 -1.105000e+01 1.016000e+01
      vertex -1.017253e+00 -2.115006e+01 1.016000e+01
      vertex 3.363290e-01 -1.100911e+01 1.016000e+01
    endloop
  endfacet
  facet normal 6.123234e-17 0.000000e+00 1.000000e+00
    outer loop
      vertex 3.363290e-01 -1.100911e+01 1.016000e+01
      vertex -1.017253e+00 -2.115006e+01 1.016000e+01
      vertex -9.120440e-01 -2.123079e+01 1.016000e+01
    endloop
  endfacet
  facet normal 6.123234e-17 0.000000e+00 1.000000e+00
    outer loop
      vertex 3.363290e-01 -1.100911e+01 1.016000e+01
      vertex -9.120440e-01 -2.123079e+01 1.016000e+01
      vertex 6.257463e-01 -1.088923e+01 1.016000e+01
    endloop
  endfacet
  facet normal 6.123234e-17 0.000000e+00 1.000000e+00
    outer loop
      vertex 6.257463e-01 -1.088923e+01 1.016000e+01
      vertex -9.120440e-01 -2.123079e+01 1.016000e+01
      vertex -8.313136e-01 -2.133600e+01 1.016000e+01
    endloop
  endfacet
  facet normal 6.123234e-17 0.000000e+00 1.000000e+00
    outer loop
      vertex 6.257463e-01 -1.088923e+01 1.016000e+01
      vertex -8.313136e-01 -2.133600e+01 1.016000e+01
      vertex 8.742738e-01 -1.069853e+01 1.016000e+01
    endloop
  endfacet
  facet normal 6.123234e-17 0.000000e+00 1.000000e+00
    outer loop
      vertex 8.742738e-01 -1.069853e+01 1.016000e+01
      vertex -8.313136e-01 -2.133600e+01 1.016000e+01
      vertex -7.805629e-01 -2.145852e+01 1.016000e+01
    endloop
  endfacet
  facet normal 6.123234e-17 0.000000e+00 1.000000e+00
    outer loop
      vertex 8.742738e-01 -1.069853e+01 1.016000e+01
      vertex -7.805629e-01 -2.145852e+01 1.016000e+01
      vertex 1.207722e+01 -1.069853e+01 1.016000e+01
    endloop
  endfacet
  facet normal 6.123234e-17 0.000000e+00 1.000000e+00
    outer loop
      vertex 1.207722e+01 -1.069853e+01 1.016000e+01
      vertex -7.805629e-01 -2.145852e+01 1.016000e+01
      vertex -7.632537e-01 -2.159000e+01 1.016000e+01
    endloop
  endfacet
  facet normal 6.123234e-17 0.000000e+00 1.000000e+00
    outer loop
      vertex 1.207722e+01 -1.069853e+01 1.016000e+01
      vertex -7.632537e-01 -2.159000e+01 1.016000e+01
      vertex 1.600075e+01 -2.159000e+01 1.016000e+01
    endloop
  endfacet
  facet normal 6.123234e-17 0.000000e+00 1.000000e+00
    outer loop
      vertex 1.600075e+01 -2.159000e+01 1.016000e+01
      vertex -7.632537e-01 -2.159000e+01 1.016000e+01
      vertex 1.601806e+01 -2.172148e+01 1.016000e+01
    endloop
  endfacet
  facet normal 6.123234e-17 0.000000e+00 1.000000e+00
    outer loop
      vertex 1.601806e+01 -2.172148e+01 1.016000e+01
      vertex -7.632537e-01 -2.159000e+01 1.016000e+01
      vertex -7.805629e-01 -2.172148e+01 1.016000e+01
    endloop
  endfacet
  facet normal 6.123234e-17 0.000000e+00 1.000000e+00
    outer loop
      vertex 1.601806e+01 -2.172148e+01 1.016000e+01
      vertex -7.805629e-01 -2.172148e+01 1.016000e+01
      vertex 1.606880e+01 -2.184400e+01 1.016000e+01
    endloop
  endfacet
  facet normal 6.123234e-17 0.000000e+00 1.000000e+00
    outer loop
      vertex 1.606880e+01 -2.184400e+01 1.016000e+01
      vertex -7.805629e-01 -2.172148e+01 1.016000e+01
      vertex -8.313136e-01 -2.184400e+01 1.016000e+01
    endloop
  endfacet
  facet normal 6.123234e-17 0.000000e+00 1.000000e+00
    outer loop
      vertex 1.606880e+01 -2.184400e+01 1.016000e+01
      vertex -8.313136e-01 -2.184400e+01 1.016000e+01
      vertex 1.614953e+01 -2.194921e+01 1.016000e+01
    endloop
  endfacet
  facet normal 6.123234e-17 0.000000e+00 1.000000e+00
    outer loop
      vertex 1.614953e+01 -2.194921e+01 1.016000e+01
      vertex -8.313136e-01 -2.184400e+01 1.016000e+01
      vertex -9.120440e-01 -2.194921e+01 1.016000e+01
    endloop
  endfacet
  facet normal 6.123234e-17 0.000000e+00 1.000000e+00
    outer loop
      vertex 1.614953e+01 -2.194921e+01 1.016000e+01
      vertex -9.120440e-01 -2.194921e+01 1.016000e+01
      vertex 1.625475e+01 -2.202994e+01 1.016000e+01
    endloop
  endfacet
  facet normal 6.123234e-17 0.000000e+00 1.000000e+00
    outer loop
      vertex 1.625475e+01 -2.202994e+01 1.016000e+01
      vertex -9.120440e-01 -2.194921e+01 1.016000e+01
      vertex -1.017253e+00 -2.202994e+01 1.016000e+01
    endloop
  endfacet
  facet normal 6.123234e-17 0.000000e+00 1.000000e+00
    outer loop
      vertex 1.625475e+01 -2.202994e+01 1.016000e+01
      vertex -1.017253e+00 -2.202994e+01 1.016000e+01
      vertex 1.777875e+01 -2.286000e+01 1.016000e+01
    endloop
  endfacet
  facet normal 6.123234e-17 0.000000e+00 1.000000e+00
    outer loop
      vertex 1.777875e+01 -2.286000e+01 1.016000e+01
      vertex -1.017253e+00 -2.202994e+01 1.016000e+01
      vertex -1.139774e+00 -2.208069e+01 1.016000e+01
    endloop
  endfacet
  facet normal 6.123234e-17 0.000000e+00 1.000000e+00
    outer loop
      vertex 1.777875e+01 -2.286000e+01 1.016000e+01
      vertex -1.139774e+00 -2.208069e+01 1.016000e+01
      vertex -1.271253e+00 -2.209800e+01 1.016000e+01
    endloop
  endfacet
  facet normal 6.123234e-17 0.000000e+00 1.000000e+00
    outer loop
      vertex -1.139774e+00 -2.109931e+01 1.016000e+01
      vertex -2.848372e-01 -1.100911e+01 1.016000e+01
      vertex -1.271253e+00 -2.108200e+01 1.016000e+01
    endloop
  endfacet
  facet normal 6.123234e-17 0.000000e+00 1.000000e+00
    outer loop
      vertex -1.271253e+00 -2.108200e+01 1.016000e+01
      vertex -2.848372e-01 -1.100911e+01 1.016000e+01
      vertex -5.742545e-01 -1.088923e+01 1.016000e+01
    endloop
  endfacet
  facet normal 6.123234e-17 0.000000e+00 1.000000e+00
    outer loop
      vertex 2.574587e-02 -8.650001e+00 1.016000e+01
      vertex 3.363290e-01 -8.690889e+00 1.016000e+01
      vertex 2.125746e+00 -7.750001e+00 1.016000e+01
    endloop
  endfacet
  facet normal 6.123234e-17 0.000000e+00 1.000000e+00
    outer loop
      vertex 2.125746e+00 -7.750001e+00 1.016000e+01
      vertex 3.363290e-01 -8.690889e+00 1.016000e+01
      vertex 6.257463e-01 -8.810770e+00 1.016000e+01
    endloop
  endfacet
  facet normal 6.123234e-17 0.000000e+00 1.000000e+00
    outer loop
      vertex 2.125746e+00 -7.750001e+00 1.016000e+01
      vertex 6.257463e-01 -8.810770e+00 1.016000e+01
      vertex 8.742738e-01 -9.001472e+00 1.016000e+01
    endloop
  endfacet
  facet normal 6.123234e-17 0.000000e+00 1.000000e+00
    outer loop
      vertex 8.742738e-01 -9.001472e+00 1.016000e+01
      vertex 1.064976e+00 -9.250001e+00 1.016000e+01
      vertex 2.125746e+00 -7.750001e+00 1.016000e+01
    endloop
  endfacet
  facet normal 6.123234e-17 0.000000e+00 1.000000e+00
    outer loop
      vertex 2.125746e+00 -7.750001e+00 1.016000e+01
      vertex 1.064976e+00 -9.250001e+00 1.016000e+01
      vertex 1.184857e+00 -9.539418e+00 1.016000e+01
    endloop
  endfacet
  facet normal 6.123234e-17 0.000000e+00 1.000000e+00
    outer loop
      vertex 2.125746e+00 -7.750001e+00 1.016000e+01
      vertex 1.184857e+00 -9.539418e+00 1.016000e+01
      vertex 1.225747e+00 -9.850000e+00 1.016000e+01
    endloop
  endfacet
  facet normal 6.123234e-17 0.000000e+00 1.000000e+00
    outer loop
      vertex 1.225747e+00 -9.850000e+00 1.016000e+01
      vertex 1.184857e+00 -1.016058e+01 1.016000e+01
      vertex 2.125746e+00 -7.750001e+00 1.016000e+01
    endloop
  endfacet
  facet normal 6.123234e-17 0.000000e+00 1.000000e+00
    outer loop
      vertex 2.125746e+00 -7.750001e+00 1.016000e+01
      vertex 1.184857e+00 -1.016058e+01 1.016000e+01
      vertex 1.176663e+01 -1.016058e+01 1.016000e+01
    endloop
  endfacet
  facet normal 6.123234e-17 0.000000e+00 1.000000e+00
    outer loop
      vertex 1.176663e+01 -1.016058e+01 1.016000e+01
      vertex 1.184857e+00 -1.016058e+01 1.016000e+01
      vertex 1.188652e+01 -1.045000e+01 1.016000e+01
    endloop
  endfacet
  facet normal 6.123234e-17 0.000000e+00 1.000000e+00
    outer loop
      vertex 1.188652e+01 -1.045000e+01 1.016000e+01
      vertex 1.184857e+00 -1.016058e+01 1.016000e+01
      vertex 1.064976e+00 -1.045000e+01 1.016000e+01
    endloop
  endfacet
  facet normal 6.123234e-17 0.000000e+00 1.000000e+00
    outer loop
      vertex 1.188652e+01 -1.045000e+01 1.016000e+01
      vertex 1.064976e+00 -1.045000e+01 1.016000e+01
      vertex 1.207722e+01 -1.069853e+01 1.016000e+01
    endloop
  endfacet
  facet normal 6.123234e-17 0.000000e+00 1.000000e+00
    outer loop
      vertex 1.207722e+01 -1.069853e+01 1.016000e+01
      vertex 1.064976e+00 -1.045000e+01 1.016000e+01
      vertex 8.742738e-01 -1.069853e+01 1.016000e+01
    endloop
  endfacet
  facet normal 6.123234e-17 0.000000e+00 1.000000e+00
    outer loop
      vertex 1.292575e+01 8.650000e+00 1.016000e+01
      vertex 1.261516e+01 8.690887e+00 1.016000e+01
      vertex 1.082575e+01 7.750000e+00 1.016000e+01
    endloop
  endfacet
  facet normal 6.123234e-17 0.000000e+00 1.000000e+00
    outer loop
      vertex 1.082575e+01 7.750000e+00 1.016000e+01
      vertex 1.261516e+01 8.690887e+00 1.016000e+01
      vertex 1.232575e+01 8.810768e+00 1.016000e+01
    endloop
  endfacet
  facet normal 6.123234e-17 0.000000e+00 1.000000e+00
    outer loop
      vertex 1.082575e+01 7.750000e+00 1.016000e+01
      vertex 1.232575e+01 8.810768e+00 1.016000e+01
      vertex 1.207722e+01 9.001471e+00 1.016000e+01
    endloop
  endfacet
  facet normal 6.123234e-17 0.000000e+00 1.000000e+00
    outer loop
      vertex 1.207722e+01 9.001471e+00 1.016000e+01
      vertex 1.188652e+01 9.250000e+00 1.016000e+01
      vertex 1.082575e+01 7.750000e+00 1.016000e+01
    endloop
  endfacet
  facet normal 6.123234e-17 0.000000e+00 1.000000e+00
    outer loop
      vertex 1.082575e+01 7.750000e+00 1.016000e+01
      vertex 1.188652e+01 9.250000e+00 1.016000e+01
      vertex 1.176663e+01 9.539417e+00 1.016000e+01
    endloop
  endfacet
  facet normal 6.123234e-17 0.000000e+00 1.000000e+00
    outer loop
      vertex 1.082575e+01 7.750000e+00 1.016000e+01
      vertex 1.176663e+01 9.539417e+00 1.016000e+01
      vertex 1.172575e+01 9.849998e+00 1.016000e+01
    endloop
  endfacet
  facet normal 6.123234e-17 0.000000e+00 1.000000e+00
    outer loop
      vertex 1.172575e+01 9.849998e+00 1.016000e+01
      vertex 1.176663e+01 1.016058e+01 1.016000e+01
      vertex 1.082575e+01 7.750000e+00 1.016000e+01
    endloop
  endfacet
  facet normal 6.123234e-17 0.000000e+00 1.000000e+00
    outer loop
      vertex 1.600075e+01 2.159000e+01 1.016000e+01
      vertex 1.207722e+01 1.069853e+01 1.016000e+01
      vertex 1.601806e+01 2.145852e+01 1.016000e+01
    endloop
  endfacet
  facet normal 6.123234e-17 0.000000e+00 1.000000e+00
    outer loop
      vertex 1.601806e+01 2.145852e+01 1.016000e+01
      vertex 1.207722e+01 1.069853e+01 1.016000e+01
      vertex 1.232575e+01 1.088923e+01 1.016000e+01
    endloop
  endfacet
  facet normal 6.123234e-17 0.000000e+00 1.000000e+00
    outer loop
      vertex 1.601806e+01 2.145852e+01 1.016000e+01
      vertex 1.232575e+01 1.088923e+01 1.016000e+01
      vertex 1.261516e+01 1.100911e+01 1.016000e+01
    endloop
  endfacet
  facet normal 6.123234e-17 0.000000e+00 1.000000e+00
    outer loop
      vertex 1.601806e+01 2.145852e+01 1.016000e+01
      vertex 1.261516e+01 1.100911e+01 1.016000e+01
      vertex 1.606880e+01 2.133600e+01 1.016000e+01
    endloop
  endfacet
  facet normal 6.123234e-17 0.000000e+00 1.000000e+00
    outer loop
      vertex 1.606880e+01 2.133600e+01 1.016000e+01
      vertex 1.261516e+01 1.100911e+01 1.016000e+01
      vertex 1.292575e+01 1.105000e+01 1.016000e+01
    endloop
  endfacet
  facet normal 6.123234e-17 0.000000e+00 1.000000e+00
    outer loop
      vertex 1.606880e+01 2.133600e+01 1.016000e+01
      vertex 1.292575e+01 1.105000e+01 1.016000e+01
      vertex 1.614953e+01 2.123079e+01 1.016000e+01
    endloop
  endfacet
  facet normal 6.123234e-17 0.000000e+00 1.000000e+00
    outer loop
      vertex 1.614953e+01 2.123079e+01 1.016000e+01
      vertex 1.292575e+01 1.105000e+01 1.016000e+01
      vertex 1.323633e+01 1.100911e+01 1.016000e+01
    endloop
  endfacet
  facet normal 6.123234e-17 0.000000e+00 1.000000e+00
    outer loop
      vertex 1.614953e+01 2.123079e+01 1.016000e+01
      vertex 1.323633e+01 1.100911e+01 1.016000e+01
      vertex 1.625475e+01 2.115006e+01 1.016000e+01
    endloop
  endfacet
  facet normal 6.123234e-17 0.000000e+00 1.000000e+00
    outer loop
      vertex 1.625475e+01 2.115006e+01 1.016000e+01
      vertex 1.323633e+01 1.100911e+01 1.016000e+01
      vertex 1.352575e+01 1.088923e+01 1.016000e+01
    endloop
  endfacet
  facet normal 6.123234e-17 0.000000e+00 1.000000e+00
    outer loop
      vertex 1.625475e+01 2.115006e+01 1.016000e+01
      vertex 1.352575e+01 1.088923e+01 1.016000e+01
      vertex 1.637726e+01 2.109931e+01 1.016000e+01
    endloop
  endfacet
  facet normal 6.123234e-17 0.000000e+00 1.000000e+00
    outer loop
      vertex 1.637726e+01 2.109931e+01 1.016000e+01
      vertex 1.352575e+01 1.088923e+01 1.016000e+01
      vertex 1.377428e+01 1.069853e+01 1.016000e+01
    endloop
  endfacet
  facet normal 6.123234e-17 0.000000e+00 1.000000e+00
    outer loop
      vertex 1.637726e+01 2.109931e+01 1.016000e+01
      vertex 1.377428e+01 1.069853e+01 1.016000e+01
      vertex 1.650875e+01 2.108200e+01 1.016000e+01
    endloop
  endfacet
  facet normal 6.123234e-17 0.000000e+00 1.000000e+00
    outer loop
      vertex 1.650875e+01 2.108200e+01 1.016000e+01
      vertex 1.377428e+01 1.069853e+01 1.016000e+01
      vertex 1.664023e+01 2.109931e+01 1.016000e+01
    endloop
  endfacet
  facet normal 6.123234e-17 0.000000e+00 1.000000e+00
    outer loop
      vertex 1.664023e+01 2.109931e+01 1.016000e+01
      vertex 1.377428e+01 1.069853e+01 1.016000e+01
      vertex 1.396498e+01 1.045000e+01 1.016000e+01
    endloop
  endfacet
  facet normal 6.123234e-17 0.000000e+00 1.000000e+00
    outer loop
      vertex 1.664023e+01 2.109931e+01 1.016000e+01
      vertex 1.396498e+01 1.045000e+01 1.016000e+01
      vertex 1.676275e+01 2.115006e+01 1.016000e+01
    endloop
  endfacet
  facet normal 6.123234e-17 0.000000e+00 1.000000e+00
    outer loop
      vertex 1.676275e+01 2.115006e+01 1.016000e+01
      vertex 1.396498e+01 1.045000e+01 1.016000e+01
      vertex 1.408486e+01 1.016058e+01 1.016000e+01
    endloop
  endfacet
  facet normal 6.123234e-17 0.000000e+00 1.000000e+00
    outer loop
      vertex 1.676275e+01 2.115006e+01 1.016000e+01
      vertex 1.408486e+01 1.016058e+01 1.016000e+01
      vertex 1.686796e+01 2.123079e+01 1.016000e+01
    endloop
  endfacet
  facet normal 6.123234e-17 0.000000e+00 1.000000e+00
    outer loop
      vertex 1.686796e+01 2.123079e+01 1.016000e+01
      vertex 1.408486e+01 1.016058e+01 1.016000e+01
      vertex 1.412575e+01 9.849998e+00 1.016000e+01
    endloop
  endfacet
  facet normal 6.123234e-17 0.000000e+00 1.000000e+00
    outer loop
      vertex 1.686796e+01 2.123079e+01 1.016000e+01
      vertex 1.412575e+01 9.849998e+00 1.016000e+01
      vertex 1.694869e+01 2.133600e+01 1.016000e+01
    endloop
  endfacet
  facet normal 6.123234e-17 0.000000e+00 1.000000e+00
    outer loop
      vertex 1.694869e+01 2.133600e+01 1.016000e+01
      vertex 1.412575e+01 9.849998e+00 1.016000e+01
      vertex 1.777875e+01 2.286000e+01 1.016000e+01
    endloop
  endfacet
  facet normal 6.123234e-17 0.000000e+00 1.000000e+00
    outer loop
      vertex 1.694869e+01 2.133600e+01 1.016000e+01
      vertex 1.777875e+01 2.286000e+01 1.016000e+01
      vertex 1.699944e+01 2.145852e+01 1.016000e+01
    endloop
  endfacet
  facet normal 6.123234e-17 0.000000e+00 1.000000e+00
    outer loop
      vertex 1.699944e+01 2.145852e+01 1.016000e+01
      vertex 1.777875e+01 2.286000e+01 1.016000e+01
      vertex 1.701675e+01 2.159000e+01 1.016000e+01
    endloop
  endfacet
  facet normal 6.123234e-17 0.000000e+00 1.000000e+00
    outer loop
      vertex 1.701675e+01 2.159000e+01 1.016000e+01
      vertex 1.777875e+01 2.286000e+01 1.016000e+01
      vertex 1.699944e+01 2.172148e+01 1.016000e+01
    endloop
  endfacet
  facet normal 6.123234e-17 0.000000e+00 1.000000e+00
    outer loop
      vertex 1.699944e+01 2.172148e+01 1.016000e+01
      vertex 1.777875e+01 2.286000e+01 1.016000e+01
      vertex 1.694869e+01 2.184400e+01 1.016000e+01
    endloop
  endfacet
  facet normal 6.123234e-17 0.000000e+00 1.000000e+00
    outer loop
      vertex 1.694869e+01 2.184400e+01 1.016000e+01
      vertex 1.777875e+01 2.286000e+01 1.016000e+01
      vertex 1.686796e+01 2.194921e+01 1.016000e+01
    endloop
  endfacet
  facet normal 6.123234e-17 0.000000e+00 1.000000e+00
    outer loop
      vertex 1.686796e+01 2.194921e+01 1.016000e+01
      vertex 1.777875e+01 2.286000e+01 1.016000e+01
      vertex 1.676275e+01 2.202994e+01 1.016000e+01
    endloop
  endfacet
  facet normal 6.123234e-17 0.000000e+00 1.000000e+00
    outer loop
      vertex 1.676275e+01 2.202994e+01 1.016000e+01
      vertex 1.777875e+01 2.286000e+01 1.016000e+01
      vertex 1.664023e+01 2.208069e+01 1.016000e+01
    endloop
  endfacet
  facet normal 6.123234e-17 0.000000e+00 1.000000e+00
    outer loop
      vertex 1.664023e+01 2.208069e+01 1.016000e+01
      vertex 1.777875e+01 2.286000e+01 1.016000e+01
      vertex 1.650875e+01 2.209800e+01 1.016000e+01
    endloop
  endfacet
  facet normal 6.123234e-17 0.000000e+00 1.000000e+00
    outer loop
      vertex 1.412575e+01 9.849998e+00 1.016000e+01
      vertex 1.408486e+01 9.539417e+00 1.016000e+01
      vertex 1.777875e+01 2.286000e+01 1.016000e+01
    endloop
  endfacet
  facet normal 6.123234e-17 0.000000e+00 1.000000e+00
    outer loop
      vertex 1.777875e+01 2.286000e+01 1.016000e+01
      vertex 1.408486e+01 9.539417e+00 1.016000e+01
      vertex 1.777875e+01 -2.286000e+01 1.016000e+01
    endloop
  endfacet
  facet normal 6.123234e-17 0.000000e+00 1.000000e+00
    outer loop
      vertex 1.777875e+01 -2.286000e+01 1.016000e+01
      vertex 1.408486e+01 9.539417e+00 1.016000e+01
      vertex 1.408486e+01 -9.539418e+00 1.016000e+01
    endloop
  endfacet
  facet normal 6.123234e-17 0.000000e+00 1.000000e+00
    outer loop
      vertex 1.777875e+01 -2.286000e+01 1.016000e+01
      vertex 1.408486e+01 -9.539418e+00 1.016000e+01
      vertex 1.412575e+01 -9.850000e+00 1.016000e+01
    endloop
  endfacet
  facet normal 6.123234e-17 0.000000e+00 1.000000e+00
    outer loop
      vertex 1.408486e+01 9.539417e+00 1.016000e+01
      vertex 1.396498e+01 9.250000e+00 1.016000e+01
      vertex 1.408486e+01 -9.539418e+00 1.016000e+01
    endloop
  endfacet
  facet normal 6.123234e-17 0.000000e+00 1.000000e+00
    outer loop
      vertex 1.408486e+01 -9.539418e+00 1.016000e+01
      vertex 1.396498e+01 9.250000e+00 1.016000e+01
      vertex 1.396498e+01 -9.250001e+00 1.016000e+01
    endloop
  endfacet
  facet normal 6.123234e-17 0.000000e+00 1.000000e+00
    outer loop
      vertex 1.396498e+01 -9.250001e+00 1.016000e+01
      vertex 1.396498e+01 9.250000e+00 1.016000e+01
      vertex 1.377428e+01 9.001471e+00 1.016000e+01
    endloop
  endfacet
  facet normal 6.123234e-17 0.000000e+00 1.000000e+00
    outer loop
      vertex 1.396498e+01 -9.250001e+00 1.016000e+01
      vertex 1.377428e+01 9.001471e+00 1.016000e+01
      vertex 1.377428e+01 -9.001472e+00 1.016000e+01
    endloop
  endfacet
  facet normal 6.123234e-17 0.000000e+00 1.000000e+00
    outer loop
      vertex 1.377428e+01 -9.001472e+00 1.016000e+01
      vertex 1.377428e+01 9.001471e+00 1.016000e+01
      vertex 1.352575e+01 8.810768e+00 1.016000e+01
    endloop
  endfacet
  facet normal 6.123234e-17 0.000000e+00 1.000000e+00
    outer loop
      vertex 1.377428e+01 -9.001472e+00 1.016000e+01
      vertex 1.352575e+01 8.810768e+00 1.016000e+01
      vertex 1.352575e+01 -8.810770e+00 1.016000e+01
    endloop
  endfacet
  facet normal 6.123234e-17 0.000000e+00 1.000000e+00
    outer loop
      vertex 1.352575e+01 -8.810770e+00 1.016000e+01
      vertex 1.352575e+01 8.810768e+00 1.016000e+01
      vertex 1.323633e+01 8.690887e+00 1.016000e+01
    endloop
  endfacet
  facet normal 6.123234e-17 0.000000e+00 1.000000e+00
    outer loop
      vertex 1.352575e+01 -8.810770e+00 1.016000e+01
      vertex 1.323633e+01 8.690887e+00 1.016000e+01
      vertex 1.323633e+01 -8.690889e+00 1.016000e+01
    endloop
  endfacet
  facet normal 6.123234e-17 0.000000e+00 1.000000e+00
    outer loop
      vertex 1.261516e+01 -1.100911e+01 1.016000e+01
      vertex 1.606880e+01 -2.133600e+01 1.016000e+01
      vertex 1.292575e+01 -1.105000e+01 1.016000e+01
    endloop
  endfacet
  facet normal 6.123234e-17 0.000000e+00 1.000000e+00
    outer loop
      vertex 1.292575e+01 -1.105000e+01 1.016000e+01
      vertex 1.606880e+01 -2.133600e+01 1.016000e+01
      vertex 1.614953e+01 -2.123079e+01 1.016000e+01
    endloop
  endfacet
  facet normal 6.123234e-17 0.000000e+00 1.000000e+00
    outer loop
      vertex 1.292575e+01 -1.105000e+01 1.016000e+01
      vertex 1.614953e+01 -2.123079e+01 1.016000e+01
      vertex 1.323633e+01 -1.100911e+01 1.016000e+01
    endloop
  endfacet
  facet normal 6.123234e-17 0.000000e+00 1.000000e+00
    outer loop
      vertex 1.323633e+01 -1.100911e+01 1.016000e+01
      vertex 1.614953e+01 -2.123079e+01 1.016000e+01
      vertex 1.625475e+01 -2.115006e+01 1.016000e+01
    endloop
  endfacet
  facet normal 6.123234e-17 0.000000e+00 1.000000e+00
    outer loop
      vertex 1.323633e+01 -1.100911e+01 1.016000e+01
      vertex 1.625475e+01 -2.115006e+01 1.016000e+01
      vertex 1.352575e+01 -1.088923e+01 1.016000e+01
    endloop
  endfacet
  facet normal 6.123234e-17 0.000000e+00 1.000000e+00
    outer loop
      vertex 1.352575e+01 -1.088923e+01 1.016000e+01
      vertex 1.625475e+01 -2.115006e+01 1.016000e+01
      vertex 1.637726e+01 -2.109931e+01 1.016000e+01
    endloop
  endfacet
  facet normal 6.123234e-17 0.000000e+00 1.000000e+00
    outer loop
      vertex 1.352575e+01 -1.088923e+01 1.016000e+01
      vertex 1.637726e+01 -2.109931e+01 1.016000e+01
      vertex 1.377428e+01 -1.069853e+01 1.016000e+01
    endloop
  endfacet
  facet normal 6.123234e-17 0.000000e+00 1.000000e+00
    outer loop
      vertex 1.377428e+01 -1.069853e+01 1.016000e+01
      vertex 1.637726e+01 -2.109931e+01 1.016000e+01
      vertex 1.650875e+01 -2.108200e+01 1.016000e+01
    endloop
  endfacet
  facet normal 6.123234e-17 0.000000e+00 1.000000e+00
    outer loop
      vertex 1.377428e+01 -1.069853e+01 1.016000e+01
      vertex 1.650875e+01 -2.108200e+01 1.016000e+01
      vertex 1.664023e+01 -2.109931e+01 1.016000e+01
    endloop
  endfacet
  facet normal 6.123234e-17 0.000000e+00 1.000000e+00
    outer loop
      vertex 1.606880e+01 -2.133600e+01 1.016000e+01
      vertex 1.261516e+01 -1.100911e+01 1.016000e+01
      vertex 1.601806e+01 -2.145852e+01 1.016000e+01
    endloop
  endfacet
  facet normal 6.123234e-17 0.000000e+00 1.000000e+00
    outer loop
      vertex 1.601806e+01 -2.145852e+01 1.016000e+01
      vertex 1.261516e+01 -1.100911e+01 1.016000e+01
      vertex 1.232575e+01 -1.088923e+01 1.016000e+01
    endloop
  endfacet
  facet normal 6.123234e-17 0.000000e+00 1.000000e+00
    outer loop
      vertex 1.601806e+01 -2.145852e+01 1.016000e+01
      vertex 1.232575e+01 -1.088923e+01 1.016000e+01
      vertex 1.207722e+01 -1.069853e+01 1.016000e+01
    endloop
  endfacet
  facet normal 6.123234e-17 0.000000e+00 1.000000e+00
    outer loop
      vertex 1.176663e+01 -9.539418e+00 1.016000e+01
      vertex 1.188652e+01 -9.250001e+00 1.016000e+01
      vertex 1.082575e+01 -7.750001e+00 1.016000e+01
    endloop
  endfacet
  facet normal 6.123234e-17 0.000000e+00 1.000000e+00
    outer loop
      vertex 1.082575e+01 -7.750001e+00 1.016000e+01
      vertex 1.188652e+01 -9.250001e+00 1.016000e+01
      vertex 1.207722e+01 -9.001472e+00 1.016000e+01
    endloop
  endfacet
  facet normal 6.123234e-17 0.000000e+00 1.000000e+00
    outer loop
      vertex 1.082575e+01 -7.750001e+00 1.016000e+01
      vertex 1.207722e+01 -9.001472e+00 1.016000e+01
      vertex 1.232575e+01 -8.810770e+00 1.016000e+01
    endloop
  endfacet
  facet normal 6.123234e-17 0.000000e+00 1.000000e+00
    outer loop
      vertex 1.232575e+01 -8.810770e+00 1.016000e+01
      vertex 1.261516e+01 -8.690889e+00 1.016000e+01
      vertex 1.082575e+01 -7.750001e+00 1.016000e+01
    endloop
  endfacet
  facet normal 6.123234e-17 0.000000e+00 1.000000e+00
    outer loop
      vertex 1.082575e+01 -7.750001e+00 1.016000e+01
      vertex 1.261516e+01 -8.690889e+00 1.016000e+01
      vertex 1.292575e+01 -8.650001e+00 1.016000e+01
    endloop
  endfacet
  facet normal 6.123234e-17 0.000000e+00 1.000000e+00
    outer loop
      vertex 1.082575e+01 -7.750001e+00 1.016000e+01
      vertex 1.292575e+01 -8.650001e+00 1.016000e+01
      vertex 1.323633e+01 -8.690889e+00 1.016000e+01
    endloop
  endfacet
  facet normal 6.123234e-17 0.000000e+00 1.000000e+00
    outer loop
      vertex 1.408486e+01 -1.016058e+01 1.016000e+01
      vertex 1.686796e+01 -2.123079e+01 1.016000e+01
      vertex 1.412575e+01 -9.850000e+00 1.016000e+01
    endloop
  endfacet
  facet normal 6.123234e-17 0.000000e+00 1.000000e+00
    outer loop
      vertex 1.412575e+01 -9.850000e+00 1.016000e+01
      vertex 1.686796e+01 -2.123079e+01 1.016000e+01
      vertex 1.694869e+01 -2.133600e+01 1.016000e+01
    endloop
  endfacet
  facet normal 6.123234e-17 0.000000e+00 1.000000e+00
    outer loop
      vertex 1.412575e+01 -9.850000e+00 1.016000e+01
      vertex 1.694869e+01 -2.133600e+01 1.016000e+01
      vertex 1.777875e+01 -2.286000e+01 1.016000e+01
    endloop
  endfacet
  facet normal 6.123234e-17 0.000000e+00 1.000000e+00
    outer loop
      vertex 1.777875e+01 -2.286000e+01 1.016000e+01
      vertex 1.694869e+01 -2.133600e+01 1.016000e+01
      vertex 1.699944e+01 -2.145852e+01 1.016000e+01
    endloop
  endfacet
  facet normal 6.123234e-17 0.000000e+00 1.000000e+00
    outer loop
      vertex 1.777875e+01 -2.286000e+01 1.016000e+01
      vertex 1.699944e+01 -2.145852e+01 1.016000e+01
      vertex 1.701675e+01 -2.159000e+01 1.016000e+01
    endloop
  endfacet
  facet normal 6.123234e-17 0.000000e+00 1.000000e+00
    outer loop
      vertex 1.686796e+01 -2.123079e+01 1.016000e+01
      vertex 1.408486e+01 -1.016058e+01 1.016000e+01
      vertex 1.676275e+01 -2.115006e+01 1.016000e+01
    endloop
  endfacet
  facet normal 6.123234e-17 0.000000e+00 1.000000e+00
    outer loop
      vertex 1.676275e+01 -2.115006e+01 1.016000e+01
      vertex 1.408486e+01 -1.016058e+01 1.016000e+01
      vertex 1.396498e+01 -1.045000e+01 1.016000e+01
    endloop
  endfacet
  facet normal 6.123234e-17 0.000000e+00 1.000000e+00
    outer loop
      vertex 1.676275e+01 -2.115006e+01 1.016000e+01
      vertex 1.396498e+01 -1.045000e+01 1.016000e+01
      vertex 1.664023e+01 -2.109931e+01 1.016000e+01
    endloop
  endfacet
  facet normal 6.123234e-17 0.000000e+00 1.000000e+00
    outer loop
      vertex 1.664023e+01 -2.109931e+01 1.016000e+01
      vertex 1.396498e+01 -1.045000e+01 1.016000e+01
      vertex 1.377428e+01 -1.069853e+01 1.016000e+01
    endloop
  endfacet
  facet normal 6.123234e-17 0.000000e+00 1.000000e+00
    outer loop
      vertex -1.752725e+01 -9.525001e+00 1.016000e+01
      vertex -1.752725e+01 -2.286000e+01 1.016000e+01
      vertex -7.621253e+00 -9.525001e+00 1.016000e+01
    endloop
  endfacet
  facet normal 6.123234e-17 0.000000e+00 1.000000e+00
    outer loop
      vertex -7.621253e+00 -9.525001e+00 1.016000e+01
      vertex -1.752725e+01 -2.286000e+01 1.016000e+01
      vertex -1.761944e+00 -2.145852e+01 1.016000e+01
    endloop
  endfacet
  facet normal 6.123234e-17 0.000000e+00 1.000000e+00
    outer loop
      vertex -7.621253e+00 -9.525001e+00 1.016000e+01
      vertex -1.761944e+00 -2.145852e+01 1.016000e+01
      vertex -1.711195e+00 -2.133600e+01 1.016000e+01
    endloop
  endfacet
  facet normal 6.123234e-17 0.000000e+00 1.000000e+00
    outer loop
      vertex 1.777875e+01 -2.286000e+01 1.016000e+01
      vertex -1.271253e+00 -2.209800e+01 1.016000e+01
      vertex -1.752725e+01 -2.286000e+01 1.016000e+01
    endloop
  endfacet
  facet normal 6.123234e-17 0.000000e+00 1.000000e+00
    outer loop
      vertex -1.752725e+01 -2.286000e+01 1.016000e+01
      vertex -1.271253e+00 -2.209800e+01 1.016000e+01
      vertex -1.402734e+00 -2.208069e+01 1.016000e+01
    endloop
  endfacet
  facet normal 6.123234e-17 0.000000e+00 1.000000e+00
    outer loop
      vertex -1.752725e+01 -2.286000e+01 1.016000e+01
      vertex -1.402734e+00 -2.208069e+01 1.016000e+01
      vertex -1.525253e+00 -2.202994e+01 1.016000e+01
    endloop
  endfacet
  facet normal 6.123234e-17 0.000000e+00 1.000000e+00
    outer loop
      vertex -1.752725e+01 2.286000e+01 1.016000e+01
      vertex -1.271253e+00 2.209800e+01 1.016000e+01
      vertex 1.777875e+01 2.286000e+01 1.016000e+01
    endloop
  endfacet
  facet normal 6.123234e-17 0.000000e+00 1.000000e+00
    outer loop
      vertex 1.777875e+01 2.286000e+01 1.016000e+01
      vertex -1.271253e+00 2.209800e+01 1.016000e+01
      vertex -1.139774e+00 2.208069e+01 1.016000e+01
    endloop
  endfacet
  facet normal 6.123234e-17 0.000000e+00 1.000000e+00
    outer loop
      vertex 1.777875e+01 2.286000e+01 1.016000e+01
      vertex -1.139774e+00 2.208069e+01 1.016000e+01
      vertex -1.017253e+00 2.202994e+01 1.016000e+01
    endloop
  endfacet
  facet normal 6.123234e-17 0.000000e+00 1.000000e+00
    outer loop
      vertex -1.752725e+01 9.524998e+00 1.016000e+01
      vertex -7.621253e+00 9.524998e+00 1.016000e+01
      vertex -1.752725e+01 2.286000e+01 1.016000e+01
    endloop
  endfacet
  facet normal 6.123234e-17 0.000000e+00 1.000000e+00
    outer loop
      vertex -1.752725e+01 2.286000e+01 1.016000e+01
      vertex -7.621253e+00 9.524998e+00 1.016000e+01
      vertex -1.761944e+00 2.145852e+01 1.016000e+01
    endloop
  endfacet
  facet normal 6.123234e-17 0.000000e+00 1.000000e+00
    outer loop
      vertex -1.752725e+01 2.286000e+01 1.016000e+01
      vertex -1.761944e+00 2.145852e+01 1.016000e+01
      vertex -1.779253e+00 2.159000e+01 1.016000e+01
    endloop
  endfacet
  facet normal 6.123234e-17 0.000000e+00 1.000000e+00
    outer loop
      vertex -1.711195e+00 2.133600e+01 1.016000e+01
      vertex -1.761944e+00 2.145852e+01 1.016000e+01
      vertex -7.621253e+00 9.524998e+00 1.016000e+01
    endloop
  endfacet
  facet normal 6.123234e-17 0.000000e+00 1.000000e+00
    outer loop
      vertex -1.779253e+00 2.159000e+01 1.016000e+01
      vertex -1.761944e+00 2.172148e+01 1.016000e+01
      vertex -1.752725e+01 2.286000e+01 1.016000e+01
    endloop
  endfacet
  facet normal 6.123234e-17 0.000000e+00 1.000000e+00
    outer loop
      vertex -1.752725e+01 2.286000e+01 1.016000e+01
      vertex -1.761944e+00 2.172148e+01 1.016000e+01
      vertex -1.711195e+00 2.184400e+01 1.016000e+01
    endloop
  endfacet
  facet normal 6.123234e-17 0.000000e+00 1.000000e+00
    outer loop
      vertex -1.752725e+01 2.286000e+01 1.016000e+01
      vertex -1.711195e+00 2.184400e+01 1.016000e+01
      vertex -1.630464e+00 2.194921e+01 1.016000e+01
    endloop
  endfacet
  facet normal 6.123234e-17 0.000000e+00 1.000000e+00
    outer loop
      vertex -1.630464e+00 2.194921e+01 1.016000e+01
      vertex -1.525253e+00 2.202994e+01 1.016000e+01
      vertex -1.752725e+01 2.286000e+01 1.016000e+01
    endloop
  endfacet
  facet normal 6.123234e-17 0.000000e+00 1.000000e+00
    outer loop
      vertex -1.752725e+01 2.286000e+01 1.016000e+01
      vertex -1.525253e+00 2.202994e+01 1.016000e+01
      vertex -1.402734e+00 2.208069e+01 1.016000e+01
    endloop
  endfacet
  facet normal 6.123234e-17 0.000000e+00 1.000000e+00
    outer loop
      vertex -1.752725e+01 2.286000e+01 1.016000e+01
      vertex -1.402734e+00 2.208069e+01 1.016000e+01
      vertex -1.271253e+00 2.209800e+01 1.016000e+01
    endloop
  endfacet
  facet normal 6.123234e-17 0.000000e+00 1.000000e+00
    outer loop
      vertex -1.525253e+00 -2.202994e+01 1.016000e+01
      vertex -1.630464e+00 -2.194921e+01 1.016000e+01
      vertex -1.752725e+01 -2.286000e+01 1.016000e+01
    endloop
  endfacet
  facet normal 6.123234e-17 0.000000e+00 1.000000e+00
    outer loop
      vertex -1.752725e+01 -2.286000e+01 1.016000e+01
      vertex -1.630464e+00 -2.194921e+01 1.016000e+01
      vertex -1.711195e+00 -2.184400e+01 1.016000e+01
    endloop
  endfacet
  facet normal 6.123234e-17 0.000000e+00 1.000000e+00
    outer loop
      vertex -1.752725e+01 -2.286000e+01 1.016000e+01
      vertex -1.711195e+00 -2.184400e+01 1.016000e+01
      vertex -1.761944e+00 -2.172148e+01 1.016000e+01
    endloop
  endfacet
  facet normal 6.123234e-17 0.000000e+00 1.000000e+00
    outer loop
      vertex -1.761944e+00 -2.172148e+01 1.016000e+01
      vertex -1.779253e+00 -2.159000e+01 1.016000e+01
      vertex -1.752725e+01 -2.286000e+01 1.016000e+01
    endloop
  endfacet
  facet normal 6.123234e-17 0.000000e+00 1.000000e+00
    outer loop
      vertex -1.752725e+01 -2.286000e+01 1.016000e+01
      vertex -1.779253e+00 -2.159000e+01 1.016000e+01
      vertex -1.761944e+00 -2.145852e+01 1.016000e+01
    endloop
  endfacet
  facet normal 6.123234e-17 0.000000e+00 1.000000e+00
    outer loop
      vertex -1.711195e+00 -2.133600e+01 1.016000e+01
      vertex -1.630464e+00 -2.123079e+01 1.016000e+01
      vertex -7.621253e+00 -9.525001e+00 1.016000e+01
    endloop
  endfacet
  facet normal 6.123234e-17 0.000000e+00 1.000000e+00
    outer loop
      vertex 1.664023e+01 -2.208069e+01 1.016000e+01
      vertex 1.650875e+01 -2.209800e+01 1.016000e+01
      vertex 1.777875e+01 -2.286000e+01 1.016000e+01
    endloop
  endfacet
  facet normal 6.123234e-17 0.000000e+00 1.000000e+00
    outer loop
      vertex 1.777875e+01 -2.286000e+01 1.016000e+01
      vertex 1.650875e+01 -2.209800e+01 1.016000e+01
      vertex 1.637726e+01 -2.208069e+01 1.016000e+01
    endloop
  endfacet
  facet normal 6.123234e-17 0.000000e+00 1.000000e+00
    outer loop
      vertex 1.777875e+01 -2.286000e+01 1.016000e+01
      vertex 1.637726e+01 -2.208069e+01 1.016000e+01
      vertex 1.625475e+01 -2.202994e+01 1.016000e+01
    endloop
  endfacet
  facet normal 6.123234e-17 0.000000e+00 1.000000e+00
    outer loop
      vertex 1.600075e+01 -2.159000e+01 1.016000e+01
      vertex 1.601806e+01 -2.145852e+01 1.016000e+01
      vertex 1.207722e+01 -1.069853e+01 1.016000e+01
    endloop
  endfacet
  facet normal 6.123234e-17 0.000000e+00 1.000000e+00
    outer loop
      vertex 1.701675e+01 -2.159000e+01 1.016000e+01
      vertex 1.699944e+01 -2.172148e+01 1.016000e+01
      vertex 1.777875e+01 -2.286000e+01 1.016000e+01
    endloop
  endfacet
  facet normal 6.123234e-17 0.000000e+00 1.000000e+00
    outer loop
      vertex 1.777875e+01 -2.286000e+01 1.016000e+01
      vertex 1.699944e+01 -2.172148e+01 1.016000e+01
      vertex 1.694869e+01 -2.184400e+01 1.016000e+01
    endloop
  endfacet
  facet normal 6.123234e-17 0.000000e+00 1.000000e+00
    outer loop
      vertex 1.777875e+01 -2.286000e+01 1.016000e+01
      vertex 1.694869e+01 -2.184400e+01 1.016000e+01
      vertex 1.686796e+01 -2.194921e+01 1.016000e+01
    endloop
  endfacet
  facet normal 6.123234e-17 0.000000e+00 1.000000e+00
    outer loop
      vertex 1.686796e+01 -2.194921e+01 1.016000e+01
      vertex 1.676275e+01 -2.202994e+01 1.016000e+01
      vertex 1.777875e+01 -2.286000e+01 1.016000e+01
    endloop
  endfacet
  facet normal 6.123234e-17 0.000000e+00 1.000000e+00
    outer loop
      vertex 1.777875e+01 -2.286000e+01 1.016000e+01
      vertex 1.676275e+01 -2.202994e+01 1.016000e+01
      vertex 1.664023e+01 -2.208069e+01 1.016000e+01
    endloop
  endfacet
  facet normal -1.000000e+00 0.000000e+00 6.123234e-17
    outer loop
      vertex -1.752725e+01 -2.286000e+01 6.350000e+00
      vertex -1.752725e+01 -2.286000e+01 1.016000e+01
      vertex -1.752725e+01 -1.197392e+01 6.350000e+00
    endloop
  endfacet
  facet normal -1.000000e+00 0.000000e+00 6.123234e-17
    outer loop
      vertex -1.752725e+01 -1.197392e+01 6.350000e+00
      vertex -1.752725e+01 -2.286000e+01 1.016000e+01
      vertex -1.752725e+01 -9.525001e+00 1.016000e+01
    endloop
  endfacet
  facet normal -1.000000e+00 0.000000e+00 6.123234e-17
    outer loop
      vertex -1.752725e+01 -1.197392e+01 6.350000e+00
      vertex -1.752725e+01 -9.525001e+00 1.016000e+01
      vertex -1.752725e+01 -8.346078e+00 6.350000e+00
    endloop
  endfacet
  facet normal -1.000000e+00 0.000000e+00 6.123234e-17
    outer loop
      vertex -1.752725e+01 -8.346078e+00 6.350000e+00
      vertex -1.752725e+01 -9.525001e+00 1.016000e+01
      vertex -1.752725e+01 -7.620001e+00 1.143000e+01
    endloop
  endfacet
  facet normal -1.000000e+00 0.000000e+00 6.123234e-17
    outer loop
      vertex -1.752725e+01 -8.346078e+00 6.350000e+00
      vertex -1.752725e+01 -7.620001e+00 1.143000e+01
      vertex -1.752725e+01 7.619999e+00 1.143000e+01
    endloop
  endfacet
  facet normal -1.000000e+00 0.000000e+00 6.123234e-17
    outer loop
      vertex -1.752725e+01 -9.525001e+00 1.016000e+01
      vertex -1.752725e+01 -9.525001e+00 2.552700e+01
      vertex -1.752725e+01 -7.620001e+00 1.143000e+01
    endloop
  endfacet
  facet normal -1.000000e+00 0.000000e+00 6.123234e-17
    outer loop
      vertex -1.752725e+01 -7.620001e+00 1.143000e+01
      vertex -1.752725e+01 -9.525001e+00 2.552700e+01
      vertex -1.752725e+01 -7.620001e+00 2.552700e+01
    endloop
  endfacet
  facet normal -1.000000e+00 0.000000e+00 6.123234e-17
    outer loop
      vertex -1.752725e+01 7.619999e+00 2.552700e+01
      vertex -1.752725e+01 9.524998e+00 2.552700e+01
      vertex -1.752725e+01 7.619999e+00 1.143000e+01
    endloop
  endfacet
  facet normal -1.000000e+00 0.000000e+00 6.123234e-17
    outer loop
      vertex -1.752725e+01 7.619999e+00 1.143000e+01
      vertex -1.752725e+01 9.524998e+00 2.552700e+01
      vertex -1.752725e+01 9.524998e+00 1.016000e+01
    endloop
  endfacet
  facet normal -1.000000e+00 0.000000e+00 6.123234e-17
    outer loop
      vertex -1.752725e+01 7.619999e+00 1.143000e+01
      vertex -1.752725e+01 9.524998e+00 1.016000e+01
      vertex -1.752725e+01 -8.346078e+00 6.350000e+00
    endloop
  endfacet
  facet normal -1.000000e+00 0.000000e+00 6.123234e-17
    outer loop
      vertex -1.752725e+01 -8.346078e+00 6.350000e+00
      vertex -1.752725e+01 9.524998e+00 1.016000e+01
      vertex -1.752725e+01 8.346077e+00 6.350000e+00
    endloop
  endfacet
  facet normal -1.000000e+00 0.000000e+00 6.123234e-17
    outer loop
      vertex -1.752725e+01 8.346077e+00 6.350000e+00
      vertex -1.752725e+01 9.524998e+00 1.016000e+01
      vertex -1.752725e+01 1.197392e+01 6.350000e+00
    endloop
  endfacet
  facet normal -1.000000e+00 0.000000e+00 6.123234e-17
    outer loop
      vertex -1.752725e+01 1.197392e+01 6.350000e+00
      vertex -1.752725e+01 9.524998e+00 1.016000e+01
      vertex -1.752725e+01 2.286000e+01 1.016000e+01
    endloop
  endfacet
  facet normal -1.000000e+00 0.000000e+00 6.123234e-17
    outer loop
      vertex -1.752725e+01 1.197392e+01 6.350000e+00
      vertex -1.752725e+01 2.286000e+01 1.016000e+01
      vertex -1.752725e+01 2.286000e+01 6.350000e+00
    endloop
  endfacet
  facet normal -1.305262e-01 -9.914449e-01 7.992423e-18
    outer loop
      vertex 1.637726e+01 -2.208069e+01 1.320800e+01
      vertex 1.637726e+01 -2.208069e+01 1.016000e+01
      vertex 1.650875e+01 -2.209800e+01 1.320800e+01
    endloop
  endfacet
  facet normal -1.305262e-01 -9.914449e-01 7.992423e-18
    outer loop
      vertex 1.650875e+01 -2.209800e+01 1.320800e+01
      vertex 1.637726e+01 -2.208069e+01 1.016000e+01
      vertex 1.650875e+01 -2.209800e+01 1.016000e+01
    endloop
  endfacet
  facet normal 1.305262e-01 -9.914449e-01 -7.992423e-18
    outer loop
      vertex 1.650875e+01 -2.209800e+01 1.320800e+01
      vertex 1.650875e+01 -2.209800e+01 1.016000e+01
      vertex 1.664023e+01 -2.208069e+01 1.320800e+01
    endloop
  endfacet
  facet normal 1.305262e-01 -9.914449e-01 -7.992423e-18
    outer loop
      vertex 1.664023e+01 -2.208069e+01 1.320800e+01
      vertex 1.650875e+01 -2.209800e+01 1.016000e+01
      vertex 1.664023e+01 -2.208069e+01 1.016000e+01
    endloop
  endfacet
  facet normal 3.826834e-01 -9.238795e-01 -2.343260e-17
    outer loop
      vertex 1.664023e+01 -2.208069e+01 1.320800e+01
      vertex 1.664023e+01 -2.208069e+01 1.016000e+01
      vertex 1.676275e+01 -2.202994e+01 1.320800e+01
    endloop
  endfacet
  facet normal 3.826834e-01 -9.238795e-01 -1.243885e-16
    outer loop
      vertex 1.676275e+01 -2.202994e+01 1.320800e+01
      vertex 1.664023e+01 -2.208069e+01 1.016000e+01
      vertex 1.676275e+01 -2.202994e+01 1.016000e+01
    endloop
  endfacet
  facet normal 6.087614e-01 -7.933533e-01 -1.239687e-16
    outer loop
      vertex 1.676275e+01 -2.202994e+01 1.320800e+01
      vertex 1.676275e+01 -2.202994e+01 1.016000e+01
      vertex 1.686796e+01 -2.194921e+01 1.320800e+01
    endloop
  endfacet
  facet normal 6.087614e-01 -7.933533e-01 -3.727589e-17
    outer loop
      vertex 1.686796e+01 -2.194921e+01 1.320800e+01
      vertex 1.676275e+01 -2.202994e+01 1.016000e+01
      vertex 1.686796e+01 -2.194921e+01 1.016000e+01
    endloop
  endfacet
  facet normal 7.933533e-01 -6.087614e-01 -4.857888e-17
    outer loop
      vertex 1.686796e+01 -2.194921e+01 1.320800e+01
      vertex 1.686796e+01 -2.194921e+01 1.016000e+01
      vertex 1.694869e+01 -2.184400e+01 1.320800e+01
    endloop
  endfacet
  facet normal 7.933533e-01 -6.087614e-01 -1.372745e-16
    outer loop
      vertex 1.694869e+01 -2.184400e+01 1.320800e+01
      vertex 1.686796e+01 -2.194921e+01 1.016000e+01
      vertex 1.694869e+01 -2.184400e+01 1.016000e+01
    endloop
  endfacet
  facet normal 9.238795e-01 -3.826834e-01 -1.123277e-16
    outer loop
      vertex 1.694869e+01 -2.184400e+01 1.320800e+01
      vertex 1.694869e+01 -2.184400e+01 1.016000e+01
      vertex 1.699944e+01 -2.172148e+01 1.320800e+01
    endloop
  endfacet
  facet normal 9.238795e-01 -3.826834e-01 -8.444952e-17
    outer loop
      vertex 1.699944e+01 -2.172148e+01 1.320800e+01
      vertex 1.694869e+01 -2.184400e+01 1.016000e+01
      vertex 1.699944e+01 -2.172148e+01 1.016000e+01
    endloop
  endfacet
  facet normal 9.914449e-01 -1.305262e-01 -7.021723e-17
    outer loop
      vertex 1.699944e+01 -2.172148e+01 1.320800e+01
      vertex 1.699944e+01 -2.172148e+01 1.016000e+01
      vertex 1.701675e+01 -2.159000e+01 1.320800e+01
    endloop
  endfacet
  facet normal 9.914449e-01 -1.305262e-01 -6.070849e-17
    outer loop
      vertex 1.701675e+01 -2.159000e+01 1.320800e+01
      vertex 1.699944e+01 -2.172148e+01 1.016000e+01
      vertex 1.701675e+01 -2.159000e+01 1.016000e+01
    endloop
  endfacet
  facet normal 9.914449e-01 1.305262e-01 -6.070849e-17
    outer loop
      vertex 1.701675e+01 -2.159000e+01 1.320800e+01
      vertex 1.701675e+01 -2.159000e+01 1.016000e+01
      vertex 1.699944e+01 -2.145852e+01 1.320800e+01
    endloop
  endfacet
  facet normal 9.914449e-01 1.305262e-01 -5.119975e-17
    outer loop
      vertex 1.699944e+01 -2.145852e+01 1.320800e+01
      vertex 1.701675e+01 -2.159000e+01 1.016000e+01
      vertex 1.699944e+01 -2.145852e+01 1.016000e+01
    endloop
  endfacet
  facet normal 9.238795e-01 3.826834e-01 -2.869309e-17
    outer loop
      vertex 1.699944e+01 -2.145852e+01 1.320800e+01
      vertex 1.699944e+01 -2.145852e+01 1.016000e+01
      vertex 1.694869e+01 -2.133600e+01 1.320800e+01
    endloop
  endfacet
  facet normal 9.238795e-01 3.826834e-01 -8.148771e-19
    outer loop
      vertex 1.694869e+01 -2.133600e+01 1.320800e+01
      vertex 1.699944e+01 -2.145852e+01 1.016000e+01
      vertex 1.694869e+01 -2.133600e+01 1.016000e+01
    endloop
  endfacet
  facet normal 7.933533e-01 6.087614e-01 4.011678e-17
    outer loop
      vertex 1.694869e+01 -2.133600e+01 1.320800e+01
      vertex 1.694869e+01 -2.133600e+01 1.016000e+01
      vertex 1.686796e+01 -2.123079e+01 1.320800e+01
    endloop
  endfacet
  facet normal 7.933533e-01 6.087614e-01 4.011678e-17
    outer loop
      vertex 1.686796e+01 -2.123079e+01 1.320800e+01
      vertex 1.694869e+01 -2.133600e+01 1.016000e+01
      vertex 1.686796e+01 -2.123079e+01 1.016000e+01
    endloop
  endfacet
  facet normal 6.087614e-01 7.933533e-01 7.831456e-17
    outer loop
      vertex 1.686796e+01 -2.123079e+01 1.320800e+01
      vertex 1.686796e+01 -2.123079e+01 1.016000e+01
      vertex 1.676275e+01 -2.115006e+01 1.320800e+01
    endloop
  endfacet
  facet normal 6.087614e-01 7.933533e-01 7.831456e-17
    outer loop
      vertex 1.676275e+01 -2.115006e+01 1.320800e+01
      vertex 1.686796e+01 -2.123079e+01 1.016000e+01
      vertex 1.676275e+01 -2.115006e+01 1.016000e+01
    endloop
  endfacet
  facet normal 3.826834e-01 9.238795e-01 1.111753e-16
    outer loop
      vertex 1.676275e+01 -2.115006e+01 1.320800e+01
      vertex 1.676275e+01 -2.115006e+01 1.016000e+01
      vertex 1.664023e+01 -2.109931e+01 1.320800e+01
    endloop
  endfacet
  facet normal 3.826834e-01 9.238795e-01 -2.343260e-17
    outer loop
      vertex 1.664023e+01 -2.109931e+01 1.320800e+01
      vertex 1.676275e+01 -2.115006e+01 1.016000e+01
      vertex 1.664023e+01 -2.109931e+01 1.016000e+01
    endloop
  endfacet
  facet normal 1.305262e-01 9.914449e-01 -7.992423e-18
    outer loop
      vertex 1.664023e+01 -2.109931e+01 1.320800e+01
      vertex 1.664023e+01 -2.109931e+01 1.016000e+01
      vertex 1.650875e+01 -2.108200e+01 1.320800e+01
    endloop
  endfacet
  facet normal 1.305262e-01 9.914449e-01 -7.992423e-18
    outer loop
      vertex 1.650875e+01 -2.108200e+01 1.320800e+01
      vertex 1.664023e+01 -2.109931e+01 1.016000e+01
      vertex 1.650875e+01 -2.108200e+01 1.016000e+01
    endloop
  endfacet
  facet normal -1.305262e-01 9.914449e-01 7.992423e-18
    outer loop
      vertex 1.650875e+01 -2.108200e+01 1.320800e+01
      vertex 1.650875e+01 -2.108200e+01 1.016000e+01
      vertex 1.637726e+01 -2.109931e+01 1.320800e+01
    endloop
  endfacet
  facet normal -1.305262e-01 9.914449e-01 7.992423e-18
    outer loop
      vertex 1.637726e+01 -2.109931e+01 1.320800e+01
      vertex 1.650875e+01 -2.108200e+01 1.016000e+01
      vertex 1.637726e+01 -2.109931e+01 1.016000e+01
    endloop
  endfacet
  facet normal -3.826834e-01 9.238795e-01 2.343260e-17
    outer loop
      vertex 1.637726e+01 -2.109931e+01 1.320800e+01
      vertex 1.637726e+01 -2.109931e+01 1.016000e+01
      vertex 1.625475e+01 -2.115006e+01 1.320800e+01
    endloop
  endfacet
  facet normal -3.826834e-01 9.238795e-01 -1.111753e-16
    outer loop
      vertex 1.625475e+01 -2.115006e+01 1.320800e+01
      vertex 1.637726e+01 -2.109931e+01 1.016000e+01
      vertex 1.625475e+01 -2.115006e+01 1.016000e+01
    endloop
  endfacet
  facet normal -6.087614e-01 7.933533e-01 -7.831456e-17
    outer loop
      vertex 1.625475e+01 -2.115006e+01 1.320800e+01
      vertex 1.625475e+01 -2.115006e+01 1.016000e+01
      vertex 1.614953e+01 -2.123079e+01 1.320800e+01
    endloop
  endfacet
  facet normal -6.087614e-01 7.933533e-01 -7.831456e-17
    outer loop
      vertex 1.614953e+01 -2.123079e+01 1.320800e+01
      vertex 1.625475e+01 -2.115006e+01 1.016000e+01
      vertex 1.614953e+01 -2.123079e+01 1.016000e+01
    endloop
  endfacet
  facet normal -7.933533e-01 6.087614e-01 -4.011678e-17
    outer loop
      vertex 1.614953e+01 -2.123079e+01 1.320800e+01
      vertex 1.614953e+01 -2.123079e+01 1.016000e+01
      vertex 1.606880e+01 -2.133600e+01 1.320800e+01
    endloop
  endfacet
  facet normal -7.933533e-01 6.087614e-01 -4.011678e-17
    outer loop
      vertex 1.606880e+01 -2.133600e+01 1.320800e+01
      vertex 1.614953e+01 -2.123079e+01 1.016000e+01
      vertex 1.606880e+01 -2.133600e+01 1.016000e+01
    endloop
  endfacet
  facet normal -9.238795e-01 3.826834e-01 8.148771e-19
    outer loop
      vertex 1.606880e+01 -2.133600e+01 1.320800e+01
      vertex 1.606880e+01 -2.133600e+01 1.016000e+01
      vertex 1.601806e+01 -2.145852e+01 1.320800e+01
    endloop
  endfacet
  facet normal -9.238795e-01 3.826834e-01 2.869309e-17
    outer loop
      vertex 1.601806e+01 -2.145852e+01 1.320800e+01
      vertex 1.606880e+01 -2.133600e+01 1.016000e+01
      vertex 1.601806e+01 -2.145852e+01 1.016000e+01
    endloop
  endfacet
  facet normal -9.914449e-01 1.305262e-01 5.119975e-17
    outer loop
      vertex 1.601806e+01 -2.145852e+01 1.320800e+01
      vertex 1.601806e+01 -2.145852e+01 1.016000e+01
      vertex 1.600075e+01 -2.159000e+01 1.320800e+01
    endloop
  endfacet
  facet normal -9.914449e-01 1.305262e-01 6.070849e-17
    outer loop
      vertex 1.600075e+01 -2.159000e+01 1.320800e+01
      vertex 1.601806e+01 -2.145852e+01 1.016000e+01
      vertex 1.600075e+01 -2.159000e+01 1.016000e+01
    endloop
  endfacet
  facet normal -9.914449e-01 -1.305262e-01 6.070849e-17
    outer loop
      vertex 1.600075e+01 -2.159000e+01 1.320800e+01
      vertex 1.600075e+01 -2.159000e+01 1.016000e+01
      vertex 1.601806e+01 -2.172148e+01 1.320800e+01
    endloop
  endfacet
  facet normal -9.914449e-01 -1.305262e-01 7.021723e-17
    outer loop
      vertex 1.601806e+01 -2.172148e+01 1.320800e+01
      vertex 1.600075e+01 -2.159000e+01 1.016000e+01
      vertex 1.601806e+01 -2.172148e+01 1.016000e+01
    endloop
  endfacet
  facet normal -9.238795e-01 -3.826834e-01 8.444952e-17
    outer loop
      vertex 1.601806e+01 -2.172148e+01 1.320800e+01
      vertex 1.601806e+01 -2.172148e+01 1.016000e+01
      vertex 1.606880e+01 -2.184400e+01 1.320800e+01
    endloop
  endfacet
  facet normal -9.238795e-01 -3.826834e-01 1.123277e-16
    outer loop
      vertex 1.606880e+01 -2.184400e+01 1.320800e+01
      vertex 1.601806e+01 -2.172148e+01 1.016000e+01
      vertex 1.606880e+01 -2.184400e+01 1.016000e+01
    endloop
  endfacet
  facet normal -7.933533e-01 -6.087614e-01 1.372745e-16
    outer loop
      vertex 1.606880e+01 -2.184400e+01 1.320800e+01
      vertex 1.606880e+01 -2.184400e+01 1.016000e+01
      vertex 1.614953e+01 -2.194921e+01 1.320800e+01
    endloop
  endfacet
  facet normal -7.933533e-01 -6.087614e-01 4.857888e-17
    outer loop
      vertex 1.614953e+01 -2.194921e+01 1.320800e+01
      vertex 1.606880e+01 -2.184400e+01 1.016000e+01
      vertex 1.614953e+01 -2.194921e+01 1.016000e+01
    endloop
  endfacet
  facet normal -6.087614e-01 -7.933533e-01 3.727589e-17
    outer loop
      vertex 1.614953e+01 -2.194921e+01 1.320800e+01
      vertex 1.614953e+01 -2.194921e+01 1.016000e+01
      vertex 1.625475e+01 -2.202994e+01 1.320800e+01
    endloop
  endfacet
  facet normal -6.087614e-01 -7.933533e-01 1.239687e-16
    outer loop
      vertex 1.625475e+01 -2.202994e+01 1.320800e+01
      vertex 1.614953e+01 -2.194921e+01 1.016000e+01
      vertex 1.625475e+01 -2.202994e+01 1.016000e+01
    endloop
  endfacet
  facet normal -3.826834e-01 -9.238795e-01 1.243885e-16
    outer loop
      vertex 1.625475e+01 -2.202994e+01 1.320800e+01
      vertex 1.625475e+01 -2.202994e+01 1.016000e+01
      vertex 1.637726e+01 -2.208069e+01 1.320800e+01
    endloop
  endfacet
  facet normal -3.826834e-01 -9.238795e-01 2.343260e-17
    outer loop
      vertex 1.637726e+01 -2.208069e+01 1.320800e+01
      vertex 1.625475e+01 -2.202994e+01 1.016000e+01
      vertex 1.637726e+01 -2.208069e+01 1.016000e+01
    endloop
  endfacet
  facet normal 6.123234e-17 0.000000e+00 1.000000e+00
    outer loop
      vertex 1.664023e+01 -2.208069e+01 1.320800e+01
      vertex 1.664023e+01 -2.109931e+01 1.320800e+01
      vertex 1.650875e+01 -2.209800e+01 1.320800e+01
    endloop
  endfacet
  facet normal 6.123234e-17 0.000000e+00 1.000000e+00
    outer loop
      vertex 1.650875e+01 -2.209800e+01 1.320800e+01
      vertex 1.664023e+01 -2.109931e+01 1.320800e+01
      vertex 1.650875e+01 -2.108200e+01 1.320800e+01
    endloop
  endfacet
  facet normal 6.123234e-17 0.000000e+00 1.000000e+00
    outer loop
      vertex 1.650875e+01 -2.209800e+01 1.320800e+01
      vertex 1.650875e+01 -2.108200e+01 1.320800e+01
      vertex 1.637726e+01 -2.208069e+01 1.320800e+01
    endloop
  endfacet
  facet normal 6.123234e-17 0.000000e+00 1.000000e+00
    outer loop
      vertex 1.637726e+01 -2.208069e+01 1.320800e+01
      vertex 1.650875e+01 -2.108200e+01 1.320800e+01
      vertex 1.637726e+01 -2.109931e+01 1.320800e+01
    endloop
  endfacet
  facet normal 6.123234e-17 0.000000e+00 1.000000e+00
    outer loop
      vertex 1.637726e+01 -2.208069e+01 1.320800e+01
      vertex 1.637726e+01 -2.109931e+01 1.320800e+01
      vertex 1.625475e+01 -2.202994e+01 1.320800e+01
    endloop
  endfacet
  facet normal 6.123234e-17 0.000000e+00 1.000000e+00
    outer loop
      vertex 1.625475e+01 -2.202994e+01 1.320800e+01
      vertex 1.637726e+01 -2.109931e+01 1.320800e+01
      vertex 1.625475e+01 -2.115006e+01 1.320800e+01
    endloop
  endfacet
  facet normal 6.123234e-17 0.000000e+00 1.000000e+00
    outer loop
      vertex 1.625475e+01 -2.202994e+01 1.320800e+01
      vertex 1.625475e+01 -2.115006e+01 1.320800e+01
      vertex 1.614953e+01 -2.194921e+01 1.320800e+01
    endloop
  endfacet
  facet normal 6.123234e-17 0.000000e+00 1.000000e+00
    outer loop
      vertex 1.614953e+01 -2.194921e+01 1.320800e+01
      vertex 1.625475e+01 -2.115006e+01 1.320800e+01
      vertex 1.614953e+01 -2.123079e+01 1.320800e+01
    endloop
  endfacet
  facet normal 6.123234e-17 0.000000e+00 1.000000e+00
    outer loop
      vertex 1.614953e+01 -2.194921e+01 1.320800e+01
      vertex 1.614953e+01 -2.123079e+01 1.320800e+01
      vertex 1.606880e+01 -2.184400e+01 1.320800e+01
    endloop
  endfacet
  facet normal 6.123234e-17 0.000000e+00 1.000000e+00
    outer loop
      vertex 1.606880e+01 -2.184400e+01 1.320800e+01
      vertex 1.614953e+01 -2.123079e+01 1.320800e+01
      vertex 1.606880e+01 -2.133600e+01 1.320800e+01
    endloop
  endfacet
  facet normal 6.123234e-17 0.000000e+00 1.000000e+00
    outer loop
      vertex 1.606880e+01 -2.184400e+01 1.320800e+01
      vertex 1.606880e+01 -2.133600e+01 1.320800e+01
      vertex 1.601806e+01 -2.172148e+01 1.320800e+01
    endloop
  endfacet
  facet normal 6.123234e-17 0.000000e+00 1.000000e+00
    outer loop
      vertex 1.601806e+01 -2.172148e+01 1.320800e+01
      vertex 1.606880e+01 -2.133600e+01 1.320800e+01
      vertex 1.601806e+01 -2.145852e+01 1.320800e+01
    endloop
  endfacet
  facet normal 6.123234e-17 0.000000e+00 1.000000e+00
    outer loop
      vertex 1.601806e+01 -2.172148e+01 1.320800e+01
      vertex 1.601806e+01 -2.145852e+01 1.320800e+01
      vertex 1.600075e+01 -2.159000e+01 1.320800e+01
    endloop
  endfacet
  facet normal 6.123234e-17 0.000000e+00 1.000000e+00
    outer loop
      vertex 1.664023e+01 -2.109931e+01 1.320800e+01
      vertex 1.664023e+01 -2.208069e+01 1.320800e+01
      vertex 1.676275e+01 -2.115006e+01 1.320800e+01
    endloop
  endfacet
  facet normal 6.123234e-17 0.000000e+00 1.000000e+00
    outer loop
      vertex 1.676275e+01 -2.115006e+01 1.320800e+01
      vertex 1.664023e+01 -2.208069e+01 1.320800e+01
      vertex 1.676275e+01 -2.202994e+01 1.320800e+01
    endloop
  endfacet
  facet normal 6.123234e-17 0.000000e+00 1.000000e+00
    outer loop
      vertex 1.676275e+01 -2.115006e+01 1.320800e+01
      vertex 1.676275e+01 -2.202994e+01 1.320800e+01
      vertex 1.686796e+01 -2.123079e+01 1.320800e+01
    endloop
  endfacet
  facet normal 6.123234e-17 0.000000e+00 1.000000e+00
    outer loop
      vertex 1.686796e+01 -2.123079e+01 1.320800e+01
      vertex 1.676275e+01 -2.202994e+01 1.320800e+01
      vertex 1.686796e+01 -2.194921e+01 1.320800e+01
    endloop
  endfacet
  facet normal 6.123234e-17 0.000000e+00 1.000000e+00
    outer loop
      vertex 1.686796e+01 -2.123079e+01 1.320800e+01
      vertex 1.686796e+01 -2.194921e+01 1.320800e+01
      vertex 1.694869e+01 -2.133600e+01 1.320800e+01
    endloop
  endfacet
  facet normal 6.123234e-17 0.000000e+00 1.000000e+00
    outer loop
      vertex 1.694869e+01 -2.133600e+01 1.320800e+01
      vertex 1.686796e+01 -2.194921e+01 1.320800e+01
      vertex 1.694869e+01 -2.184400e+01 1.320800e+01
    endloop
  endfacet
  facet normal 6.123234e-17 0.000000e+00 1.000000e+00
    outer loop
      vertex 1.694869e+01 -2.133600e+01 1.320800e+01
      vertex 1.694869e+01 -2.184400e+01 1.320800e+01
      vertex 1.699944e+01 -2.145852e+01 1.320800e+01
    endloop
  endfacet
  facet normal 6.123234e-17 0.000000e+00 1.000000e+00
    outer loop
      vertex 1.699944e+01 -2.145852e+01 1.320800e+01
      vertex 1.694869e+01 -2.184400e+01 1.320800e+01
      vertex 1.699944e+01 -2.172148e+01 1.320800e+01
    endloop
  endfacet
  facet normal 6.123234e-17 0.000000e+00 1.000000e+00
    outer loop
      vertex 1.699944e+01 -2.145852e+01 1.320800e+01
      vertex 1.699944e+01 -2.172148e+01 1.320800e+01
      vertex 1.701675e+01 -2.159000e+01 1.320800e+01
    endloop
  endfacet
  facet normal -1.305262e-01 -9.914449e-01 7.992423e-18
    outer loop
      vertex 1.637726e+01 2.109931e+01 1.320800e+01
      vertex 1.637726e+01 2.109931e+01 1.016000e+01
      vertex 1.650875e+01 2.108200e+01 1.320800e+01
    endloop
  endfacet
  facet normal -1.305262e-01 -9.914449e-01 7.992423e-18
    outer loop
      vertex 1.650875e+01 2.108200e+01 1.320800e+01
      vertex 1.637726e+01 2.109931e+01 1.016000e+01
      vertex 1.650875e+01 2.108200e+01 1.016000e+01
    endloop
  endfacet
  facet normal 1.305262e-01 -9.914449e-01 -7.992423e-18
    outer loop
      vertex 1.650875e+01 2.108200e+01 1.320800e+01
      vertex 1.650875e+01 2.108200e+01 1.016000e+01
      vertex 1.664023e+01 2.109931e+01 1.320800e+01
    endloop
  endfacet
  facet normal 1.305262e-01 -9.914449e-01 -7.992423e-18
    outer loop
      vertex 1.664023e+01 2.109931e+01 1.320800e+01
      vertex 1.650875e+01 2.108200e+01 1.016000e+01
      vertex 1.664023e+01 2.109931e+01 1.016000e+01
    endloop
  endfacet
  facet normal 3.826834e-01 -9.238795e-01 -2.343260e-17
    outer loop
      vertex 1.664023e+01 2.109931e+01 1.320800e+01
      vertex 1.664023e+01 2.109931e+01 1.016000e+01
      vertex 1.676275e+01 2.115006e+01 1.320800e+01
    endloop
  endfacet
  facet normal 3.826834e-01 -9.238795e-01 -2.343260e-17
    outer loop
      vertex 1.676275e+01 2.115006e+01 1.320800e+01
      vertex 1.664023e+01 2.109931e+01 1.016000e+01
      vertex 1.676275e+01 2.115006e+01 1.016000e+01
    endloop
  endfacet
  facet normal 6.087614e-01 -7.933533e-01 -3.727589e-17
    outer loop
      vertex 1.676275e+01 2.115006e+01 1.320800e+01
      vertex 1.676275e+01 2.115006e+01 1.016000e+01
      vertex 1.686796e+01 2.123079e+01 1.320800e+01
    endloop
  endfacet
  facet normal 6.087614e-01 -7.933533e-01 -3.727589e-17
    outer loop
      vertex 1.686796e+01 2.123079e+01 1.320800e+01
      vertex 1.676275e+01 2.115006e+01 1.016000e+01
      vertex 1.686796e+01 2.123079e+01 1.016000e+01
    endloop
  endfacet
  facet normal 7.933533e-01 -6.087614e-01 -4.857888e-17
    outer loop
      vertex 1.686796e+01 2.123079e+01 1.320800e+01
      vertex 1.686796e+01 2.123079e+01 1.016000e+01
      vertex 1.694869e+01 2.133600e+01 1.320800e+01
    endloop
  endfacet
  facet normal 7.933533e-01 -6.087614e-01 -2.886840e-15
    outer loop
      vertex 1.694869e+01 2.133600e+01 1.320800e+01
      vertex 1.686796e+01 2.123079e+01 1.016000e+01
      vertex 1.694869e+01 2.133600e+01 1.016000e+01
    endloop
  endfacet
  facet normal 9.238795e-01 -3.826834e-01 -1.840777e-15
    outer loop
      vertex 1.694869e+01 2.133600e+01 1.320800e+01
      vertex 1.694869e+01 2.133600e+01 1.016000e+01
      vertex 1.699944e+01 2.145852e+01 1.320800e+01
    endloop
  endfacet
  facet normal 9.238795e-01 -3.826834e-01 -5.657131e-17
    outer loop
      vertex 1.699944e+01 2.145852e+01 1.320800e+01
      vertex 1.694869e+01 2.133600e+01 1.016000e+01
      vertex 1.699944e+01 2.145852e+01 1.016000e+01
    endloop
  endfacet
  facet normal 9.914449e-01 -1.305262e-01 -6.070849e-17
    outer loop
      vertex 1.699944e+01 2.145852e+01 1.320800e+01
      vertex 1.699944e+01 2.145852e+01 1.016000e+01
      vertex 1.701675e+01 2.159000e+01 1.320800e+01
    endloop
  endfacet
  facet normal 9.914449e-01 -1.305262e-01 -6.070849e-17
    outer loop
      vertex 1.701675e+01 2.159000e+01 1.320800e+01
      vertex 1.699944e+01 2.145852e+01 1.016000e+01
      vertex 1.701675e+01 2.159000e+01 1.016000e+01
    endloop
  endfacet
  facet normal 9.914449e-01 1.305262e-01 -6.070849e-17
    outer loop
      vertex 1.701675e+01 2.159000e+01 1.320800e+01
      vertex 1.701675e+01 2.159000e+01 1.016000e+01
      vertex 1.699944e+01 2.172148e+01 1.320800e+01
    endloop
  endfacet
  facet normal 9.914449e-01 1.305262e-01 -6.070849e-17
    outer loop
      vertex 1.699944e+01 2.172148e+01 1.320800e+01
      vertex 1.701675e+01 2.159000e+01 1.016000e+01
      vertex 1.699944e+01 2.172148e+01 1.016000e+01
    endloop
  endfacet
  facet normal 9.238795e-01 3.826834e-01 -5.657131e-17
    outer loop
      vertex 1.699944e+01 2.172148e+01 1.320800e+01
      vertex 1.699944e+01 2.172148e+01 1.016000e+01
      vertex 1.694869e+01 2.184400e+01 1.320800e+01
    endloop
  endfacet
  facet normal 9.238795e-01 3.826834e-01 1.727634e-15
    outer loop
      vertex 1.694869e+01 2.184400e+01 1.320800e+01
      vertex 1.699944e+01 2.172148e+01 1.016000e+01
      vertex 1.694869e+01 2.184400e+01 1.016000e+01
    endloop
  endfacet
  facet normal 7.933533e-01 6.087614e-01 2.789682e-15
    outer loop
      vertex 1.694869e+01 2.184400e+01 1.320800e+01
      vertex 1.694869e+01 2.184400e+01 1.016000e+01
      vertex 1.686796e+01 2.194921e+01 1.320800e+01
    endloop
  endfacet
  facet normal 7.933533e-01 6.087614e-01 -4.857888e-17
    outer loop
      vertex 1.686796e+01 2.194921e+01 1.320800e+01
      vertex 1.694869e+01 2.184400e+01 1.016000e+01
      vertex 1.686796e+01 2.194921e+01 1.016000e+01
    endloop
  endfacet
  facet normal 6.087614e-01 7.933533e-01 -3.727589e-17
    outer loop
      vertex 1.686796e+01 2.194921e+01 1.320800e+01
      vertex 1.686796e+01 2.194921e+01 1.016000e+01
      vertex 1.676275e+01 2.202994e+01 1.320800e+01
    endloop
  endfacet
  facet normal 6.087614e-01 7.933533e-01 -3.727589e-17
    outer loop
      vertex 1.676275e+01 2.202994e+01 1.320800e+01
      vertex 1.686796e+01 2.194921e+01 1.016000e+01
      vertex 1.676275e+01 2.202994e+01 1.016000e+01
    endloop
  endfacet
  facet normal 3.826834e-01 9.238795e-01 -2.343260e-17
    outer loop
      vertex 1.676275e+01 2.202994e+01 1.320800e+01
      vertex 1.676275e+01 2.202994e+01 1.016000e+01
      vertex 1.664023e+01 2.208069e+01 1.320800e+01
    endloop
  endfacet
  facet normal 3.826834e-01 9.238795e-01 -2.343260e-17
    outer loop
      vertex 1.664023e+01 2.208069e+01 1.320800e+01
      vertex 1.676275e+01 2.202994e+01 1.016000e+01
      vertex 1.664023e+01 2.208069e+01 1.016000e+01
    endloop
  endfacet
  facet normal 1.305262e-01 9.914449e-01 -7.992423e-18
    outer loop
      vertex 1.664023e+01 2.208069e+01 1.320800e+01
      vertex 1.664023e+01 2.208069e+01 1.016000e+01
      vertex 1.650875e+01 2.209800e+01 1.320800e+01
    endloop
  endfacet
  facet normal 1.305262e-01 9.914449e-01 -7.992423e-18
    outer loop
      vertex 1.650875e+01 2.209800e+01 1.320800e+01
      vertex 1.664023e+01 2.208069e+01 1.016000e+01
      vertex 1.650875e+01 2.209800e+01 1.016000e+01
    endloop
  endfacet
  facet normal -1.305262e-01 9.914449e-01 7.992423e-18
    outer loop
      vertex 1.650875e+01 2.209800e+01 1.320800e+01
      vertex 1.650875e+01 2.209800e+01 1.016000e+01
      vertex 1.637726e+01 2.208069e+01 1.320800e+01
    endloop
  endfacet
  facet normal -1.305262e-01 9.914449e-01 7.992423e-18
    outer loop
      vertex 1.637726e+01 2.208069e+01 1.320800e+01
      vertex 1.650875e+01 2.209800e+01 1.016000e+01
      vertex 1.637726e+01 2.208069e+01 1.016000e+01
    endloop
  endfacet
  facet normal -3.826834e-01 9.238795e-01 2.343260e-17
    outer loop
      vertex 1.637726e+01 2.208069e+01 1.320800e+01
      vertex 1.637726e+01 2.208069e+01 1.016000e+01
      vertex 1.625475e+01 2.202994e+01 1.320800e+01
    endloop
  endfacet
  facet normal -3.826834e-01 9.238795e-01 2.343260e-17
    outer loop
      vertex 1.625475e+01 2.202994e+01 1.320800e+01
      vertex 1.637726e+01 2.208069e+01 1.016000e+01
      vertex 1.625475e+01 2.202994e+01 1.016000e+01
    endloop
  endfacet
  facet normal -6.087614e-01 7.933533e-01 3.727589e-17
    outer loop
      vertex 1.625475e+01 2.202994e+01 1.320800e+01
      vertex 1.625475e+01 2.202994e+01 1.016000e+01
      vertex 1.614953e+01 2.194921e+01 1.320800e+01
    endloop
  endfacet
  facet normal -6.087614e-01 7.933533e-01 3.727589e-17
    outer loop
      vertex 1.614953e+01 2.194921e+01 1.320800e+01
      vertex 1.625475e+01 2.202994e+01 1.016000e+01
      vertex 1.614953e+01 2.194921e+01 1.016000e+01
    endloop
  endfacet
  facet normal -7.933533e-01 6.087614e-01 4.857888e-17
    outer loop
      vertex 1.614953e+01 2.194921e+01 1.320800e+01
      vertex 1.614953e+01 2.194921e+01 1.016000e+01
      vertex 1.606880e+01 2.184400e+01 1.320800e+01
    endloop
  endfacet
  facet normal -7.933533e-01 6.087614e-01 -2.789682e-15
    outer loop
      vertex 1.606880e+01 2.184400e+01 1.320800e+01
      vertex 1.614953e+01 2.194921e+01 1.016000e+01
      vertex 1.606880e+01 2.184400e+01 1.016000e+01
    endloop
  endfacet
  facet normal -9.238795e-01 3.826834e-01 -1.727634e-15
    outer loop
      vertex 1.606880e+01 2.184400e+01 1.320800e+01
      vertex 1.606880e+01 2.184400e+01 1.016000e+01
      vertex 1.601806e+01 2.172148e+01 1.320800e+01
    endloop
  endfacet
  facet normal -9.238795e-01 3.826834e-01 5.657131e-17
    outer loop
      vertex 1.601806e+01 2.172148e+01 1.320800e+01
      vertex 1.606880e+01 2.184400e+01 1.016000e+01
      vertex 1.601806e+01 2.172148e+01 1.016000e+01
    endloop
  endfacet
  facet normal -9.914449e-01 1.305262e-01 6.070849e-17
    outer loop
      vertex 1.601806e+01 2.172148e+01 1.320800e+01
      vertex 1.601806e+01 2.172148e+01 1.016000e+01
      vertex 1.600075e+01 2.159000e+01 1.320800e+01
    endloop
  endfacet
  facet normal -9.914449e-01 1.305262e-01 6.070849e-17
    outer loop
      vertex 1.600075e+01 2.159000e+01 1.320800e+01
      vertex 1.601806e+01 2.172148e+01 1.016000e+01
      vertex 1.600075e+01 2.159000e+01 1.016000e+01
    endloop
  endfacet
  facet normal -9.914449e-01 -1.305262e-01 6.070849e-17
    outer loop
      vertex 1.600075e+01 2.159000e+01 1.320800e+01
      vertex 1.600075e+01 2.159000e+01 1.016000e+01
      vertex 1.601806e+01 2.145852e+01 1.320800e+01
    endloop
  endfacet
  facet normal -9.914449e-01 -1.305262e-01 6.070849e-17
    outer loop
      vertex 1.601806e+01 2.145852e+01 1.320800e+01
      vertex 1.600075e+01 2.159000e+01 1.016000e+01
      vertex 1.601806e+01 2.145852e+01 1.016000e+01
    endloop
  endfacet
  facet normal -9.238795e-01 -3.826834e-01 5.657131e-17
    outer loop
      vertex 1.601806e+01 2.145852e+01 1.320800e+01
      vertex 1.601806e+01 2.145852e+01 1.016000e+01
      vertex 1.606880e+01 2.133600e+01 1.320800e+01
    endloop
  endfacet
  facet normal -9.238795e-01 -3.826834e-01 1.840777e-15
    outer loop
      vertex 1.606880e+01 2.133600e+01 1.320800e+01
      vertex 1.601806e+01 2.145852e+01 1.016000e+01
      vertex 1.606880e+01 2.133600e+01 1.016000e+01
    endloop
  endfacet
  facet normal -7.933533e-01 -6.087614e-01 2.886840e-15
    outer loop
      vertex 1.606880e+01 2.133600e+01 1.320800e+01
      vertex 1.606880e+01 2.133600e+01 1.016000e+01
      vertex 1.614953e+01 2.123079e+01 1.320800e+01
    endloop
  endfacet
  facet normal -7.933533e-01 -6.087614e-01 4.857888e-17
    outer loop
      vertex 1.614953e+01 2.123079e+01 1.320800e+01
      vertex 1.606880e+01 2.133600e+01 1.016000e+01
      vertex 1.614953e+01 2.123079e+01 1.016000e+01
    endloop
  endfacet
  facet normal -6.087614e-01 -7.933533e-01 3.727589e-17
    outer loop
      vertex 1.614953e+01 2.123079e+01 1.320800e+01
      vertex 1.614953e+01 2.123079e+01 1.016000e+01
      vertex 1.625475e+01 2.115006e+01 1.320800e+01
    endloop
  endfacet
  facet normal -6.087614e-01 -7.933533e-01 3.727589e-17
    outer loop
      vertex 1.625475e+01 2.115006e+01 1.320800e+01
      vertex 1.614953e+01 2.123079e+01 1.016000e+01
      vertex 1.625475e+01 2.115006e+01 1.016000e+01
    endloop
  endfacet
  facet normal -3.826834e-01 -9.238795e-01 2.343260e-17
    outer loop
      vertex 1.625475e+01 2.115006e+01 1.320800e+01
      vertex 1.625475e+01 2.115006e+01 1.016000e+01
      vertex 1.637726e+01 2.109931e+01 1.320800e+01
    endloop
  endfacet
  facet normal -3.826834e-01 -9.238795e-01 2.343260e-17
    outer loop
      vertex 1.637726e+01 2.109931e+01 1.320800e+01
      vertex 1.625475e+01 2.115006e+01 1.016000e+01
      vertex 1.637726e+01 2.109931e+01 1.016000e+01
    endloop
  endfacet
  facet normal 6.123234e-17 0.000000e+00 1.000000e+00
    outer loop
      vertex 1.664023e+01 2.109931e+01 1.320800e+01
      vertex 1.664023e+01 2.208069e+01 1.320800e+01
      vertex 1.650875e+01 2.108200e+01 1.320800e+01
    endloop
  endfacet
  facet normal 6.123234e-17 0.000000e+00 1.000000e+00
    outer loop
      vertex 1.650875e+01 2.108200e+01 1.320800e+01
      vertex 1.664023e+01 2.208069e+01 1.320800e+01
      vertex 1.650875e+01 2.209800e+01 1.320800e+01
    endloop
  endfacet
  facet normal 6.123234e-17 0.000000e+00 1.000000e+00
    outer loop
      vertex 1.650875e+01 2.108200e+01 1.320800e+01
      vertex 1.650875e+01 2.209800e+01 1.320800e+01
      vertex 1.637726e+01 2.109931e+01 1.320800e+01
    endloop
  endfacet
  facet normal 6.123234e-17 0.000000e+00 1.000000e+00
    outer loop
      vertex 1.637726e+01 2.109931e+01 1.320800e+01
      vertex 1.650875e+01 2.209800e+01 1.320800e+01
      vertex 1.637726e+01 2.208069e+01 1.320800e+01
    endloop
  endfacet
  facet normal 6.123234e-17 0.000000e+00 1.000000e+00
    outer loop
      vertex 1.637726e+01 2.109931e+01 1.320800e+01
      vertex 1.637726e+01 2.208069e+01 1.320800e+01
      vertex 1.625475e+01 2.115006e+01 1.320800e+01
    endloop
  endfacet
  facet normal 6.123234e-17 0.000000e+00 1.000000e+00
    outer loop
      vertex 1.625475e+01 2.115006e+01 1.320800e+01
      vertex 1.637726e+01 2.208069e+01 1.320800e+01
      vertex 1.625475e+01 2.202994e+01 1.320800e+01
    endloop
  endfacet
  facet normal 6.123234e-17 0.000000e+00 1.000000e+00
    outer loop
      vertex 1.625475e+01 2.115006e+01 1.320800e+01
      vertex 1.625475e+01 2.202994e+01 1.320800e+01
      vertex 1.614953e+01 2.123079e+01 1.320800e+01
    endloop
  endfacet
  facet normal 6.123234e-17 0.000000e+00 1.000000e+00
    outer loop
      vertex 1.614953e+01 2.123079e+01 1.320800e+01
      vertex 1.625475e+01 2.202994e+01 1.320800e+01
      vertex 1.614953e+01 2.194921e+01 1.320800e+01
    endloop
  endfacet
  facet normal 6.123234e-17 0.000000e+00 1.000000e+00
    outer loop
      vertex 1.614953e+01 2.123079e+01 1.320800e+01
      vertex 1.614953e+01 2.194921e+01 1.320800e+01
      vertex 1.606880e+01 2.133600e+01 1.320800e+01
    endloop
  endfacet
  facet normal 6.123234e-17 0.000000e+00 1.000000e+00
    outer loop
      vertex 1.606880e+01 2.133600e+01 1.320800e+01
      vertex 1.614953e+01 2.194921e+01 1.320800e+01
      vertex 1.606880e+01 2.184400e+01 1.320800e+01
    endloop
  endfacet
  facet normal 6.123234e-17 0.000000e+00 1.000000e+00
    outer loop
      vertex 1.606880e+01 2.133600e+01 1.320800e+01
      vertex 1.606880e+01 2.184400e+01 1.320800e+01
      vertex 1.601806e+01 2.145852e+01 1.320800e+01
    endloop
  endfacet
  facet normal 6.123234e-17 0.000000e+00 1.000000e+00
    outer loop
      vertex 1.601806e+01 2.145852e+01 1.320800e+01
      vertex 1.606880e+01 2.184400e+01 1.320800e+01
      vertex 1.601806e+01 2.172148e+01 1.320800e+01
    endloop
  endfacet
  facet normal 6.123234e-17 0.000000e+00 1.000000e+00
    outer loop
      vertex 1.601806e+01 2.145852e+01 1.320800e+01
      vertex 1.601806e+01 2.172148e+01 1.320800e+01
      vertex 1.600075e+01 2.159000e+01 1.320800e+01
    endloop
  endfacet
  facet normal 6.123234e-17 0.000000e+00 1.000000e+00
    outer loop
      vertex 1.664023e+01 2.208069e+01 1.320800e+01
      vertex 1.664023e+01 2.109931e+01 1.320800e+01
      vertex 1.676275e+01 2.202994e+01 1.320800e+01
    endloop
  endfacet
  facet normal 6.123234e-17 0.000000e+00 1.000000e+00
    outer loop
      vertex 1.676275e+01 2.202994e+01 1.320800e+01
      vertex 1.664023e+01 2.109931e+01 1.320800e+01
      vertex 1.676275e+01 2.115006e+01 1.320800e+01
    endloop
  endfacet
  facet normal 6.123234e-17 0.000000e+00 1.000000e+00
    outer loop
      vertex 1.676275e+01 2.202994e+01 1.320800e+01
      vertex 1.676275e+01 2.115006e+01 1.320800e+01
      vertex 1.686796e+01 2.194921e+01 1.320800e+01
    endloop
  endfacet
  facet normal 6.123234e-17 0.000000e+00 1.000000e+00
    outer loop
      vertex 1.686796e+01 2.194921e+01 1.320800e+01
      vertex 1.676275e+01 2.115006e+01 1.320800e+01
      vertex 1.686796e+01 2.123079e+01 1.320800e+01
    endloop
  endfacet
  facet normal 6.123234e-17 0.000000e+00 1.000000e+00
    outer loop
      vertex 1.686796e+01 2.194921e+01 1.320800e+01
      vertex 1.686796e+01 2.123079e+01 1.320800e+01
      vertex 1.694869e+01 2.184400e+01 1.320800e+01
    endloop
  endfacet
  facet normal 6.123234e-17 0.000000e+00 1.000000e+00
    outer loop
      vertex 1.694869e+01 2.184400e+01 1.320800e+01
      vertex 1.686796e+01 2.123079e+01 1.320800e+01
      vertex 1.694869e+01 2.133600e+01 1.320800e+01
    endloop
  endfacet
  facet normal 6.123234e-17 0.000000e+00 1.000000e+00
    outer loop
      vertex 1.694869e+01 2.184400e+01 1.320800e+01
      vertex 1.694869e+01 2.133600e+01 1.320800e+01
      vertex 1.699944e+01 2.172148e+01 1.320800e+01
    endloop
  endfacet
  facet normal 6.123234e-17 0.000000e+00 1.000000e+00
    outer loop
      vertex 1.699944e+01 2.172148e+01 1.320800e+01
      vertex 1.694869e+01 2.133600e+01 1.320800e+01
      vertex 1.699944e+01 2.145852e+01 1.320800e+01
    endloop
  endfacet
  facet normal 6.123234e-17 0.000000e+00 1.000000e+00
    outer loop
      vertex 1.699944e+01 2.172148e+01 1.320800e+01
      vertex 1.699944e+01 2.145852e+01 1.320800e+01
      vertex 1.701675e+01 2.159000e+01 1.320800e+01
    endloop
  endfacet
  facet normal -1.305262e-01 -9.914449e-01 7.992423e-18
    outer loop
      vertex -1.402734e+00 -2.208069e+01 1.320800e+01
      vertex -1.402734e+00 -2.208069e+01 1.016000e+01
      vertex -1.271253e+00 -2.209800e+01 1.320800e+01
    endloop
  endfacet
  facet normal -1.305262e-01 -9.914449e-01 7.992423e-18
    outer loop
      vertex -1.271253e+00 -2.209800e+01 1.320800e+01
      vertex -1.402734e+00 -2.208069e+01 1.016000e+01
      vertex -1.271253e+00 -2.209800e+01 1.016000e+01
    endloop
  endfacet
  facet normal 1.305262e-01 -9.914449e-01 -7.992423e-18
    outer loop
      vertex -1.271253e+00 -2.209800e+01 1.320800e+01
      vertex -1.271253e+00 -2.209800e+01 1.016000e+01
      vertex -1.139774e+00 -2.208069e+01 1.320800e+01
    endloop
  endfacet
  facet normal 1.305262e-01 -9.914449e-01 -7.992423e-18
    outer loop
      vertex -1.139774e+00 -2.208069e+01 1.320800e+01
      vertex -1.271253e+00 -2.209800e+01 1.016000e+01
      vertex -1.139774e+00 -2.208069e+01 1.016000e+01
    endloop
  endfacet
  facet normal 3.826834e-01 -9.238795e-01 -2.343260e-17
    outer loop
      vertex -1.139774e+00 -2.208069e+01 1.320800e+01
      vertex -1.139774e+00 -2.208069e+01 1.016000e+01
      vertex -1.017253e+00 -2.202994e+01 1.320800e+01
    endloop
  endfacet
  facet normal 3.826834e-01 -9.238795e-01 -1.243885e-16
    outer loop
      vertex -1.017253e+00 -2.202994e+01 1.320800e+01
      vertex -1.139774e+00 -2.208069e+01 1.016000e+01
      vertex -1.017253e+00 -2.202994e+01 1.016000e+01
    endloop
  endfacet
  facet normal 6.087614e-01 -7.933533e-01 -1.239687e-16
    outer loop
      vertex -1.017253e+00 -2.202994e+01 1.320800e+01
      vertex -1.017253e+00 -2.202994e+01 1.016000e+01
      vertex -9.120440e-01 -2.194921e+01 1.320800e+01
    endloop
  endfacet
  facet normal 6.087614e-01 -7.933533e-01 -3.727589e-17
    outer loop
      vertex -9.120440e-01 -2.194921e+01 1.320800e+01
      vertex -1.017253e+00 -2.202994e+01 1.016000e+01
      vertex -9.120440e-01 -2.194921e+01 1.016000e+01
    endloop
  endfacet
  facet normal 7.933533e-01 -6.087614e-01 -4.857888e-17
    outer loop
      vertex -9.120440e-01 -2.194921e+01 1.320800e+01
      vertex -9.120440e-01 -2.194921e+01 1.016000e+01
      vertex -8.313136e-01 -2.184400e+01 1.320800e+01
    endloop
  endfacet
  facet normal 7.933533e-01 -6.087614e-01 -1.372745e-16
    outer loop
      vertex -8.313136e-01 -2.184400e+01 1.320800e+01
      vertex -9.120440e-01 -2.194921e+01 1.016000e+01
      vertex -8.313136e-01 -2.184400e+01 1.016000e+01
    endloop
  endfacet
  facet normal 9.238795e-01 -3.826834e-01 -1.123277e-16
    outer loop
      vertex -8.313136e-01 -2.184400e+01 1.320800e+01
      vertex -8.313136e-01 -2.184400e+01 1.016000e+01
      vertex -7.805629e-01 -2.172148e+01 1.320800e+01
    endloop
  endfacet
  facet normal 9.238795e-01 -3.826834e-01 -8.444952e-17
    outer loop
      vertex -7.805629e-01 -2.172148e+01 1.320800e+01
      vertex -8.313136e-01 -2.184400e+01 1.016000e+01
      vertex -7.805629e-01 -2.172148e+01 1.016000e+01
    endloop
  endfacet
  facet normal 9.914449e-01 -1.305262e-01 -7.021723e-17
    outer loop
      vertex -7.805629e-01 -2.172148e+01 1.320800e+01
      vertex -7.805629e-01 -2.172148e+01 1.016000e+01
      vertex -7.632537e-01 -2.159000e+01 1.320800e+01
    endloop
  endfacet
  facet normal 9.914449e-01 -1.305262e-01 -6.070849e-17
    outer loop
      vertex -7.632537e-01 -2.159000e+01 1.320800e+01
      vertex -7.805629e-01 -2.172148e+01 1.016000e+01
      vertex -7.632537e-01 -2.159000e+01 1.016000e+01
    endloop
  endfacet
  facet normal 9.914449e-01 1.305262e-01 -6.070849e-17
    outer loop
      vertex -7.632537e-01 -2.159000e+01 1.320800e+01
      vertex -7.632537e-01 -2.159000e+01 1.016000e+01
      vertex -7.805629e-01 -2.145852e+01 1.320800e+01
    endloop
  endfacet
  facet normal 9.914449e-01 1.305262e-01 -5.119975e-17
    outer loop
      vertex -7.805629e-01 -2.145852e+01 1.320800e+01
      vertex -7.632537e-01 -2.159000e+01 1.016000e+01
      vertex -7.805629e-01 -2.145852e+01 1.016000e+01
    endloop
  endfacet
  facet normal 9.238795e-01 3.826834e-01 -2.869309e-17
    outer loop
      vertex -7.805629e-01 -2.145852e+01 1.320800e+01
      vertex -7.805629e-01 -2.145852e+01 1.016000e+01
      vertex -8.313136e-01 -2.133600e+01 1.320800e+01
    endloop
  endfacet
  facet normal 9.238795e-01 3.826834e-01 -8.148771e-19
    outer loop
      vertex -8.313136e-01 -2.133600e+01 1.320800e+01
      vertex -7.805629e-01 -2.145852e+01 1.016000e+01
      vertex -8.313136e-01 -2.133600e+01 1.016000e+01
    endloop
  endfacet
  facet normal 7.933533e-01 6.087614e-01 4.011678e-17
    outer loop
      vertex -8.313136e-01 -2.133600e+01 1.320800e+01
      vertex -8.313136e-01 -2.133600e+01 1.016000e+01
      vertex -9.120440e-01 -2.123079e+01 1.320800e+01
    endloop
  endfacet
  facet normal 7.933533e-01 6.087614e-01 4.011678e-17
    outer loop
      vertex -9.120440e-01 -2.123079e+01 1.320800e+01
      vertex -8.313136e-01 -2.133600e+01 1.016000e+01
      vertex -9.120440e-01 -2.123079e+01 1.016000e+01
    endloop
  endfacet
  facet normal 6.087614e-01 7.933533e-01 7.831456e-17
    outer loop
      vertex -9.120440e-01 -2.123079e+01 1.320800e+01
      vertex -9.120440e-01 -2.123079e+01 1.016000e+01
      vertex -1.017253e+00 -2.115006e+01 1.320800e+01
    endloop
  endfacet
  facet normal 6.087614e-01 7.933533e-01 7.831456e-17
    outer loop
      vertex -1.017253e+00 -2.115006e+01 1.320800e+01
      vertex -9.120440e-01 -2.123079e+01 1.016000e+01
      vertex -1.017253e+00 -2.115006e+01 1.016000e+01
    endloop
  endfacet
  facet normal 3.826834e-01 9.238795e-01 1.111753e-16
    outer loop
      vertex -1.017253e+00 -2.115006e+01 1.320800e+01
      vertex -1.017253e+00 -2.115006e+01 1.016000e+01
      vertex -1.139774e+00 -2.109931e+01 1.320800e+01
    endloop
  endfacet
  facet normal 3.826834e-01 9.238795e-01 -2.343260e-17
    outer loop
      vertex -1.139774e+00 -2.109931e+01 1.320800e+01
      vertex -1.017253e+00 -2.115006e+01 1.016000e+01
      vertex -1.139774e+00 -2.109931e+01 1.016000e+01
    endloop
  endfacet
  facet normal 1.305262e-01 9.914449e-01 -7.992423e-18
    outer loop
      vertex -1.139774e+00 -2.109931e+01 1.320800e+01
      vertex -1.139774e+00 -2.109931e+01 1.016000e+01
      vertex -1.271253e+00 -2.108200e+01 1.320800e+01
    endloop
  endfacet
  facet normal 1.305262e-01 9.914449e-01 -7.992423e-18
    outer loop
      vertex -1.271253e+00 -2.108200e+01 1.320800e+01
      vertex -1.139774e+00 -2.109931e+01 1.016000e+01
      vertex -1.271253e+00 -2.108200e+01 1.016000e+01
    endloop
  endfacet
  facet normal -1.305262e-01 9.914449e-01 7.992423e-18
    outer loop
      vertex -1.271253e+00 -2.108200e+01 1.320800e+01
      vertex -1.271253e+00 -2.108200e+01 1.016000e+01
      vertex -1.402734e+00 -2.109931e+01 1.320800e+01
    endloop
  endfacet
  facet normal -1.305262e-01 9.914449e-01 7.992423e-18
    outer loop
      vertex -1.402734e+00 -2.109931e+01 1.320800e+01
      vertex -1.271253e+00 -2.108200e+01 1.016000e+01
      vertex -1.402734e+00 -2.109931e+01 1.016000e+01
    endloop
  endfacet
  facet normal -3.826834e-01 9.238795e-01 2.343260e-17
    outer loop
      vertex -1.402734e+00 -2.109931e+01 1.320800e+01
      vertex -1.402734e+00 -2.109931e+01 1.016000e+01
      vertex -1.525253e+00 -2.115006e+01 1.320800e+01
    endloop
  endfacet
  facet normal -3.826834e-01 9.238795e-01 -1.111753e-16
    outer loop
      vertex -1.525253e+00 -2.115006e+01 1.320800e+01
      vertex -1.402734e+00 -2.109931e+01 1.016000e+01
      vertex -1.525253e+00 -2.115006e+01 1.016000e+01
    endloop
  endfacet
  facet normal -6.087614e-01 7.933533e-01 -7.831456e-17
    outer loop
      vertex -1.525253e+00 -2.115006e+01 1.320800e+01
      vertex -1.525253e+00 -2.115006e+01 1.016000e+01
      vertex -1.630464e+00 -2.123079e+01 1.320800e+01
    endloop
  endfacet
  facet normal -6.087614e-01 7.933533e-01 -7.831456e-17
    outer loop
      vertex -1.630464e+00 -2.123079e+01 1.320800e+01
      vertex -1.525253e+00 -2.115006e+01 1.016000e+01
      vertex -1.630464e+00 -2.123079e+01 1.016000e+01
    endloop
  endfacet
  facet normal -7.933533e-01 6.087614e-01 -4.011678e-17
    outer loop
      vertex -1.630464e+00 -2.123079e+01 1.320800e+01
      vertex -1.630464e+00 -2.123079e+01 1.016000e+01
      vertex -1.711195e+00 -2.133600e+01 1.320800e+01
    endloop
  endfacet
  facet normal -7.933533e-01 6.087614e-01 -4.011678e-17
    outer loop
      vertex -1.711195e+00 -2.133600e+01 1.320800e+01
      vertex -1.630464e+00 -2.123079e+01 1.016000e+01
      vertex -1.711195e+00 -2.133600e+01 1.016000e+01
    endloop
  endfacet
  facet normal -9.238795e-01 3.826834e-01 8.148771e-19
    outer loop
      vertex -1.711195e+00 -2.133600e+01 1.320800e+01
      vertex -1.711195e+00 -2.133600e+01 1.016000e+01
      vertex -1.761944e+00 -2.145852e+01 1.320800e+01
    endloop
  endfacet
  facet normal -9.238795e-01 3.826834e-01 2.869309e-17
    outer loop
      vertex -1.761944e+00 -2.145852e+01 1.320800e+01
      vertex -1.711195e+00 -2.133600e+01 1.016000e+01
      vertex -1.761944e+00 -2.145852e+01 1.016000e+01
    endloop
  endfacet
  facet normal -9.914449e-01 1.305262e-01 5.119975e-17
    outer loop
      vertex -1.761944e+00 -2.145852e+01 1.320800e+01
      vertex -1.761944e+00 -2.145852e+01 1.016000e+01
      vertex -1.779253e+00 -2.159000e+01 1.320800e+01
    endloop
  endfacet
  facet normal -9.914449e-01 1.305262e-01 6.070849e-17
    outer loop
      vertex -1.779253e+00 -2.159000e+01 1.320800e+01
      vertex -1.761944e+00 -2.145852e+01 1.016000e+01
      vertex -1.779253e+00 -2.159000e+01 1.016000e+01
    endloop
  endfacet
  facet normal -9.914449e-01 -1.305262e-01 6.070849e-17
    outer loop
      vertex -1.779253e+00 -2.159000e+01 1.320800e+01
      vertex -1.779253e+00 -2.159000e+01 1.016000e+01
      vertex -1.761944e+00 -2.172148e+01 1.320800e+01
    endloop
  endfacet
  facet normal -9.914449e-01 -1.305262e-01 7.021723e-17
    outer loop
      vertex -1.761944e+00 -2.172148e+01 1.320800e+01
      vertex -1.779253e+00 -2.159000e+01 1.016000e+01
      vertex -1.761944e+00 -2.172148e+01 1.016000e+01
    endloop
  endfacet
  facet normal -9.238795e-01 -3.826834e-01 8.444952e-17
    outer loop
      vertex -1.761944e+00 -2.172148e+01 1.320800e+01
      vertex -1.761944e+00 -2.172148e+01 1.016000e+01
      vertex -1.711195e+00 -2.184400e+01 1.320800e+01
    endloop
  endfacet
  facet normal -9.238795e-01 -3.826834e-01 1.123277e-16
    outer loop
      vertex -1.711195e+00 -2.184400e+01 1.320800e+01
      vertex -1.761944e+00 -2.172148e+01 1.016000e+01
      vertex -1.711195e+00 -2.184400e+01 1.016000e+01
    endloop
  endfacet
  facet normal -7.933533e-01 -6.087614e-01 1.372745e-16
    outer loop
      vertex -1.711195e+00 -2.184400e+01 1.320800e+01
      vertex -1.711195e+00 -2.184400e+01 1.016000e+01
      vertex -1.630464e+00 -2.194921e+01 1.320800e+01
    endloop
  endfacet
  facet normal -7.933533e-01 -6.087614e-01 4.857888e-17
    outer loop
      vertex -1.630464e+00 -2.194921e+01 1.320800e+01
      vertex -1.711195e+00 -2.184400e+01 1.016000e+01
      vertex -1.630464e+00 -2.194921e+01 1.016000e+01
    endloop
  endfacet
  facet normal -6.087614e-01 -7.933533e-01 3.727589e-17
    outer loop
      vertex -1.630464e+00 -2.194921e+01 1.320800e+01
      vertex -1.630464e+00 -2.194921e+01 1.016000e+01
      vertex -1.525253e+00 -2.202994e+01 1.320800e+01
    endloop
  endfacet
  facet normal -6.087614e-01 -7.933533e-01 1.239687e-16
    outer loop
      vertex -1.525253e+00 -2.202994e+01 1.320800e+01
      vertex -1.630464e+00 -2.194921e+01 1.016000e+01
      vertex -1.525253e+00 -2.202994e+01 1.016000e+01
    endloop
  endfacet
  facet normal -3.826834e-01 -9.238795e-01 1.243885e-16
    outer loop
      vertex -1.525253e+00 -2.202994e+01 1.320800e+01
      vertex -1.525253e+00 -2.202994e+01 1.016000e+01
      vertex -1.402734e+00 -2.208069e+01 1.320800e+01
    endloop
  endfacet
  facet normal -3.826834e-01 -9.238795e-01 2.343260e-17
    outer loop
      vertex -1.402734e+00 -2.208069e+01 1.320800e+01
      vertex -1.525253e+00 -2.202994e+01 1.016000e+01
      vertex -1.402734e+00 -2.208069e+01 1.016000e+01
    endloop
  endfacet
  facet normal 6.123234e-17 0.000000e+00 1.000000e+00
    outer loop
      vertex -1.139774e+00 -2.208069e+01 1.320800e+01
      vertex -1.139774e+00 -2.109931e+01 1.320800e+01
      vertex -1.271253e+00 -2.209800e+01 1.320800e+01
    endloop
  endfacet
  facet normal 6.123234e-17 0.000000e+00 1.000000e+00
    outer loop
      vertex -1.271253e+00 -2.209800e+01 1.320800e+01
      vertex -1.139774e+00 -2.109931e+01 1.320800e+01
      vertex -1.271253e+00 -2.108200e+01 1.320800e+01
    endloop
  endfacet
  facet normal 6.123234e-17 0.000000e+00 1.000000e+00
    outer loop
      vertex -1.271253e+00 -2.209800e+01 1.320800e+01
      vertex -1.271253e+00 -2.108200e+01 1.320800e+01
      vertex -1.402734e+00 -2.208069e+01 1.320800e+01
    endloop
  endfacet
  facet normal 6.123234e-17 0.000000e+00 1.000000e+00
    outer loop
      vertex -1.402734e+00 -2.208069e+01 1.320800e+01
      vertex -1.271253e+00 -2.108200e+01 1.320800e+01
      vertex -1.402734e+00 -2.109931e+01 1.320800e+01
    endloop
  endfacet
  facet normal 6.123234e-17 0.000000e+00 1.000000e+00
    outer loop
      vertex -1.402734e+00 -2.208069e+01 1.320800e+01
      vertex -1.402734e+00 -2.109931e+01 1.320800e+01
      vertex -1.525253e+00 -2.202994e+01 1.320800e+01
    endloop
  endfacet
  facet normal 6.123234e-17 0.000000e+00 1.000000e+00
    outer loop
      vertex -1.525253e+00 -2.202994e+01 1.320800e+01
      vertex -1.402734e+00 -2.109931e+01 1.320800e+01
      vertex -1.525253e+00 -2.115006e+01 1.320800e+01
    endloop
  endfacet
  facet normal 6.123234e-17 0.000000e+00 1.000000e+00
    outer loop
      vertex -1.525253e+00 -2.202994e+01 1.320800e+01
      vertex -1.525253e+00 -2.115006e+01 1.320800e+01
      vertex -1.630464e+00 -2.194921e+01 1.320800e+01
    endloop
  endfacet
  facet normal 6.123234e-17 0.000000e+00 1.000000e+00
    outer loop
      vertex -1.630464e+00 -2.194921e+01 1.320800e+01
      vertex -1.525253e+00 -2.115006e+01 1.320800e+01
      vertex -1.630464e+00 -2.123079e+01 1.320800e+01
    endloop
  endfacet
  facet normal 6.123234e-17 0.000000e+00 1.000000e+00
    outer loop
      vertex -1.630464e+00 -2.194921e+01 1.320800e+01
      vertex -1.630464e+00 -2.123079e+01 1.320800e+01
      vertex -1.711195e+00 -2.184400e+01 1.320800e+01
    endloop
  endfacet
  facet normal 6.123234e-17 0.000000e+00 1.000000e+00
    outer loop
      vertex -1.711195e+00 -2.184400e+01 1.320800e+01
      vertex -1.630464e+00 -2.123079e+01 1.320800e+01
      vertex -1.711195e+00 -2.133600e+01 1.320800e+01
    endloop
  endfacet
  facet normal 6.123234e-17 0.000000e+00 1.000000e+00
    outer loop
      vertex -1.711195e+00 -2.184400e+01 1.320800e+01
      vertex -1.711195e+00 -2.133600e+01 1.320800e+01
      vertex -1.761944e+00 -2.172148e+01 1.320800e+01
    endloop
  endfacet
  facet normal 6.123234e-17 0.000000e+00 1.000000e+00
    outer loop
      vertex -1.761944e+00 -2.172148e+01 1.320800e+01
      vertex -1.711195e+00 -2.133600e+01 1.320800e+01
      vertex -1.761944e+00 -2.145852e+01 1.320800e+01
    endloop
  endfacet
  facet normal 6.123234e-17 0.000000e+00 1.000000e+00
    outer loop
      vertex -1.761944e+00 -2.172148e+01 1.320800e+01
      vertex -1.761944e+00 -2.145852e+01 1.320800e+01
      vertex -1.779253e+00 -2.159000e+01 1.320800e+01
    endloop
  endfacet
  facet normal 6.123234e-17 0.000000e+00 1.000000e+00
    outer loop
      vertex -1.139774e+00 -2.109931e+01 1.320800e+01
      vertex -1.139774e+00 -2.208069e+01 1.320800e+01
      vertex -1.017253e+00 -2.115006e+01 1.320800e+01
    endloop
  endfacet
  facet normal 6.123234e-17 0.000000e+00 1.000000e+00
    outer loop
      vertex -1.017253e+00 -2.115006e+01 1.320800e+01
      vertex -1.139774e+00 -2.208069e+01 1.320800e+01
      vertex -1.017253e+00 -2.202994e+01 1.320800e+01
    endloop
  endfacet
  facet normal 6.123234e-17 0.000000e+00 1.000000e+00
    outer loop
      vertex -1.017253e+00 -2.115006e+01 1.320800e+01
      vertex -1.017253e+00 -2.202994e+01 1.320800e+01
      vertex -9.120440e-01 -2.123079e+01 1.320800e+01
    endloop
  endfacet
  facet normal 6.123234e-17 0.000000e+00 1.000000e+00
    outer loop
      vertex -9.120440e-01 -2.123079e+01 1.320800e+01
      vertex -1.017253e+00 -2.202994e+01 1.320800e+01
      vertex -9.120440e-01 -2.194921e+01 1.320800e+01
    endloop
  endfacet
  facet normal 6.123234e-17 0.000000e+00 1.000000e+00
    outer loop
      vertex -9.120440e-01 -2.123079e+01 1.320800e+01
      vertex -9.120440e-01 -2.194921e+01 1.320800e+01
      vertex -8.313136e-01 -2.133600e+01 1.320800e+01
    endloop
  endfacet
  facet normal 6.123234e-17 0.000000e+00 1.000000e+00
    outer loop
      vertex -8.313136e-01 -2.133600e+01 1.320800e+01
      vertex -9.120440e-01 -2.194921e+01 1.320800e+01
      vertex -8.313136e-01 -2.184400e+01 1.320800e+01
    endloop
  endfacet
  facet normal 6.123234e-17 0.000000e+00 1.000000e+00
    outer loop
      vertex -8.313136e-01 -2.133600e+01 1.320800e+01
      vertex -8.313136e-01 -2.184400e+01 1.320800e+01
      vertex -7.805629e-01 -2.145852e+01 1.320800e+01
    endloop
  endfacet
  facet normal 6.123234e-17 0.000000e+00 1.000000e+00
    outer loop
      vertex -7.805629e-01 -2.145852e+01 1.320800e+01
      vertex -8.313136e-01 -2.184400e+01 1.320800e+01
      vertex -7.805629e-01 -2.172148e+01 1.320800e+01
    endloop
  endfacet
  facet normal 6.123234e-17 0.000000e+00 1.000000e+00
    outer loop
      vertex -7.805629e-01 -2.145852e+01 1.320800e+01
      vertex -7.805629e-01 -2.172148e+01 1.320800e+01
      vertex -7.632537e-01 -2.159000e+01 1.320800e+01
    endloop
  endfacet
  facet normal -1.305262e-01 -9.914449e-01 7.992423e-18
    outer loop
      vertex -1.402734e+00 2.109931e+01 1.320800e+01
      vertex -1.402734e+00 2.109931e+01 1.016000e+01
      vertex -1.271253e+00 2.108200e+01 1.320800e+01
    endloop
  endfacet
  facet normal -1.305262e-01 -9.914449e-01 7.992423e-18
    outer loop
      vertex -1.271253e+00 2.108200e+01 1.320800e+01
      vertex -1.402734e+00 2.109931e+01 1.016000e+01
      vertex -1.271253e+00 2.108200e+01 1.016000e+01
    endloop
  endfacet
  facet normal 1.305262e-01 -9.914449e-01 -7.992423e-18
    outer loop
      vertex -1.271253e+00 2.108200e+01 1.320800e+01
      vertex -1.271253e+00 2.108200e+01 1.016000e+01
      vertex -1.139774e+00 2.109931e+01 1.320800e+01
    endloop
  endfacet
  facet normal 1.305262e-01 -9.914449e-01 -7.992423e-18
    outer loop
      vertex -1.139774e+00 2.109931e+01 1.320800e+01
      vertex -1.271253e+00 2.108200e+01 1.016000e+01
      vertex -1.139774e+00 2.109931e+01 1.016000e+01
    endloop
  endfacet
  facet normal 3.826834e-01 -9.238795e-01 -2.343260e-17
    outer loop
      vertex -1.139774e+00 2.109931e+01 1.320800e+01
      vertex -1.139774e+00 2.109931e+01 1.016000e+01
      vertex -1.017253e+00 2.115006e+01 1.320800e+01
    endloop
  endfacet
  facet normal 3.826834e-01 -9.238795e-01 -2.343260e-17
    outer loop
      vertex -1.017253e+00 2.115006e+01 1.320800e+01
      vertex -1.139774e+00 2.109931e+01 1.016000e+01
      vertex -1.017253e+00 2.115006e+01 1.016000e+01
    endloop
  endfacet
  facet normal 6.087614e-01 -7.933533e-01 -3.727589e-17
    outer loop
      vertex -1.017253e+00 2.115006e+01 1.320800e+01
      vertex -1.017253e+00 2.115006e+01 1.016000e+01
      vertex -9.120440e-01 2.123079e+01 1.320800e+01
    endloop
  endfacet
  facet normal 6.087614e-01 -7.933533e-01 -3.727589e-17
    outer loop
      vertex -9.120440e-01 2.123079e+01 1.320800e+01
      vertex -1.017253e+00 2.115006e+01 1.016000e+01
      vertex -9.120440e-01 2.123079e+01 1.016000e+01
    endloop
  endfacet
  facet normal 7.933533e-01 -6.087614e-01 -4.857888e-17
    outer loop
      vertex -9.120440e-01 2.123079e+01 1.320800e+01
      vertex -9.120440e-01 2.123079e+01 1.016000e+01
      vertex -8.313136e-01 2.133600e+01 1.320800e+01
    endloop
  endfacet
  facet normal 7.933533e-01 -6.087614e-01 -2.886840e-15
    outer loop
      vertex -8.313136e-01 2.133600e+01 1.320800e+01
      vertex -9.120440e-01 2.123079e+01 1.016000e+01
      vertex -8.313136e-01 2.133600e+01 1.016000e+01
    endloop
  endfacet
  facet normal 9.238795e-01 -3.826834e-01 -1.840777e-15
    outer loop
      vertex -8.313136e-01 2.133600e+01 1.320800e+01
      vertex -8.313136e-01 2.133600e+01 1.016000e+01
      vertex -7.805629e-01 2.145852e+01 1.320800e+01
    endloop
  endfacet
  facet normal 9.238795e-01 -3.826834e-01 -5.657131e-17
    outer loop
      vertex -7.805629e-01 2.145852e+01 1.320800e+01
      vertex -8.313136e-01 2.133600e+01 1.016000e+01
      vertex -7.805629e-01 2.145852e+01 1.016000e+01
    endloop
  endfacet
  facet normal 9.914449e-01 -1.305262e-01 -6.070849e-17
    outer loop
      vertex -7.805629e-01 2.145852e+01 1.320800e+01
      vertex -7.805629e-01 2.145852e+01 1.016000e+01
      vertex -7.632537e-01 2.159000e+01 1.320800e+01
    endloop
  endfacet
  facet normal 9.914449e-01 -1.305262e-01 -6.070849e-17
    outer loop
      vertex -7.632537e-01 2.159000e+01 1.320800e+01
      vertex -7.805629e-01 2.145852e+01 1.016000e+01
      vertex -7.632537e-01 2.159000e+01 1.016000e+01
    endloop
  endfacet
  facet normal 9.914449e-01 1.305262e-01 -6.070849e-17
    outer loop
      vertex -7.632537e-01 2.159000e+01 1.320800e+01
      vertex -7.632537e-01 2.159000e+01 1.016000e+01
      vertex -7.805629e-01 2.172148e+01 1.320800e+01
    endloop
  endfacet
  facet normal 9.914449e-01 1.305262e-01 -6.070849e-17
    outer loop
      vertex -7.805629e-01 2.172148e+01 1.320800e+01
      vertex -7.632537e-01 2.159000e+01 1.016000e+01
      vertex -7.805629e-01 2.172148e+01 1.016000e+01
    endloop
  endfacet
  facet normal 9.238795e-01 3.826834e-01 -5.657131e-17
    outer loop
      vertex -7.805629e-01 2.172148e+01 1.320800e+01
      vertex -7.805629e-01 2.172148e+01 1.016000e+01
      vertex -8.313136e-01 2.184400e+01 1.320800e+01
    endloop
  endfacet
  facet normal 9.238795e-01 3.826834e-01 1.727634e-15
    outer loop
      vertex -8.313136e-01 2.184400e+01 1.320800e+01
      vertex -7.805629e-01 2.172148e+01 1.016000e+01
      vertex -8.313136e-01 2.184400e+01 1.016000e+01
    endloop
  endfacet
  facet normal 7.933533e-01 6.087614e-01 2.789682e-15
    outer loop
      vertex -8.313136e-01 2.184400e+01 1.320800e+01
      vertex -8.313136e-01 2.184400e+01 1.016000e+01
      vertex -9.120440e-01 2.194921e+01 1.320800e+01
    endloop
  endfacet
  facet normal 7.933533e-01 6.087614e-01 -4.857888e-17
    outer loop
      vertex -9.120440e-01 2.194921e+01 1.320800e+01
      vertex -8.313136e-01 2.184400e+01 1.016000e+01
      vertex -9.120440e-01 2.194921e+01 1.016000e+01
    endloop
  endfacet
  facet normal 6.087614e-01 7.933533e-01 -3.727589e-17
    outer loop
      vertex -9.120440e-01 2.194921e+01 1.320800e+01
      vertex -9.120440e-01 2.194921e+01 1.016000e+01
      vertex -1.017253e+00 2.202994e+01 1.320800e+01
    endloop
  endfacet
  facet normal 6.087614e-01 7.933533e-01 -3.727589e-17
    outer loop
      vertex -1.017253e+00 2.202994e+01 1.320800e+01
      vertex -9.120440e-01 2.194921e+01 1.016000e+01
      vertex -1.017253e+00 2.202994e+01 1.016000e+01
    endloop
  endfacet
  facet normal 3.826834e-01 9.238795e-01 -2.343260e-17
    outer loop
      vertex -1.017253e+00 2.202994e+01 1.320800e+01
      vertex -1.017253e+00 2.202994e+01 1.016000e+01
      vertex -1.139774e+00 2.208069e+01 1.320800e+01
    endloop
  endfacet
  facet normal 3.826834e-01 9.238795e-01 -2.343260e-17
    outer loop
      vertex -1.139774e+00 2.208069e+01 1.320800e+01
      vertex -1.017253e+00 2.202994e+01 1.016000e+01
      vertex -1.139774e+00 2.208069e+01 1.016000e+01
    endloop
  endfacet
  facet normal 1.305262e-01 9.914449e-01 -7.992423e-18
    outer loop
      vertex -1.139774e+00 2.208069e+01 1.320800e+01
      vertex -1.139774e+00 2.208069e+01 1.016000e+01
      vertex -1.271253e+00 2.209800e+01 1.320800e+01
    endloop
  endfacet
  facet normal 1.305262e-01 9.914449e-01 -7.992423e-18
    outer loop
      vertex -1.271253e+00 2.209800e+01 1.320800e+01
      vertex -1.139774e+00 2.208069e+01 1.016000e+01
      vertex -1.271253e+00 2.209800e+01 1.016000e+01
    endloop
  endfacet
  facet normal -1.305262e-01 9.914449e-01 7.992423e-18
    outer loop
      vertex -1.271253e+00 2.209800e+01 1.320800e+01
      vertex -1.271253e+00 2.209800e+01 1.016000e+01
      vertex -1.402734e+00 2.208069e+01 1.320800e+01
    endloop
  endfacet
  facet normal -1.305262e-01 9.914449e-01 7.992423e-18
    outer loop
      vertex -1.402734e+00 2.208069e+01 1.320800e+01
      vertex -1.271253e+00 2.209800e+01 1.016000e+01
      vertex -1.402734e+00 2.208069e+01 1.016000e+01
    endloop
  endfacet
  facet normal -3.826834e-01 9.238795e-01 2.343260e-17
    outer loop
      vertex -1.402734e+00 2.208069e+01 1.320800e+01
      vertex -1.402734e+00 2.208069e+01 1.016000e+01
      vertex -1.525253e+00 2.202994e+01 1.320800e+01
    endloop
  endfacet
  facet normal -3.826834e-01 9.238795e-01 2.343260e-17
    outer loop
      vertex -1.525253e+00 2.202994e+01 1.320800e+01
      vertex -1.402734e+00 2.208069e+01 1.016000e+01
      vertex -1.525253e+00 2.202994e+01 1.016000e+01
    endloop
  endfacet
  facet normal -6.087614e-01 7.933533e-01 3.727589e-17
    outer loop
      vertex -1.525253e+00 2.202994e+01 1.320800e+01
      vertex -1.525253e+00 2.202994e+01 1.016000e+01
      vertex -1.630464e+00 2.194921e+01 1.320800e+01
    endloop
  endfacet
  facet normal -6.087614e-01 7.933533e-01 3.727589e-17
    outer loop
      vertex -1.630464e+00 2.194921e+01 1.320800e+01
      vertex -1.525253e+00 2.202994e+01 1.016000e+01
      vertex -1.630464e+00 2.194921e+01 1.016000e+01
    endloop
  endfacet
  facet normal -7.933533e-01 6.087614e-01 4.857888e-17
    outer loop
      vertex -1.630464e+00 2.194921e+01 1.320800e+01
      vertex -1.630464e+00 2.194921e+01 1.016000e+01
      vertex -1.711195e+00 2.184400e+01 1.320800e+01
    endloop
  endfacet
  facet normal -7.933533e-01 6.087614e-01 -2.789682e-15
    outer loop
      vertex -1.711195e+00 2.184400e+01 1.320800e+01
      vertex -1.630464e+00 2.194921e+01 1.016000e+01
      vertex -1.711195e+00 2.184400e+01 1.016000e+01
    endloop
  endfacet
  facet normal -9.238795e-01 3.826834e-01 -1.727634e-15
    outer loop
      vertex -1.711195e+00 2.184400e+01 1.320800e+01
      vertex -1.711195e+00 2.184400e+01 1.016000e+01
      vertex -1.761944e+00 2.172148e+01 1.320800e+01
    endloop
  endfacet
  facet normal -9.238795e-01 3.826834e-01 5.657131e-17
    outer loop
      vertex -1.761944e+00 2.172148e+01 1.320800e+01
      vertex -1.711195e+00 2.184400e+01 1.016000e+01
      vertex -1.761944e+00 2.172148e+01 1.016000e+01
    endloop
  endfacet
  facet normal -9.914449e-01 1.305262e-01 6.070849e-17
    outer loop
      vertex -1.761944e+00 2.172148e+01 1.320800e+01
      vertex -1.761944e+00 2.172148e+01 1.016000e+01
      vertex -1.779253e+00 2.159000e+01 1.320800e+01
    endloop
  endfacet
  facet normal -9.914449e-01 1.305262e-01 6.070849e-17
    outer loop
      vertex -1.779253e+00 2.159000e+01 1.320800e+01
      vertex -1.761944e+00 2.172148e+01 1.016000e+01
      vertex -1.779253e+00 2.159000e+01 1.016000e+01
    endloop
  endfacet
  facet normal -9.914449e-01 -1.305262e-01 6.070849e-17
    outer loop
      vertex -1.779253e+00 2.159000e+01 1.320800e+01
      vertex -1.779253e+00 2.159000e+01 1.016000e+01
      vertex -1.761944e+00 2.145852e+01 1.320800e+01
    endloop
  endfacet
  facet normal -9.914449e-01 -1.305262e-01 6.070849e-17
    outer loop
      vertex -1.761944e+00 2.145852e+01 1.320800e+01
      vertex -1.779253e+00 2.159000e+01 1.016000e+01
      vertex -1.761944e+00 2.145852e+01 1.016000e+01
    endloop
  endfacet
  facet normal -9.238795e-01 -3.826834e-01 5.657131e-17
    outer loop
      vertex -1.761944e+00 2.145852e+01 1.320800e+01
      vertex -1.761944e+00 2.145852e+01 1.016000e+01
      vertex -1.711195e+00 2.133600e+01 1.320800e+01
    endloop
  endfacet
  facet normal -9.238795e-01 -3.826834e-01 1.840777e-15
    outer loop
      vertex -1.711195e+00 2.133600e+01 1.320800e+01
      vertex -1.761944e+00 2.145852e+01 1.016000e+01
      vertex -1.711195e+00 2.133600e+01 1.016000e+01
    endloop
  endfacet
  facet normal -7.933533e-01 -6.087614e-01 2.886840e-15
    outer loop
      vertex -1.711195e+00 2.133600e+01 1.320800e+01
      vertex -1.711195e+00 2.133600e+01 1.016000e+01
      vertex -1.630464e+00 2.123079e+01 1.320800e+01
    endloop
  endfacet
  facet normal -7.933533e-01 -6.087614e-01 4.857888e-17
    outer loop
      vertex -1.630464e+00 2.123079e+01 1.320800e+01
      vertex -1.711195e+00 2.133600e+01 1.016000e+01
      vertex -1.630464e+00 2.123079e+01 1.016000e+01
    endloop
  endfacet
  facet normal -6.087614e-01 -7.933533e-01 3.727589e-17
    outer loop
      vertex -1.630464e+00 2.123079e+01 1.320800e+01
      vertex -1.630464e+00 2.123079e+01 1.016000e+01
      vertex -1.525253e+00 2.115006e+01 1.320800e+01
    endloop
  endfacet
  facet normal -6.087614e-01 -7.933533e-01 3.727589e-17
    outer loop
      vertex -1.525253e+00 2.115006e+01 1.320800e+01
      vertex -1.630464e+00 2.123079e+01 1.016000e+01
      vertex -1.525253e+00 2.115006e+01 1.016000e+01
    endloop
  endfacet
  facet normal -3.826834e-01 -9.238795e-01 2.343260e-17
    outer loop
      vertex -1.525253e+00 2.115006e+01 1.320800e+01
      vertex -1.525253e+00 2.115006e+01 1.016000e+01
      vertex -1.402734e+00 2.109931e+01 1.320800e+01
    endloop
  endfacet
  facet normal -3.826834e-01 -9.238795e-01 2.343260e-17
    outer loop
      vertex -1.402734e+00 2.109931e+01 1.320800e+01
      vertex -1.525253e+00 2.115006e+01 1.016000e+01
      vertex -1.402734e+00 2.109931e+01 1.016000e+01
    endloop
  endfacet
  facet normal 6.123234e-17 0.000000e+00 1.000000e+00
    outer loop
      vertex -1.139774e+00 2.109931e+01 1.320800e+01
      vertex -1.139774e+00 2.208069e+01 1.320800e+01
      vertex -1.271253e+00 2.108200e+01 1.320800e+01
    endloop
  endfacet
  facet normal 6.123234e-17 0.000000e+00 1.000000e+00
    outer loop
      vertex -1.271253e+00 2.108200e+01 1.320800e+01
      vertex -1.139774e+00 2.208069e+01 1.320800e+01
      vertex -1.271253e+00 2.209800e+01 1.320800e+01
    endloop
  endfacet
  facet normal 6.123234e-17 0.000000e+00 1.000000e+00
    outer loop
      vertex -1.271253e+00 2.108200e+01 1.320800e+01
      vertex -1.271253e+00 2.209800e+01 1.320800e+01
      vertex -1.402734e+00 2.109931e+01 1.320800e+01
    endloop
  endfacet
  facet normal 6.123234e-17 0.000000e+00 1.000000e+00
    outer loop
      vertex -1.402734e+00 2.109931e+01 1.320800e+01
      vertex -1.271253e+00 2.209800e+01 1.320800e+01
      vertex -1.402734e+00 2.208069e+01 1.320800e+01
    endloop
  endfacet
  facet normal 6.123234e-17 0.000000e+00 1.000000e+00
    outer loop
      vertex -1.402734e+00 2.109931e+01 1.320800e+01
      vertex -1.402734e+00 2.208069e+01 1.320800e+01
      vertex -1.525253e+00 2.115006e+01 1.320800e+01
    endloop
  endfacet
  facet normal 6.123234e-17 0.000000e+00 1.000000e+00
    outer loop
      vertex -1.525253e+00 2.115006e+01 1.320800e+01
      vertex -1.402734e+00 2.208069e+01 1.320800e+01
      vertex -1.525253e+00 2.202994e+01 1.320800e+01
    endloop
  endfacet
  facet normal 6.123234e-17 0.000000e+00 1.000000e+00
    outer loop
      vertex -1.525253e+00 2.115006e+01 1.320800e+01
      vertex -1.525253e+00 2.202994e+01 1.320800e+01
      vertex -1.630464e+00 2.123079e+01 1.320800e+01
    endloop
  endfacet
  facet normal 6.123234e-17 0.000000e+00 1.000000e+00
    outer loop
      vertex -1.630464e+00 2.123079e+01 1.320800e+01
      vertex -1.525253e+00 2.202994e+01 1.320800e+01
      vertex -1.630464e+00 2.194921e+01 1.320800e+01
    endloop
  endfacet
  facet normal 6.123234e-17 0.000000e+00 1.000000e+00
    outer loop
      vertex -1.630464e+00 2.123079e+01 1.320800e+01
      vertex -1.630464e+00 2.194921e+01 1.320800e+01
      vertex -1.711195e+00 2.133600e+01 1.320800e+01
    endloop
  endfacet
  facet normal 6.123234e-17 0.000000e+00 1.000000e+00
    outer loop
      vertex -1.711195e+00 2.133600e+01 1.320800e+01
      vertex -1.630464e+00 2.194921e+01 1.320800e+01
      vertex -1.711195e+00 2.184400e+01 1.320800e+01
    endloop
  endfacet
  facet normal 6.123234e-17 0.000000e+00 1.000000e+00
    outer loop
      vertex -1.711195e+00 2.133600e+01 1.320800e+01
      vertex -1.711195e+00 2.184400e+01 1.320800e+01
      vertex -1.761944e+00 2.145852e+01 1.320800e+01
    endloop
  endfacet
  facet normal 6.123234e-17 0.000000e+00 1.000000e+00
    outer loop
      vertex -1.761944e+00 2.145852e+01 1.320800e+01
      vertex -1.711195e+00 2.184400e+01 1.320800e+01
      vertex -1.761944e+00 2.172148e+01 1.320800e+01
    endloop
  endfacet
  facet normal 6.123234e-17 0.000000e+00 1.000000e+00
    outer loop
      vertex -1.761944e+00 2.145852e+01 1.320800e+01
      vertex -1.761944e+00 2.172148e+01 1.320800e+01
      vertex -1.779253e+00 2.159000e+01 1.320800e+01
    endloop
  endfacet
  facet normal 6.123234e-17 0.000000e+00 1.000000e+00
    outer loop
      vertex -1.139774e+00 2.208069e+01 1.320800e+01
      vertex -1.139774e+00 2.109931e+01 1.320800e+01
      vertex -1.017253e+00 2.202994e+01 1.320800e+01
    endloop
  endfacet
  facet normal 6.123234e-17 0.000000e+00 1.000000e+00
    outer loop
      vertex -1.017253e+00 2.202994e+01 1.320800e+01
      vertex -1.139774e+00 2.109931e+01 1.320800e+01
      vertex -1.017253e+00 2.115006e+01 1.320800e+01
    endloop
  endfacet
  facet normal 6.123234e-17 0.000000e+00 1.000000e+00
    outer loop
      vertex -1.017253e+00 2.202994e+01 1.320800e+01
      vertex -1.017253e+00 2.115006e+01 1.320800e+01
      vertex -9.120440e-01 2.194921e+01 1.320800e+01
    endloop
  endfacet
  facet normal 6.123234e-17 0.000000e+00 1.000000e+00
    outer loop
      vertex -9.120440e-01 2.194921e+01 1.320800e+01
      vertex -1.017253e+00 2.115006e+01 1.320800e+01
      vertex -9.120440e-01 2.123079e+01 1.320800e+01
    endloop
  endfacet
  facet normal 6.123234e-17 0.000000e+00 1.000000e+00
    outer loop
      vertex -9.120440e-01 2.194921e+01 1.320800e+01
      vertex -9.120440e-01 2.123079e+01 1.320800e+01
      vertex -8.313136e-01 2.184400e+01 1.320800e+01
    endloop
  endfacet
  facet normal 6.123234e-17 0.000000e+00 1.000000e+00
    outer loop
      vertex -8.313136e-01 2.184400e+01 1.320800e+01
      vertex -9.120440e-01 2.123079e+01 1.320800e+01
      vertex -8.313136e-01 2.133600e+01 1.320800e+01
    endloop
  endfacet
  facet normal 6.123234e-17 0.000000e+00 1.000000e+00
    outer loop
      vertex -8.313136e-01 2.184400e+01 1.320800e+01
      vertex -8.313136e-01 2.133600e+01 1.320800e+01
      vertex -7.805629e-01 2.172148e+01 1.320800e+01
    endloop
  endfacet
  facet normal 6.123234e-17 0.000000e+00 1.000000e+00
    outer loop
      vertex -7.805629e-01 2.172148e+01 1.320800e+01
      vertex -8.313136e-01 2.133600e+01 1.320800e+01
      vertex -7.805629e-01 2.145852e+01 1.320800e+01
    endloop
  endfacet
  facet normal 6.123234e-17 0.000000e+00 1.000000e+00
    outer loop
      vertex -7.805629e-01 2.172148e+01 1.320800e+01
      vertex -7.805629e-01 2.145852e+01 1.320800e+01
      vertex -7.632537e-01 2.159000e+01 1.320800e+01
    endloop
  endfacet
  facet normal 1.305262e-01 0.000000e+00 -9.914449e-01
    outer loop
      vertex -1.287008e+01 -9.525001e+00 2.663105e+01
      vertex -1.287008e+01 -7.620001e+00 2.663105e+01
      vertex -1.257425e+01 -9.525001e+00 2.667000e+01
    endloop
  endfacet
  facet normal 1.305262e-01 0.000000e+00 -9.914449e-01
    outer loop
      vertex -1.257425e+01 -9.525001e+00 2.667000e+01
      vertex -1.287008e+01 -7.620001e+00 2.663105e+01
      vertex -1.257425e+01 -7.620001e+00 2.667000e+01
    endloop
  endfacet
  facet normal -1.305262e-01 0.000000e+00 -9.914449e-01
    outer loop
      vertex -1.257425e+01 -9.525001e+00 2.667000e+01
      vertex -1.257425e+01 -7.620001e+00 2.667000e+01
      vertex -1.227842e+01 -9.525001e+00 2.663105e+01
    endloop
  endfacet
  facet normal -1.305262e-01 6.085593e-17 -9.914449e-01
    outer loop
      vertex -1.227842e+01 -9.525001e+00 2.663105e+01
      vertex -1.257425e+01 -7.620001e+00 2.667000e+01
      vertex -1.227842e+01 -7.620001e+00 2.663105e+01
    endloop
  endfacet
  facet normal -3.826834e-01 1.784206e-16 -9.238795e-01
    outer loop
      vertex -1.227842e+01 -9.525001e+00 2.663105e+01
      vertex -1.227842e+01 -7.620001e+00 2.663105e+01
      vertex -1.200275e+01 -9.525001e+00 2.651687e+01
    endloop
  endfacet
  facet normal -3.826834e-01 0.000000e+00 -9.238795e-01
    outer loop
      vertex -1.200275e+01 -9.525001e+00 2.651687e+01
      vertex -1.227842e+01 -7.620001e+00 2.663105e+01
      vertex -1.200275e+01 -7.620001e+00 2.651687e+01
    endloop
  endfacet
  facet normal -6.087614e-01 0.000000e+00 -7.933533e-01
    outer loop
      vertex -1.200275e+01 -9.525001e+00 2.651687e+01
      vertex -1.200275e+01 -7.620001e+00 2.651687e+01
      vertex -1.176603e+01 -9.525001e+00 2.633522e+01
    endloop
  endfacet
  facet normal -6.087614e-01 0.000000e+00 -7.933533e-01
    outer loop
      vertex -1.176603e+01 -9.525001e+00 2.633522e+01
      vertex -1.200275e+01 -7.620001e+00 2.651687e+01
      vertex -1.176603e+01 -7.620001e+00 2.633522e+01
    endloop
  endfacet
  facet normal -7.933533e-01 0.000000e+00 -6.087614e-01
    outer loop
      vertex -1.176603e+01 -9.525001e+00 2.633522e+01
      vertex -1.176603e+01 -7.620001e+00 2.633522e+01
      vertex -1.158439e+01 -9.525001e+00 2.609850e+01
    endloop
  endfacet
  facet normal -7.933533e-01 3.698894e-16 -6.087614e-01
    outer loop
      vertex -1.158439e+01 -9.525001e+00 2.609850e+01
      vertex -1.176603e+01 -7.620001e+00 2.633522e+01
      vertex -1.158439e+01 -7.620001e+00 2.609850e+01
    endloop
  endfacet
  facet normal -9.238795e-01 4.307453e-16 -3.826834e-01
    outer loop
      vertex -1.158439e+01 -9.525001e+00 2.609850e+01
      vertex -1.158439e+01 -7.620001e+00 2.609850e+01
      vertex -1.147020e+01 -9.525001e+00 2.582283e+01
    endloop
  endfacet
  facet normal -9.238795e-01 -7.136822e-16 -3.826834e-01
    outer loop
      vertex -1.147020e+01 -9.525001e+00 2.582283e+01
      vertex -1.158439e+01 -7.620001e+00 2.609850e+01
      vertex -1.147020e+01 -7.620001e+00 2.582283e+01
    endloop
  endfacet
  facet normal -9.914449e-01 -2.434237e-16 -1.305262e-01
    outer loop
      vertex -1.147020e+01 -9.525001e+00 2.582283e+01
      vertex -1.147020e+01 -7.620001e+00 2.582283e+01
      vertex -1.143125e+01 -9.525001e+00 2.552700e+01
    endloop
  endfacet
  facet normal -9.914449e-01 0.000000e+00 -1.305262e-01
    outer loop
      vertex -1.143125e+01 -9.525001e+00 2.552700e+01
      vertex -1.147020e+01 -7.620001e+00 2.582283e+01
      vertex -1.143125e+01 -7.620001e+00 2.552700e+01
    endloop
  endfacet
  facet normal -9.914449e-01 0.000000e+00 1.305262e-01
    outer loop
      vertex -1.143125e+01 -9.525001e+00 2.552700e+01
      vertex -1.143125e+01 -7.620001e+00 2.552700e+01
      vertex -1.147020e+01 -9.525001e+00 2.523117e+01
    endloop
  endfacet
  facet normal -9.914449e-01 0.000000e+00 1.305262e-01
    outer loop
      vertex -1.147020e+01 -9.525001e+00 2.523117e+01
      vertex -1.143125e+01 -7.620001e+00 2.552700e+01
      vertex -1.147020e+01 -7.620001e+00 2.523117e+01
    endloop
  endfacet
  facet normal -9.238795e-01 0.000000e+00 3.826834e-01
    outer loop
      vertex -1.147020e+01 -9.525001e+00 2.523117e+01
      vertex -1.147020e+01 -7.620001e+00 2.523117e+01
      vertex -1.158439e+01 -9.525001e+00 2.495550e+01
    endloop
  endfacet
  facet normal -9.238795e-01 -4.307453e-16 3.826834e-01
    outer loop
      vertex -1.158439e+01 -9.525001e+00 2.495550e+01
      vertex -1.147020e+01 -7.620001e+00 2.523117e+01
      vertex -1.158439e+01 -7.620001e+00 2.495550e+01
    endloop
  endfacet
  facet normal -7.933533e-01 -3.698894e-16 6.087614e-01
    outer loop
      vertex -1.158439e+01 -9.525001e+00 2.495550e+01
      vertex -1.158439e+01 -7.620001e+00 2.495550e+01
      vertex -1.176603e+01 -9.525001e+00 2.471878e+01
    endloop
  endfacet
  facet normal -7.933533e-01 0.000000e+00 6.087614e-01
    outer loop
      vertex -1.176603e+01 -9.525001e+00 2.471878e+01
      vertex -1.158439e+01 -7.620001e+00 2.495550e+01
      vertex -1.176603e+01 -7.620001e+00 2.471878e+01
    endloop
  endfacet
  facet normal -6.087614e-01 0.000000e+00 7.933533e-01
    outer loop
      vertex -1.176603e+01 -9.525001e+00 2.471878e+01
      vertex -1.176603e+01 -7.620001e+00 2.471878e+01
      vertex -1.200275e+01 -9.525001e+00 2.453713e+01
    endloop
  endfacet
  facet normal -6.087614e-01 0.000000e+00 7.933533e-01
    outer loop
      vertex -1.200275e+01 -9.525001e+00 2.453713e+01
      vertex -1.176603e+01 -7.620001e+00 2.471878e+01
      vertex -1.200275e+01 -7.620001e+00 2.453713e+01
    endloop
  endfacet
  facet normal -3.826834e-01 0.000000e+00 9.238795e-01
    outer loop
      vertex -1.200275e+01 -9.525001e+00 2.453713e+01
      vertex -1.200275e+01 -7.620001e+00 2.453713e+01
      vertex -1.227842e+01 -9.525001e+00 2.442295e+01
    endloop
  endfacet
  facet normal -3.826834e-01 0.000000e+00 9.238795e-01
    outer loop
      vertex -1.227842e+01 -9.525001e+00 2.442295e+01
      vertex -1.200275e+01 -7.620001e+00 2.453713e+01
      vertex -1.227842e+01 -7.620001e+00 2.442295e+01
    endloop
  endfacet
  facet normal -1.305262e-01 0.000000e+00 9.914449e-01
    outer loop
      vertex -1.227842e+01 -9.525001e+00 2.442295e+01
      vertex -1.227842e+01 -7.620001e+00 2.442295e+01
      vertex -1.257425e+01 -9.525001e+00 2.438400e+01
    endloop
  endfacet
  facet normal -1.305262e-01 0.000000e+00 9.914449e-01
    outer loop
      vertex -1.257425e+01 -9.525001e+00 2.438400e+01
      vertex -1.227842e+01 -7.620001e+00 2.442295e+01
      vertex -1.257425e+01 -7.620001e+00 2.438400e+01
    endloop
  endfacet
  facet normal 1.305262e-01 0.000000e+00 9.914449e-01
    outer loop
      vertex -1.257425e+01 -9.525001e+00 2.438400e+01
      vertex -1.257425e+01 -7.620001e+00 2.438400e+01
      vertex -1.287008e+01 -9.525001e+00 2.442295e+01
    endloop
  endfacet
  facet normal 1.305262e-01 6.085593e-17 9.914449e-01
    outer loop
      vertex -1.287008e+01 -9.525001e+00 2.442295e+01
      vertex -1.257425e+01 -7.620001e+00 2.438400e+01
      vertex -1.287008e+01 -7.620001e+00 2.442295e+01
    endloop
  endfacet
  facet normal 3.826834e-01 1.784206e-16 9.238795e-01
    outer loop
      vertex -1.287008e+01 -9.525001e+00 2.442295e+01
      vertex -1.287008e+01 -7.620001e+00 2.442295e+01
      vertex -1.314575e+01 -9.525001e+00 2.453713e+01
    endloop
  endfacet
  facet normal 3.826834e-01 0.000000e+00 9.238795e-01
    outer loop
      vertex -1.314575e+01 -9.525001e+00 2.453713e+01
      vertex -1.287008e+01 -7.620001e+00 2.442295e+01
      vertex -1.314575e+01 -7.620001e+00 2.453713e+01
    endloop
  endfacet
  facet normal 6.087614e-01 0.000000e+00 7.933533e-01
    outer loop
      vertex -1.314575e+01 -9.525001e+00 2.453713e+01
      vertex -1.314575e+01 -7.620001e+00 2.453713e+01
      vertex -1.338248e+01 -9.525001e+00 2.471878e+01
    endloop
  endfacet
  facet normal 6.087614e-01 0.000000e+00 7.933533e-01
    outer loop
      vertex -1.338248e+01 -9.525001e+00 2.471878e+01
      vertex -1.314575e+01 -7.620001e+00 2.453713e+01
      vertex -1.338248e+01 -7.620001e+00 2.471878e+01
    endloop
  endfacet
  facet normal 7.933533e-01 0.000000e+00 6.087614e-01
    outer loop
      vertex -1.338248e+01 -9.525001e+00 2.471878e+01
      vertex -1.338248e+01 -7.620001e+00 2.471878e+01
      vertex -1.356412e+01 -9.525001e+00 2.495550e+01
    endloop
  endfacet
  facet normal 7.933533e-01 1.849447e-16 6.087614e-01
    outer loop
      vertex -1.356412e+01 -9.525001e+00 2.495550e+01
      vertex -1.338248e+01 -7.620001e+00 2.471878e+01
      vertex -1.356412e+01 -7.620001e+00 2.495550e+01
    endloop
  endfacet
  facet normal 9.238795e-01 2.153727e-16 3.826834e-01
    outer loop
      vertex -1.356412e+01 -9.525001e+00 2.495550e+01
      vertex -1.356412e+01 -7.620001e+00 2.495550e+01
      vertex -1.367831e+01 -9.525001e+00 2.523117e+01
    endloop
  endfacet
  facet normal 9.238795e-01 0.000000e+00 3.826834e-01
    outer loop
      vertex -1.367831e+01 -9.525001e+00 2.523117e+01
      vertex -1.356412e+01 -7.620001e+00 2.495550e+01
      vertex -1.367831e+01 -7.620001e+00 2.523117e+01
    endloop
  endfacet
  facet normal 9.914449e-01 0.000000e+00 1.305262e-01
    outer loop
      vertex -1.367831e+01 -9.525001e+00 2.523117e+01
      vertex -1.367831e+01 -7.620001e+00 2.523117e+01
      vertex -1.371725e+01 -9.525001e+00 2.552700e+01
    endloop
  endfacet
  facet normal 9.914449e-01 0.000000e+00 1.305262e-01
    outer loop
      vertex -1.371725e+01 -9.525001e+00 2.552700e+01
      vertex -1.367831e+01 -7.620001e+00 2.523117e+01
      vertex -1.371725e+01 -7.620001e+00 2.552700e+01
    endloop
  endfacet
  facet normal 9.914449e-01 0.000000e+00 -1.305262e-01
    outer loop
      vertex -1.371725e+01 -9.525001e+00 2.552700e+01
      vertex -1.371725e+01 -7.620001e+00 2.552700e+01
      vertex -1.367831e+01 -9.525001e+00 2.582283e+01
    endloop
  endfacet
  facet normal 9.914449e-01 1.230038e-17 -1.305262e-01
    outer loop
      vertex -1.367831e+01 -9.525001e+00 2.582283e+01
      vertex -1.371725e+01 -7.620001e+00 2.552700e+01
      vertex -1.367831e+01 -7.620001e+00 2.582283e+01
    endloop
  endfacet
  facet normal 9.238795e-01 4.983096e-16 -3.826834e-01
    outer loop
      vertex -1.367831e+01 -9.525001e+00 2.582283e+01
      vertex -1.367831e+01 -7.620001e+00 2.582283e+01
      vertex -1.356412e+01 -9.525001e+00 2.609850e+01
    endloop
  endfacet
  facet normal 9.238795e-01 -2.153727e-16 -3.826834e-01
    outer loop
      vertex -1.356412e+01 -9.525001e+00 2.609850e+01
      vertex -1.367831e+01 -7.620001e+00 2.582283e+01
      vertex -1.356412e+01 -7.620001e+00 2.609850e+01
    endloop
  endfacet
  facet normal 7.933533e-01 -1.849447e-16 -6.087614e-01
    outer loop
      vertex -1.356412e+01 -9.525001e+00 2.609850e+01
      vertex -1.356412e+01 -7.620001e+00 2.609850e+01
      vertex -1.338248e+01 -9.525001e+00 2.633522e+01
    endloop
  endfacet
  facet normal 7.933533e-01 0.000000e+00 -6.087614e-01
    outer loop
      vertex -1.338248e+01 -9.525001e+00 2.633522e+01
      vertex -1.356412e+01 -7.620001e+00 2.609850e+01
      vertex -1.338248e+01 -7.620001e+00 2.633522e+01
    endloop
  endfacet
  facet normal 6.087614e-01 0.000000e+00 -7.933533e-01
    outer loop
      vertex -1.338248e+01 -9.525001e+00 2.633522e+01
      vertex -1.338248e+01 -7.620001e+00 2.633522e+01
      vertex -1.314575e+01 -9.525001e+00 2.651687e+01
    endloop
  endfacet
  facet normal 6.087614e-01 -2.838261e-16 -7.933533e-01
    outer loop
      vertex -1.314575e+01 -9.525001e+00 2.651687e+01
      vertex -1.338248e+01 -7.620001e+00 2.633522e+01
      vertex -1.314575e+01 -7.620001e+00 2.651687e+01
    endloop
  endfacet
  facet normal 3.826834e-01 -1.784206e-16 -9.238795e-01
    outer loop
      vertex -1.314575e+01 -9.525001e+00 2.651687e+01
      vertex -1.314575e+01 -7.620001e+00 2.651687e+01
      vertex -1.287008e+01 -9.525001e+00 2.663105e+01
    endloop
  endfacet
  facet normal 3.826834e-01 0.000000e+00 -9.238795e-01
    outer loop
      vertex -1.287008e+01 -9.525001e+00 2.663105e+01
      vertex -1.314575e+01 -7.620001e+00 2.651687e+01
      vertex -1.287008e+01 -7.620001e+00 2.663105e+01
    endloop
  endfacet
  facet normal 1.305262e-01 0.000000e+00 -9.914449e-01
    outer loop
      vertex -1.287008e+01 7.619999e+00 2.663105e+01
      vertex -1.287008e+01 9.524998e+00 2.663105e+01
      vertex -1.257425e+01 7.619999e+00 2.667000e+01
    endloop
  endfacet
  facet normal 1.305262e-01 0.000000e+00 -9.914449e-01
    outer loop
      vertex -1.257425e+01 7.619999e+00 2.667000e+01
      vertex -1.287008e+01 9.524998e+00 2.663105e+01
      vertex -1.257425e+01 9.524998e+00 2.667000e+01
    endloop
  endfacet
  facet normal -1.305262e-01 0.000000e+00 -9.914449e-01
    outer loop
      vertex -1.257425e+01 7.619999e+00 2.667000e+01
      vertex -1.257425e+01 9.524998e+00 2.667000e+01
      vertex -1.227842e+01 7.619999e+00 2.663105e+01
    endloop
  endfacet
  facet normal -1.305262e-01 6.085593e-17 -9.914449e-01
    outer loop
      vertex -1.227842e+01 7.619999e+00 2.663105e+01
      vertex -1.257425e+01 9.524998e+00 2.667000e+01
      vertex -1.227842e+01 9.524998e+00 2.663105e+01
    endloop
  endfacet
  facet normal -3.826834e-01 1.784206e-16 -9.238795e-01
    outer loop
      vertex -1.227842e+01 7.619999e+00 2.663105e+01
      vertex -1.227842e+01 9.524998e+00 2.663105e+01
      vertex -1.200275e+01 7.619999e+00 2.651687e+01
    endloop
  endfacet
  facet normal -3.826834e-01 0.000000e+00 -9.238795e-01
    outer loop
      vertex -1.200275e+01 7.619999e+00 2.651687e+01
      vertex -1.227842e+01 9.524998e+00 2.663105e+01
      vertex -1.200275e+01 9.524998e+00 2.651687e+01
    endloop
  endfacet
  facet normal -6.087614e-01 0.000000e+00 -7.933533e-01
    outer loop
      vertex -1.200275e+01 7.619999e+00 2.651687e+01
      vertex -1.200275e+01 9.524998e+00 2.651687e+01
      vertex -1.176603e+01 7.619999e+00 2.633522e+01
    endloop
  endfacet
  facet normal -6.087614e-01 0.000000e+00 -7.933533e-01
    outer loop
      vertex -1.176603e+01 7.619999e+00 2.633522e+01
      vertex -1.200275e+01 9.524998e+00 2.651687e+01
      vertex -1.176603e+01 9.524998e+00 2.633522e+01
    endloop
  endfacet
  facet normal -7.933533e-01 0.000000e+00 -6.087614e-01
    outer loop
      vertex -1.176603e+01 7.619999e+00 2.633522e+01
      vertex -1.176603e+01 9.524998e+00 2.633522e+01
      vertex -1.158439e+01 7.619999e+00 2.609850e+01
    endloop
  endfacet
  facet normal -7.933533e-01 3.698894e-16 -6.087614e-01
    outer loop
      vertex -1.158439e+01 7.619999e+00 2.609850e+01
      vertex -1.176603e+01 9.524998e+00 2.633522e+01
      vertex -1.158439e+01 9.524998e+00 2.609850e+01
    endloop
  endfacet
  facet normal -9.238795e-01 4.307453e-16 -3.826834e-01
    outer loop
      vertex -1.158439e+01 7.619999e+00 2.609850e+01
      vertex -1.158439e+01 9.524998e+00 2.609850e+01
      vertex -1.147020e+01 7.619999e+00 2.582283e+01
    endloop
  endfacet
  facet normal -9.238795e-01 -7.136822e-16 -3.826834e-01
    outer loop
      vertex -1.147020e+01 7.619999e+00 2.582283e+01
      vertex -1.158439e+01 9.524998e+00 2.609850e+01
      vertex -1.147020e+01 9.524998e+00 2.582283e+01
    endloop
  endfacet
  facet normal -9.914449e-01 -2.434237e-16 -1.305262e-01
    outer loop
      vertex -1.147020e+01 7.619999e+00 2.582283e+01
      vertex -1.147020e+01 9.524998e+00 2.582283e+01
      vertex -1.143125e+01 7.619999e+00 2.552700e+01
    endloop
  endfacet
  facet normal -9.914449e-01 0.000000e+00 -1.305262e-01
    outer loop
      vertex -1.143125e+01 7.619999e+00 2.552700e+01
      vertex -1.147020e+01 9.524998e+00 2.582283e+01
      vertex -1.143125e+01 9.524998e+00 2.552700e+01
    endloop
  endfacet
  facet normal -9.914449e-01 0.000000e+00 1.305262e-01
    outer loop
      vertex -1.143125e+01 7.619999e+00 2.552700e+01
      vertex -1.143125e+01 9.524998e+00 2.552700e+01
      vertex -1.147020e+01 7.619999e+00 2.523117e+01
    endloop
  endfacet
  facet normal -9.914449e-01 0.000000e+00 1.305262e-01
    outer loop
      vertex -1.147020e+01 7.619999e+00 2.523117e+01
      vertex -1.143125e+01 9.524998e+00 2.552700e+01
      vertex -1.147020e+01 9.524998e+00 2.523117e+01
    endloop
  endfacet
  facet normal -9.238795e-01 0.000000e+00 3.826834e-01
    outer loop
      vertex -1.147020e+01 7.619999e+00 2.523117e+01
      vertex -1.147020e+01 9.524998e+00 2.523117e+01
      vertex -1.158439e+01 7.619999e+00 2.495550e+01
    endloop
  endfacet
  facet normal -9.238795e-01 -4.307453e-16 3.826834e-01
    outer loop
      vertex -1.158439e+01 7.619999e+00 2.495550e+01
      vertex -1.147020e+01 9.524998e+00 2.523117e+01
      vertex -1.158439e+01 9.524998e+00 2.495550e+01
    endloop
  endfacet
  facet normal -7.933533e-01 -3.698894e-16 6.087614e-01
    outer loop
      vertex -1.158439e+01 7.619999e+00 2.495550e+01
      vertex -1.158439e+01 9.524998e+00 2.495550e+01
      vertex -1.176603e+01 7.619999e+00 2.471878e+01
    endloop
  endfacet
  facet normal -7.933533e-01 0.000000e+00 6.087614e-01
    outer loop
      vertex -1.176603e+01 7.619999e+00 2.471878e+01
      vertex -1.158439e+01 9.524998e+00 2.495550e+01
      vertex -1.176603e+01 9.524998e+00 2.471878e+01
    endloop
  endfacet
  facet normal -6.087614e-01 0.000000e+00 7.933533e-01
    outer loop
      vertex -1.176603e+01 7.619999e+00 2.471878e+01
      vertex -1.176603e+01 9.524998e+00 2.471878e+01
      vertex -1.200275e+01 7.619999e+00 2.453713e+01
    endloop
  endfacet
  facet normal -6.087614e-01 0.000000e+00 7.933533e-01
    outer loop
      vertex -1.200275e+01 7.619999e+00 2.453713e+01
      vertex -1.176603e+01 9.524998e+00 2.471878e+01
      vertex -1.200275e+01 9.524998e+00 2.453713e+01
    endloop
  endfacet
  facet normal -3.826834e-01 0.000000e+00 9.238795e-01
    outer loop
      vertex -1.200275e+01 7.619999e+00 2.453713e+01
      vertex -1.200275e+01 9.524998e+00 2.453713e+01
      vertex -1.227842e+01 7.619999e+00 2.442295e+01
    endloop
  endfacet
  facet normal -3.826834e-01 0.000000e+00 9.238795e-01
    outer loop
      vertex -1.227842e+01 7.619999e+00 2.442295e+01
      vertex -1.200275e+01 9.524998e+00 2.453713e+01
      vertex -1.227842e+01 9.524998e+00 2.442295e+01
    endloop
  endfacet
  facet normal -1.305262e-01 0.000000e+00 9.914449e-01
    outer loop
      vertex -1.227842e+01 7.619999e+00 2.442295e+01
      vertex -1.227842e+01 9.524998e+00 2.442295e+01
      vertex -1.257425e+01 7.619999e+00 2.438400e+01
    endloop
  endfacet
  facet normal -1.305262e-01 0.000000e+00 9.914449e-01
    outer loop
      vertex -1.257425e+01 7.619999e+00 2.438400e+01
      vertex -1.227842e+01 9.524998e+00 2.442295e+01
      vertex -1.257425e+01 9.524998e+00 2.438400e+01
    endloop
  endfacet
  facet normal 1.305262e-01 0.000000e+00 9.914449e-01
    outer loop
      vertex -1.257425e+01 7.619999e+00 2.438400e+01
      vertex -1.257425e+01 9.524998e+00 2.438400e+01
      vertex -1.287008e+01 7.619999e+00 2.442295e+01
    endloop
  endfacet
  facet normal 1.305262e-01 6.085593e-17 9.914449e-01
    outer loop
      vertex -1.287008e+01 7.619999e+00 2.442295e+01
      vertex -1.257425e+01 9.524998e+00 2.438400e+01
      vertex -1.287008e+01 9.524998e+00 2.442295e+01
    endloop
  endfacet
  facet normal 3.826834e-01 1.784206e-16 9.238795e-01
    outer loop
      vertex -1.287008e+01 7.619999e+00 2.442295e+01
      vertex -1.287008e+01 9.524998e+00 2.442295e+01
      vertex -1.314575e+01 7.619999e+00 2.453713e+01
    endloop
  endfacet
  facet normal 3.826834e-01 0.000000e+00 9.238795e-01
    outer loop
      vertex -1.314575e+01 7.619999e+00 2.453713e+01
      vertex -1.287008e+01 9.524998e+00 2.442295e+01
      vertex -1.314575e+01 9.524998e+00 2.453713e+01
    endloop
  endfacet
  facet normal 6.087614e-01 0.000000e+00 7.933533e-01
    outer loop
      vertex -1.314575e+01 7.619999e+00 2.453713e+01
      vertex -1.314575e+01 9.524998e+00 2.453713e+01
      vertex -1.338248e+01 7.619999e+00 2.471878e+01
    endloop
  endfacet
  facet normal 6.087614e-01 0.000000e+00 7.933533e-01
    outer loop
      vertex -1.338248e+01 7.619999e+00 2.471878e+01
      vertex -1.314575e+01 9.524998e+00 2.453713e+01
      vertex -1.338248e+01 9.524998e+00 2.471878e+01
    endloop
  endfacet
  facet normal 7.933533e-01 0.000000e+00 6.087614e-01
    outer loop
      vertex -1.338248e+01 7.619999e+00 2.471878e+01
      vertex -1.338248e+01 9.524998e+00 2.471878e+01
      vertex -1.356412e+01 7.619999e+00 2.495550e+01
    endloop
  endfacet
  facet normal 7.933533e-01 1.849447e-16 6.087614e-01
    outer loop
      vertex -1.356412e+01 7.619999e+00 2.495550e+01
      vertex -1.338248e+01 9.524998e+00 2.471878e+01
      vertex -1.356412e+01 9.524998e+00 2.495550e+01
    endloop
  endfacet
  facet normal 9.238795e-01 2.153727e-16 3.826834e-01
    outer loop
      vertex -1.356412e+01 7.619999e+00 2.495550e+01
      vertex -1.356412e+01 9.524998e+00 2.495550e+01
      vertex -1.367831e+01 7.619999e+00 2.523117e+01
    endloop
  endfacet
  facet normal 9.238795e-01 0.000000e+00 3.826834e-01
    outer loop
      vertex -1.367831e+01 7.619999e+00 2.523117e+01
      vertex -1.356412e+01 9.524998e+00 2.495550e+01
      vertex -1.367831e+01 9.524998e+00 2.523117e+01
    endloop
  endfacet
  facet normal 9.914449e-01 0.000000e+00 1.305262e-01
    outer loop
      vertex -1.367831e+01 7.619999e+00 2.523117e+01
      vertex -1.367831e+01 9.524998e+00 2.523117e+01
      vertex -1.371725e+01 7.619999e+00 2.552700e+01
    endloop
  endfacet
  facet normal 9.914449e-01 0.000000e+00 1.305262e-01
    outer loop
      vertex -1.371725e+01 7.619999e+00 2.552700e+01
      vertex -1.367831e+01 9.524998e+00 2.523117e+01
      vertex -1.371725e+01 9.524998e+00 2.552700e+01
    endloop
  endfacet
  facet normal 9.914449e-01 0.000000e+00 -1.305262e-01
    outer loop
      vertex -1.371725e+01 7.619999e+00 2.552700e+01
      vertex -1.371725e+01 9.524998e+00 2.552700e+01
      vertex -1.367831e+01 7.619999e+00 2.582283e+01
    endloop
  endfacet
  facet normal 9.914449e-01 1.230038e-17 -1.305262e-01
    outer loop
      vertex -1.367831e+01 7.619999e+00 2.582283e+01
      vertex -1.371725e+01 9.524998e+00 2.552700e+01
      vertex -1.367831e+01 9.524998e+00 2.582283e+01
    endloop
  endfacet
  facet normal 9.238795e-01 4.983096e-16 -3.826834e-01
    outer loop
      vertex -1.367831e+01 7.619999e+00 2.582283e+01
      vertex -1.367831e+01 9.524998e+00 2.582283e+01
      vertex -1.356412e+01 7.619999e+00 2.609850e+01
    endloop
  endfacet
  facet normal 9.238795e-01 -2.153727e-16 -3.826834e-01
    outer loop
      vertex -1.356412e+01 7.619999e+00 2.609850e+01
      vertex -1.367831e+01 9.524998e+00 2.582283e+01
      vertex -1.356412e+01 9.524998e+00 2.609850e+01
    endloop
  endfacet
  facet normal 7.933533e-01 -1.849447e-16 -6.087614e-01
    outer loop
      vertex -1.356412e+01 7.619999e+00 2.609850e+01
      vertex -1.356412e+01 9.524998e+00 2.609850e+01
      vertex -1.338248e+01 7.619999e+00 2.633522e+01
    endloop
  endfacet
  facet normal 7.933533e-01 0.000000e+00 -6.087614e-01
    outer loop
      vertex -1.338248e+01 7.619999e+00 2.633522e+01
      vertex -1.356412e+01 9.524998e+00 2.609850e+01
      vertex -1.338248e+01 9.524998e+00 2.633522e+01
    endloop
  endfacet
  facet normal 6.087614e-01 0.000000e+00 -7.933533e-01
    outer loop
      vertex -1.338248e+01 7.619999e+00 2.633522e+01
      vertex -1.338248e+01 9.524998e+00 2.633522e+01
      vertex -1.314575e+01 7.619999e+00 2.651687e+01
    endloop
  endfacet
  facet normal 6.087614e-01 -2.838261e-16 -7.933533e-01
    outer loop
      vertex -1.314575e+01 7.619999e+00 2.651687e+01
      vertex -1.338248e+01 9.524998e+00 2.633522e+01
      vertex -1.314575e+01 9.524998e+00 2.651687e+01
    endloop
  endfacet
  facet normal 3.826834e-01 -1.784206e-16 -9.238795e-01
    outer loop
      vertex -1.314575e+01 7.619999e+00 2.651687e+01
      vertex -1.314575e+01 9.524998e+00 2.651687e+01
      vertex -1.287008e+01 7.619999e+00 2.663105e+01
    endloop
  endfacet
  facet normal 3.826834e-01 0.000000e+00 -9.238795e-01
    outer loop
      vertex -1.287008e+01 7.619999e+00 2.663105e+01
      vertex -1.314575e+01 9.524998e+00 2.651687e+01
      vertex -1.287008e+01 9.524998e+00 2.663105e+01
    endloop
  endfacet
  facet normal 0.000000e+00 -1.000000e+00 0.000000e+00
    outer loop
      vertex -1.227842e+01 7.619999e+00 2.663105e+01
      vertex -1.226325e+01 7.619999e+00 3.047023e+01
      vertex -1.257425e+01 7.619999e+00 2.667000e+01
    endloop
  endfacet
  facet normal 0.000000e+00 -1.000000e+00 0.000000e+00
    outer loop
      vertex -1.257425e+01 7.619999e+00 2.667000e+01
      vertex -1.226325e+01 7.619999e+00 3.047023e+01
      vertex -1.288525e+01 7.619999e+00 3.047023e+01
    endloop
  endfacet
  facet normal 0.000000e+00 -1.000000e+00 0.000000e+00
    outer loop
      vertex -1.257425e+01 7.619999e+00 2.667000e+01
      vertex -1.288525e+01 7.619999e+00 3.047023e+01
      vertex -1.287008e+01 7.619999e+00 2.663105e+01
    endloop
  endfacet
  facet normal 0.000000e+00 -1.000000e+00 0.000000e+00
    outer loop
      vertex -1.287008e+01 7.619999e+00 2.663105e+01
      vertex -1.288525e+01 7.619999e+00 3.047023e+01
      vertex -1.350235e+01 7.619999e+00 3.039227e+01
    endloop
  endfacet
  facet normal 0.000000e+00 -1.000000e+00 0.000000e+00
    outer loop
      vertex -1.287008e+01 7.619999e+00 2.663105e+01
      vertex -1.350235e+01 7.619999e+00 3.039227e+01
      vertex -1.314575e+01 7.619999e+00 2.651687e+01
    endloop
  endfacet
  facet normal 0.000000e+00 -1.000000e+00 0.000000e+00
    outer loop
      vertex -1.314575e+01 7.619999e+00 2.651687e+01
      vertex -1.350235e+01 7.619999e+00 3.039227e+01
      vertex -1.338248e+01 7.619999e+00 2.633522e+01
    endloop
  endfacet
  facet normal 0.000000e+00 -1.000000e+00 0.000000e+00
    outer loop
      vertex -1.338248e+01 7.619999e+00 2.633522e+01
      vertex -1.350235e+01 7.619999e+00 3.039227e+01
      vertex -1.410481e+01 7.619999e+00 3.023758e+01
    endloop
  endfacet
  facet normal 0.000000e+00 -1.000000e+00 0.000000e+00
    outer loop
      vertex -1.338248e+01 7.619999e+00 2.633522e+01
      vertex -1.410481e+01 7.619999e+00 3.023758e+01
      vertex -1.356412e+01 7.619999e+00 2.609850e+01
    endloop
  endfacet
  facet normal 0.000000e+00 -1.000000e+00 0.000000e+00
    outer loop
      vertex -1.356412e+01 7.619999e+00 2.609850e+01
      vertex -1.410481e+01 7.619999e+00 3.023758e+01
      vertex -1.468314e+01 7.619999e+00 3.000861e+01
    endloop
  endfacet
  facet normal 0.000000e+00 -1.000000e+00 0.000000e+00
    outer loop
      vertex -1.356412e+01 7.619999e+00 2.609850e+01
      vertex -1.468314e+01 7.619999e+00 3.000861e+01
      vertex -1.522820e+01 7.619999e+00 2.970896e+01
    endloop
  endfacet
  facet normal -0.000000e+00 -1.000000e+00 0.000000e+00
    outer loop
      vertex -1.226325e+01 7.619999e+00 3.047023e+01
      vertex -1.227842e+01 7.619999e+00 2.663105e+01
      vertex -1.164615e+01 7.619999e+00 3.039227e+01
    endloop
  endfacet
  facet normal 0.000000e+00 -1.000000e+00 0.000000e+00
    outer loop
      vertex -1.164615e+01 7.619999e+00 3.039227e+01
      vertex -1.227842e+01 7.619999e+00 2.663105e+01
      vertex -1.200275e+01 7.619999e+00 2.651687e+01
    endloop
  endfacet
  facet normal 0.000000e+00 -1.000000e+00 0.000000e+00
    outer loop
      vertex -1.164615e+01 7.619999e+00 3.039227e+01
      vertex -1.200275e+01 7.619999e+00 2.651687e+01
      vertex -1.176603e+01 7.619999e+00 2.633522e+01
    endloop
  endfacet
  facet normal -0.000000e+00 -1.000000e+00 0.000000e+00
    outer loop
      vertex -1.164615e+01 7.619999e+00 3.039227e+01
      vertex -1.176603e+01 7.619999e+00 2.633522e+01
      vertex -1.104369e+01 7.619999e+00 3.023758e+01
    endloop
  endfacet
  facet normal 0.000000e+00 -1.000000e+00 0.000000e+00
    outer loop
      vertex -1.104369e+01 7.619999e+00 3.023758e+01
      vertex -1.176603e+01 7.619999e+00 2.633522e+01
      vertex -1.158439e+01 7.619999e+00 2.609850e+01
    endloop
  endfacet
  facet normal -0.000000e+00 -1.000000e+00 0.000000e+00
    outer loop
      vertex -1.104369e+01 7.619999e+00 3.023758e+01
      vertex -1.158439e+01 7.619999e+00 2.609850e+01
      vertex -1.046537e+01 7.619999e+00 3.000861e+01
    endloop
  endfacet
  facet normal -0.000000e+00 -1.000000e+00 0.000000e+00
    outer loop
      vertex -1.046537e+01 7.619999e+00 3.000861e+01
      vertex -1.158439e+01 7.619999e+00 2.609850e+01
      vertex -9.920303e+00 7.619999e+00 2.970896e+01
    endloop
  endfacet
  facet normal 0.000000e+00 -1.000000e+00 0.000000e+00
    outer loop
      vertex -9.920303e+00 7.619999e+00 2.970896e+01
      vertex -1.158439e+01 7.619999e+00 2.609850e+01
      vertex -1.147020e+01 7.619999e+00 2.582283e+01
    endloop
  endfacet
  facet normal -0.000000e+00 -1.000000e+00 0.000000e+00
    outer loop
      vertex -9.920303e+00 7.619999e+00 2.970896e+01
      vertex -1.147020e+01 7.619999e+00 2.582283e+01
      vertex -9.417093e+00 7.619999e+00 2.934335e+01
    endloop
  endfacet
  facet normal 0.000000e+00 -1.000000e+00 0.000000e+00
    outer loop
      vertex -9.417093e+00 7.619999e+00 2.934335e+01
      vertex -1.147020e+01 7.619999e+00 2.582283e+01
      vertex -1.143125e+01 7.619999e+00 2.552700e+01
    endloop
  endfacet
  facet normal -0.000000e+00 -1.000000e+00 0.000000e+00
    outer loop
      vertex -9.417093e+00 7.619999e+00 2.934335e+01
      vertex -1.143125e+01 7.619999e+00 2.552700e+01
      vertex -8.963672e+00 7.619999e+00 2.891756e+01
    endloop
  endfacet
  facet normal -0.000000e+00 -1.000000e+00 0.000000e+00
    outer loop
      vertex -8.963672e+00 7.619999e+00 2.891756e+01
      vertex -1.143125e+01 7.619999e+00 2.552700e+01
      vertex -8.567193e+00 7.619999e+00 2.843830e+01
    endloop
  endfacet
  facet normal -0.000000e+00 -1.000000e+00 0.000000e+00
    outer loop
      vertex -8.567193e+00 7.619999e+00 2.843830e+01
      vertex -1.143125e+01 7.619999e+00 2.552700e+01
      vertex -8.233906e+00 7.619999e+00 2.791313e+01
    endloop
  endfacet
  facet normal -0.000000e+00 -1.000000e+00 0.000000e+00
    outer loop
      vertex -8.233906e+00 7.619999e+00 2.791313e+01
      vertex -1.143125e+01 7.619999e+00 2.552700e+01
      vertex -7.969071e+00 7.619999e+00 2.735032e+01
    endloop
  endfacet
  facet normal -0.000000e+00 -1.000000e+00 0.000000e+00
    outer loop
      vertex -7.969071e+00 7.619999e+00 2.735032e+01
      vertex -1.143125e+01 7.619999e+00 2.552700e+01
      vertex -7.776862e+00 7.619999e+00 2.675876e+01
    endloop
  endfacet
  facet normal -0.000000e+00 -1.000000e+00 0.000000e+00
    outer loop
      vertex -7.776862e+00 7.619999e+00 2.675876e+01
      vertex -1.143125e+01 7.619999e+00 2.552700e+01
      vertex -7.660309e+00 7.619999e+00 2.614778e+01
    endloop
  endfacet
  facet normal -0.000000e+00 -1.000000e+00 0.000000e+00
    outer loop
      vertex -7.660309e+00 7.619999e+00 2.614778e+01
      vertex -1.143125e+01 7.619999e+00 2.552700e+01
      vertex -7.621253e+00 7.619999e+00 2.552700e+01
    endloop
  endfacet
  facet normal 0.000000e+00 -1.000000e+00 0.000000e+00
    outer loop
      vertex -7.621253e+00 7.619999e+00 2.552700e+01
      vertex -1.143125e+01 7.619999e+00 2.552700e+01
      vertex -1.147020e+01 7.619999e+00 2.523117e+01
    endloop
  endfacet
  facet normal 0.000000e+00 -1.000000e+00 0.000000e+00
    outer loop
      vertex -7.621253e+00 7.619999e+00 2.552700e+01
      vertex -1.147020e+01 7.619999e+00 2.523117e+01
      vertex -1.158439e+01 7.619999e+00 2.495550e+01
    endloop
  endfacet
  facet normal 0.000000e+00 -1.000000e+00 0.000000e+00
    outer loop
      vertex -7.621253e+00 7.619999e+00 2.552700e+01
      vertex -1.158439e+01 7.619999e+00 2.495550e+01
      vertex -7.621253e+00 7.619999e+00 1.143000e+01
    endloop
  endfacet
  facet normal 0.000000e+00 -1.000000e+00 0.000000e+00
    outer loop
      vertex -7.621253e+00 7.619999e+00 1.143000e+01
      vertex -1.158439e+01 7.619999e+00 2.495550e+01
      vertex -1.176603e+01 7.619999e+00 2.471878e+01
    endloop
  endfacet
  facet normal 0.000000e+00 -1.000000e+00 0.000000e+00
    outer loop
      vertex -7.621253e+00 7.619999e+00 1.143000e+01
      vertex -1.176603e+01 7.619999e+00 2.471878e+01
      vertex -1.200275e+01 7.619999e+00 2.453713e+01
    endloop
  endfacet
  facet normal -0.000000e+00 -1.000000e+00 0.000000e+00
    outer loop
      vertex -1.200275e+01 7.619999e+00 2.453713e+01
      vertex -1.227842e+01 7.619999e+00 2.442295e+01
      vertex -7.621253e+00 7.619999e+00 1.143000e+01
    endloop
  endfacet
  facet normal 0.000000e+00 -1.000000e+00 0.000000e+00
    outer loop
      vertex -7.621253e+00 7.619999e+00 1.143000e+01
      vertex -1.227842e+01 7.619999e+00 2.442295e+01
      vertex -1.257425e+01 7.619999e+00 2.438400e+01
    endloop
  endfacet
  facet normal 0.000000e+00 -1.000000e+00 0.000000e+00
    outer loop
      vertex -7.621253e+00 7.619999e+00 1.143000e+01
      vertex -1.257425e+01 7.619999e+00 2.438400e+01
      vertex -1.752725e+01 7.619999e+00 1.143000e+01
    endloop
  endfacet
  facet normal 0.000000e+00 -1.000000e+00 0.000000e+00
    outer loop
      vertex -1.752725e+01 7.619999e+00 1.143000e+01
      vertex -1.257425e+01 7.619999e+00 2.438400e+01
      vertex -1.287008e+01 7.619999e+00 2.442295e+01
    endloop
  endfacet
  facet normal 0.000000e+00 -1.000000e+00 0.000000e+00
    outer loop
      vertex -1.752725e+01 7.619999e+00 1.143000e+01
      vertex -1.287008e+01 7.619999e+00 2.442295e+01
      vertex -1.314575e+01 7.619999e+00 2.453713e+01
    endloop
  endfacet
  facet normal 0.000000e+00 -1.000000e+00 0.000000e+00
    outer loop
      vertex -1.314575e+01 7.619999e+00 2.453713e+01
      vertex -1.338248e+01 7.619999e+00 2.471878e+01
      vertex -1.752725e+01 7.619999e+00 1.143000e+01
    endloop
  endfacet
  facet normal 0.000000e+00 -1.000000e+00 0.000000e+00
    outer loop
      vertex -1.752725e+01 7.619999e+00 1.143000e+01
      vertex -1.338248e+01 7.619999e+00 2.471878e+01
      vertex -1.356412e+01 7.619999e+00 2.495550e+01
    endloop
  endfacet
  facet normal 0.000000e+00 -1.000000e+00 0.000000e+00
    outer loop
      vertex -1.752725e+01 7.619999e+00 1.143000e+01
      vertex -1.356412e+01 7.619999e+00 2.495550e+01
      vertex -1.752725e+01 7.619999e+00 2.552700e+01
    endloop
  endfacet
  facet normal 0.000000e+00 -1.000000e+00 0.000000e+00
    outer loop
      vertex -1.752725e+01 7.619999e+00 2.552700e+01
      vertex -1.356412e+01 7.619999e+00 2.495550e+01
      vertex -1.367831e+01 7.619999e+00 2.523117e+01
    endloop
  endfacet
  facet normal 0.000000e+00 -1.000000e+00 0.000000e+00
    outer loop
      vertex -1.752725e+01 7.619999e+00 2.552700e+01
      vertex -1.367831e+01 7.619999e+00 2.523117e+01
      vertex -1.371725e+01 7.619999e+00 2.552700e+01
    endloop
  endfacet
  facet normal 0.000000e+00 -1.000000e+00 0.000000e+00
    outer loop
      vertex -1.367831e+01 7.619999e+00 2.582283e+01
      vertex -1.573141e+01 7.619999e+00 2.934335e+01
      vertex -1.371725e+01 7.619999e+00 2.552700e+01
    endloop
  endfacet
  facet normal 0.000000e+00 -1.000000e+00 0.000000e+00
    outer loop
      vertex -1.371725e+01 7.619999e+00 2.552700e+01
      vertex -1.573141e+01 7.619999e+00 2.934335e+01
      vertex -1.618484e+01 7.619999e+00 2.891756e+01
    endloop
  endfacet
  facet normal 0.000000e+00 -1.000000e+00 0.000000e+00
    outer loop
      vertex -1.371725e+01 7.619999e+00 2.552700e+01
      vertex -1.618484e+01 7.619999e+00 2.891756e+01
      vertex -1.658131e+01 7.619999e+00 2.843830e+01
    endloop
  endfacet
  facet normal 0.000000e+00 -1.000000e+00 0.000000e+00
    outer loop
      vertex -1.573141e+01 7.619999e+00 2.934335e+01
      vertex -1.367831e+01 7.619999e+00 2.582283e+01
      vertex -1.522820e+01 7.619999e+00 2.970896e+01
    endloop
  endfacet
  facet normal 0.000000e+00 -1.000000e+00 0.000000e+00
    outer loop
      vertex -1.522820e+01 7.619999e+00 2.970896e+01
      vertex -1.367831e+01 7.619999e+00 2.582283e+01
      vertex -1.356412e+01 7.619999e+00 2.609850e+01
    endloop
  endfacet
  facet normal -0.000000e+00 -1.000000e+00 0.000000e+00
    outer loop
      vertex -1.658131e+01 7.619999e+00 2.843830e+01
      vertex -1.691460e+01 7.619999e+00 2.791313e+01
      vertex -1.371725e+01 7.619999e+00 2.552700e+01
    endloop
  endfacet
  facet normal 0.000000e+00 -1.000000e+00 0.000000e+00
    outer loop
      vertex -1.371725e+01 7.619999e+00 2.552700e+01
      vertex -1.691460e+01 7.619999e+00 2.791313e+01
      vertex -1.717944e+01 7.619999e+00 2.735032e+01
    endloop
  endfacet
  facet normal 0.000000e+00 -1.000000e+00 0.000000e+00
    outer loop
      vertex -1.371725e+01 7.619999e+00 2.552700e+01
      vertex -1.717944e+01 7.619999e+00 2.735032e+01
      vertex -1.752725e+01 7.619999e+00 2.552700e+01
    endloop
  endfacet
  facet normal 0.000000e+00 -1.000000e+00 0.000000e+00
    outer loop
      vertex -1.752725e+01 7.619999e+00 2.552700e+01
      vertex -1.717944e+01 7.619999e+00 2.735032e+01
      vertex -1.737165e+01 7.619999e+00 2.675876e+01
    endloop
  endfacet
  facet normal 0.000000e+00 -1.000000e+00 0.000000e+00
    outer loop
      vertex -1.752725e+01 7.619999e+00 2.552700e+01
      vertex -1.737165e+01 7.619999e+00 2.675876e+01
      vertex -1.748820e+01 7.619999e+00 2.614778e+01
    endloop
  endfacet
  facet normal 9.980267e-01 0.000000e+00 6.279052e-02
    outer loop
      vertex -7.621253e+00 7.619999e+00 2.552700e+01
      vertex -7.621253e+00 9.524998e+00 2.552700e+01
      vertex -7.660309e+00 7.619999e+00 2.614778e+01
    endloop
  endfacet
  facet normal 9.980267e-01 -1.171007e-16 6.279052e-02
    outer loop
      vertex -7.660309e+00 7.619999e+00 2.614778e+01
      vertex -7.621253e+00 9.524998e+00 2.552700e+01
      vertex -7.660309e+00 9.524998e+00 2.614778e+01
    endloop
  endfacet
  facet normal 9.822872e-01 -3.494552e-16 1.873813e-01
    outer loop
      vertex -7.660309e+00 7.619999e+00 2.614778e+01
      vertex -7.660309e+00 9.524998e+00 2.614778e+01
      vertex -7.776862e+00 7.619999e+00 2.675876e+01
    endloop
  endfacet
  facet normal 9.822872e-01 -9.159541e-16 1.873813e-01
    outer loop
      vertex -7.776862e+00 7.619999e+00 2.675876e+01
      vertex -7.660309e+00 9.524998e+00 2.614778e+01
      vertex -7.776862e+00 9.524998e+00 2.675876e+01
    endloop
  endfacet
  facet normal 9.510565e-01 -8.868324e-16 3.090170e-01
    outer loop
      vertex -7.776862e+00 7.619999e+00 2.675876e+01
      vertex -7.776862e+00 9.524998e+00 2.675876e+01
      vertex -7.969071e+00 7.619999e+00 2.735032e+01
    endloop
  endfacet
  facet normal 9.510565e-01 3.105338e-16 3.090170e-01
    outer loop
      vertex -7.969071e+00 7.619999e+00 2.735032e+01
      vertex -7.776862e+00 9.524998e+00 2.675876e+01
      vertex -7.969071e+00 9.524998e+00 2.735032e+01
    endloop
  endfacet
  facet normal 9.048271e-01 4.967129e-17 4.257793e-01
    outer loop
      vertex -7.969071e+00 7.619999e+00 2.735032e+01
      vertex -7.969071e+00 9.524998e+00 2.735032e+01
      vertex -8.233906e+00 7.619999e+00 2.791313e+01
    endloop
  endfacet
  facet normal 9.048271e-01 4.967129e-17 4.257793e-01
    outer loop
      vertex -8.233906e+00 7.619999e+00 2.791313e+01
      vertex -7.969071e+00 9.524998e+00 2.735032e+01
      vertex -8.233906e+00 9.524998e+00 2.791313e+01
    endloop
  endfacet
  facet normal 8.443279e-01 -2.119745e-16 5.358268e-01
    outer loop
      vertex -8.233906e+00 7.619999e+00 2.791313e+01
      vertex -8.233906e+00 9.524998e+00 2.791313e+01
      vertex -8.567193e+00 7.619999e+00 2.843830e+01
    endloop
  endfacet
  facet normal 8.443279e-01 -9.992856e-16 5.358268e-01
    outer loop
      vertex -8.567193e+00 7.619999e+00 2.843830e+01
      vertex -8.233906e+00 9.524998e+00 2.791313e+01
      vertex -8.567193e+00 9.524998e+00 2.843830e+01
    endloop
  endfacet
  facet normal 7.705132e-01 -1.188759e-15 6.374240e-01
    outer loop
      vertex -8.567193e+00 7.619999e+00 2.843830e+01
      vertex -8.567193e+00 9.524998e+00 2.843830e+01
      vertex -8.963672e+00 7.619999e+00 2.891756e+01
    endloop
  endfacet
  facet normal 7.705132e-01 0.000000e+00 6.374240e-01
    outer loop
      vertex -8.963672e+00 7.619999e+00 2.891756e+01
      vertex -8.567193e+00 9.524998e+00 2.843830e+01
      vertex -8.963672e+00 9.524998e+00 2.891756e+01
    endloop
  endfacet
  facet normal 6.845471e-01 0.000000e+00 7.289686e-01
    outer loop
      vertex -8.963672e+00 7.619999e+00 2.891756e+01
      vertex -8.963672e+00 9.524998e+00 2.891756e+01
      vertex -9.417093e+00 7.619999e+00 2.934335e+01
    endloop
  endfacet
  facet normal 6.845471e-01 6.383202e-16 7.289686e-01
    outer loop
      vertex -9.417093e+00 7.619999e+00 2.934335e+01
      vertex -8.963672e+00 9.524998e+00 2.891756e+01
      vertex -9.417093e+00 9.524998e+00 2.934335e+01
    endloop
  endfacet
  facet normal 5.877852e-01 5.480926e-16 8.090170e-01
    outer loop
      vertex -9.417093e+00 7.619999e+00 2.934335e+01
      vertex -9.417093e+00 9.524998e+00 2.934335e+01
      vertex -9.920303e+00 7.619999e+00 2.970896e+01
    endloop
  endfacet
  facet normal 5.877852e-01 -4.125843e-16 8.090170e-01
    outer loop
      vertex -9.920303e+00 7.619999e+00 2.970896e+01
      vertex -9.417093e+00 9.524998e+00 2.934335e+01
      vertex -9.920303e+00 9.524998e+00 2.970896e+01
    endloop
  endfacet
  facet normal 4.817537e-01 -7.358183e-16 8.763067e-01
    outer loop
      vertex -9.920303e+00 7.619999e+00 2.970896e+01
      vertex -9.920303e+00 9.524998e+00 2.970896e+01
      vertex -1.046537e+01 7.619999e+00 3.000861e+01
    endloop
  endfacet
  facet normal 4.817537e-01 4.492212e-16 8.763067e-01
    outer loop
      vertex -1.046537e+01 7.619999e+00 3.000861e+01
      vertex -9.920303e+00 9.524998e+00 2.970896e+01
      vertex -1.046537e+01 9.524998e+00 3.000861e+01
    endloop
  endfacet
  facet normal 3.681245e-01 3.432654e-16 9.297765e-01
    outer loop
      vertex -1.046537e+01 7.619999e+00 3.000861e+01
      vertex -1.046537e+01 9.524998e+00 3.000861e+01
      vertex -1.104369e+01 7.619999e+00 3.023758e+01
    endloop
  endfacet
  facet normal 3.681245e-01 5.148981e-16 9.297765e-01
    outer loop
      vertex -1.104369e+01 7.619999e+00 3.023758e+01
      vertex -1.046537e+01 9.524998e+00 3.000861e+01
      vertex -1.104369e+01 9.524998e+00 3.023758e+01
    endloop
  endfacet
  facet normal 2.486899e-01 3.478441e-16 9.685832e-01
    outer loop
      vertex -1.104369e+01 7.619999e+00 3.023758e+01
      vertex -1.104369e+01 9.524998e+00 3.023758e+01
      vertex -1.164615e+01 7.619999e+00 3.039227e+01
    endloop
  endfacet
  facet normal 2.486899e-01 -1.342559e-15 9.685832e-01
    outer loop
      vertex -1.164615e+01 7.619999e+00 3.039227e+01
      vertex -1.104369e+01 9.524998e+00 3.023758e+01
      vertex -1.164615e+01 9.524998e+00 3.039227e+01
    endloop
  endfacet
  facet normal 1.253332e-01 -1.616497e-15 9.921147e-01
    outer loop
      vertex -1.164615e+01 7.619999e+00 3.039227e+01
      vertex -1.164615e+01 9.524998e+00 3.039227e+01
      vertex -1.226325e+01 7.619999e+00 3.047023e+01
    endloop
  endfacet
  facet normal 1.253332e-01 1.967105e-15 9.921147e-01
    outer loop
      vertex -1.226325e+01 7.619999e+00 3.047023e+01
      vertex -1.164615e+01 9.524998e+00 3.039227e+01
      vertex -1.226325e+01 9.524998e+00 3.047023e+01
    endloop
  endfacet
  facet normal -5.650499e-15 1.864942e-15 1.000000e+00
    outer loop
      vertex -1.226325e+01 7.619999e+00 3.047023e+01
      vertex -1.226325e+01 9.524998e+00 3.047023e+01
      vertex -1.288525e+01 7.619999e+00 3.047023e+01
    endloop
  endfacet
  facet normal 5.772964e-15 -1.864942e-15 1.000000e+00
    outer loop
      vertex -1.288525e+01 7.619999e+00 3.047023e+01
      vertex -1.226325e+01 9.524998e+00 3.047023e+01
      vertex -1.288525e+01 9.524998e+00 3.047023e+01
    endloop
  endfacet
  facet normal -1.253332e-01 -1.967105e-15 9.921147e-01
    outer loop
      vertex -1.288525e+01 7.619999e+00 3.047023e+01
      vertex -1.288525e+01 9.524998e+00 3.047023e+01
      vertex -1.350235e+01 7.619999e+00 3.039227e+01
    endloop
  endfacet
  facet normal -1.253332e-01 -1.753044e-16 9.921147e-01
    outer loop
      vertex -1.350235e+01 7.619999e+00 3.039227e+01
      vertex -1.288525e+01 9.524998e+00 3.047023e+01
      vertex -1.350235e+01 9.524998e+00 3.039227e+01
    endloop
  endfacet
  facet normal -2.486899e-01 -3.478441e-16 9.685832e-01
    outer loop
      vertex -1.350235e+01 7.619999e+00 3.039227e+01
      vertex -1.350235e+01 9.524998e+00 3.039227e+01
      vertex -1.410481e+01 7.619999e+00 3.023758e+01
    endloop
  endfacet
  facet normal -2.486899e-01 -3.478441e-16 9.685832e-01
    outer loop
      vertex -1.410481e+01 7.619999e+00 3.023758e+01
      vertex -1.350235e+01 9.524998e+00 3.039227e+01
      vertex -1.410481e+01 9.524998e+00 3.023758e+01
    endloop
  endfacet
  facet normal -3.681245e-01 -5.148981e-16 9.297765e-01
    outer loop
      vertex -1.410481e+01 7.619999e+00 3.023758e+01
      vertex -1.410481e+01 9.524998e+00 3.023758e+01
      vertex -1.468314e+01 7.619999e+00 3.000861e+01
    endloop
  endfacet
  facet normal -3.681245e-01 -2.334693e-15 9.297765e-01
    outer loop
      vertex -1.468314e+01 7.619999e+00 3.000861e+01
      vertex -1.410481e+01 9.524998e+00 3.023758e+01
      vertex -1.468314e+01 9.524998e+00 3.000861e+01
    endloop
  endfacet
  facet normal -4.817537e-01 -2.420398e-15 8.763067e-01
    outer loop
      vertex -1.468314e+01 7.619999e+00 3.000861e+01
      vertex -1.468314e+01 9.524998e+00 3.000861e+01
      vertex -1.522820e+01 7.619999e+00 2.970896e+01
    endloop
  endfacet
  facet normal -4.817537e-01 -6.738319e-16 8.763067e-01
    outer loop
      vertex -1.522820e+01 7.619999e+00 2.970896e+01
      vertex -1.468314e+01 9.524998e+00 3.000861e+01
      vertex -1.522820e+01 9.524998e+00 2.970896e+01
    endloop
  endfacet
  facet normal -5.877852e-01 -8.221389e-16 8.090170e-01
    outer loop
      vertex -1.522820e+01 7.619999e+00 2.970896e+01
      vertex -1.522820e+01 9.524998e+00 2.970896e+01
      vertex -1.573141e+01 7.619999e+00 2.934335e+01
    endloop
  endfacet
  facet normal -5.877852e-01 -4.795810e-16 8.090170e-01
    outer loop
      vertex -1.573141e+01 7.619999e+00 2.934335e+01
      vertex -1.522820e+01 9.524998e+00 2.970896e+01
      vertex -1.573141e+01 9.524998e+00 2.934335e+01
    endloop
  endfacet
  facet normal -6.845471e-01 -5.585301e-16 7.289686e-01
    outer loop
      vertex -1.573141e+01 7.619999e+00 2.934335e+01
      vertex -1.573141e+01 9.524998e+00 2.934335e+01
      vertex -1.618484e+01 7.619999e+00 2.891756e+01
    endloop
  endfacet
  facet normal -6.845471e-01 -1.117060e-15 7.289686e-01
    outer loop
      vertex -1.618484e+01 7.619999e+00 2.891756e+01
      vertex -1.573141e+01 9.524998e+00 2.934335e+01
      vertex -1.618484e+01 9.524998e+00 2.891756e+01
    endloop
  endfacet
  facet normal -7.705132e-01 -1.257342e-15 6.374240e-01
    outer loop
      vertex -1.618484e+01 7.619999e+00 2.891756e+01
      vertex -1.618484e+01 9.524998e+00 2.891756e+01
      vertex -1.658131e+01 7.619999e+00 2.843830e+01
    endloop
  endfacet
  facet normal -7.705132e-01 -5.388608e-16 6.374240e-01
    outer loop
      vertex -1.658131e+01 7.619999e+00 2.843830e+01
      vertex -1.618484e+01 9.524998e+00 2.891756e+01
      vertex -1.658131e+01 9.524998e+00 2.843830e+01
    endloop
  endfacet
  facet normal -8.443279e-01 -5.904833e-16 5.358268e-01
    outer loop
      vertex -1.658131e+01 7.619999e+00 2.843830e+01
      vertex -1.658131e+01 9.524998e+00 2.843830e+01
      vertex -1.691460e+01 7.619999e+00 2.791313e+01
    endloop
  endfacet
  facet normal -8.443279e-01 6.435371e-17 5.358268e-01
    outer loop
      vertex -1.691460e+01 7.619999e+00 2.791313e+01
      vertex -1.658131e+01 9.524998e+00 2.843830e+01
      vertex -1.691460e+01 9.524998e+00 2.791313e+01
    endloop
  endfacet
  facet normal -9.048271e-01 -2.078697e-16 4.257793e-01
    outer loop
      vertex -1.691460e+01 7.619999e+00 2.791313e+01
      vertex -1.691460e+01 9.524998e+00 2.791313e+01
      vertex -1.717944e+01 7.619999e+00 2.735032e+01
    endloop
  endfacet
  facet normal -9.048271e-01 3.061508e-18 4.257793e-01
    outer loop
      vertex -1.717944e+01 7.619999e+00 2.735032e+01
      vertex -1.691460e+01 9.524998e+00 2.791313e+01
      vertex -1.717944e+01 9.524998e+00 2.735032e+01
    endloop
  endfacet
  facet normal -9.510565e-01 -2.551068e-16 3.090170e-01
    outer loop
      vertex -1.717944e+01 7.619999e+00 2.735032e+01
      vertex -1.717944e+01 9.524998e+00 2.735032e+01
      vertex -1.737165e+01 7.619999e+00 2.675876e+01
    endloop
  endfacet
  facet normal -9.510565e-01 -4.157027e-16 3.090170e-01
    outer loop
      vertex -1.737165e+01 7.619999e+00 2.675876e+01
      vertex -1.717944e+01 9.524998e+00 2.735032e+01
      vertex -1.737165e+01 9.524998e+00 2.675876e+01
    endloop
  endfacet
  facet normal -9.822872e-01 -4.293535e-16 1.873813e-01
    outer loop
      vertex -1.737165e+01 7.619999e+00 2.675876e+01
      vertex -1.737165e+01 9.524998e+00 2.675876e+01
      vertex -1.748820e+01 7.619999e+00 2.614778e+01
    endloop
  endfacet
  facet normal -9.822872e-01 -5.724713e-16 1.873813e-01
    outer loop
      vertex -1.748820e+01 7.619999e+00 2.614778e+01
      vertex -1.737165e+01 9.524998e+00 2.675876e+01
      vertex -1.748820e+01 9.524998e+00 2.614778e+01
    endloop
  endfacet
  facet normal -9.980267e-01 -5.816442e-16 6.279052e-02
    outer loop
      vertex -1.748820e+01 7.619999e+00 2.614778e+01
      vertex -1.748820e+01 9.524998e+00 2.614778e+01
      vertex -1.752725e+01 7.619999e+00 2.552700e+01
    endloop
  endfacet
  facet normal -9.980267e-01 0.000000e+00 6.279052e-02
    outer loop
      vertex -1.752725e+01 7.619999e+00 2.552700e+01
      vertex -1.748820e+01 9.524998e+00 2.614778e+01
      vertex -1.752725e+01 9.524998e+00 2.552700e+01
    endloop
  endfacet
  facet normal 0.000000e+00 1.000000e+00 0.000000e+00
    outer loop
      vertex -1.287008e+01 9.524998e+00 2.663105e+01
      vertex -1.288525e+01 9.524998e+00 3.047023e+01
      vertex -1.257425e+01 9.524998e+00 2.667000e+01
    endloop
  endfacet
  facet normal 0.000000e+00 1.000000e+00 0.000000e+00
    outer loop
      vertex -1.257425e+01 9.524998e+00 2.667000e+01
      vertex -1.288525e+01 9.524998e+00 3.047023e+01
      vertex -1.226325e+01 9.524998e+00 3.047023e+01
    endloop
  endfacet
  facet normal 0.000000e+00 1.000000e+00 0.000000e+00
    outer loop
      vertex -1.257425e+01 9.524998e+00 2.667000e+01
      vertex -1.226325e+01 9.524998e+00 3.047023e+01
      vertex -1.227842e+01 9.524998e+00 2.663105e+01
    endloop
  endfacet
  facet normal 0.000000e+00 1.000000e+00 0.000000e+00
    outer loop
      vertex -1.227842e+01 9.524998e+00 2.663105e+01
      vertex -1.226325e+01 9.524998e+00 3.047023e+01
      vertex -1.164615e+01 9.524998e+00 3.039227e+01
    endloop
  endfacet
  facet normal 0.000000e+00 1.000000e+00 0.000000e+00
    outer loop
      vertex -1.227842e+01 9.524998e+00 2.663105e+01
      vertex -1.164615e+01 9.524998e+00 3.039227e+01
      vertex -1.104369e+01 9.524998e+00 3.023758e+01
    endloop
  endfacet
  facet normal 0.000000e+00 1.000000e+00 0.000000e+00
    outer loop
      vertex -1.288525e+01 9.524998e+00 3.047023e+01
      vertex -1.287008e+01 9.524998e+00 2.663105e+01
      vertex -1.350235e+01 9.524998e+00 3.039227e+01
    endloop
  endfacet
  facet normal 0.000000e+00 1.000000e+00 0.000000e+00
    outer loop
      vertex -1.350235e+01 9.524998e+00 3.039227e+01
      vertex -1.287008e+01 9.524998e+00 2.663105e+01
      vertex -1.314575e+01 9.524998e+00 2.651687e+01
    endloop
  endfacet
  facet normal 0.000000e+00 1.000000e+00 0.000000e+00
    outer loop
      vertex -1.350235e+01 9.524998e+00 3.039227e+01
      vertex -1.314575e+01 9.524998e+00 2.651687e+01
      vertex -1.338248e+01 9.524998e+00 2.633522e+01
    endloop
  endfacet
  facet normal 0.000000e+00 1.000000e+00 0.000000e+00
    outer loop
      vertex -1.350235e+01 9.524998e+00 3.039227e+01
      vertex -1.338248e+01 9.524998e+00 2.633522e+01
      vertex -1.410481e+01 9.524998e+00 3.023758e+01
    endloop
  endfacet
  facet normal 0.000000e+00 1.000000e+00 0.000000e+00
    outer loop
      vertex -1.410481e+01 9.524998e+00 3.023758e+01
      vertex -1.338248e+01 9.524998e+00 2.633522e+01
      vertex -1.356412e+01 9.524998e+00 2.609850e+01
    endloop
  endfacet
  facet normal 0.000000e+00 1.000000e+00 0.000000e+00
    outer loop
      vertex -1.410481e+01 9.524998e+00 3.023758e+01
      vertex -1.356412e+01 9.524998e+00 2.609850e+01
      vertex -1.468314e+01 9.524998e+00 3.000861e+01
    endloop
  endfacet
  facet normal 0.000000e+00 1.000000e+00 0.000000e+00
    outer loop
      vertex -1.468314e+01 9.524998e+00 3.000861e+01
      vertex -1.356412e+01 9.524998e+00 2.609850e+01
      vertex -1.367831e+01 9.524998e+00 2.582283e+01
    endloop
  endfacet
  facet normal 0.000000e+00 1.000000e+00 0.000000e+00
    outer loop
      vertex -1.468314e+01 9.524998e+00 3.000861e+01
      vertex -1.367831e+01 9.524998e+00 2.582283e+01
      vertex -1.522820e+01 9.524998e+00 2.970896e+01
    endloop
  endfacet
  facet normal 0.000000e+00 1.000000e+00 0.000000e+00
    outer loop
      vertex -1.522820e+01 9.524998e+00 2.970896e+01
      vertex -1.367831e+01 9.524998e+00 2.582283e+01
      vertex -1.573141e+01 9.524998e+00 2.934335e+01
    endloop
  endfacet
  facet normal 0.000000e+00 1.000000e+00 0.000000e+00
    outer loop
      vertex -1.573141e+01 9.524998e+00 2.934335e+01
      vertex -1.367831e+01 9.524998e+00 2.582283e+01
      vertex -1.371725e+01 9.524998e+00 2.552700e+01
    endloop
  endfacet
  facet normal 0.000000e+00 1.000000e+00 0.000000e+00
    outer loop
      vertex -1.573141e+01 9.524998e+00 2.934335e+01
      vertex -1.371725e+01 9.524998e+00 2.552700e+01
      vertex -1.618484e+01 9.524998e+00 2.891756e+01
    endloop
  endfacet
  facet normal 0.000000e+00 1.000000e+00 0.000000e+00
    outer loop
      vertex -1.618484e+01 9.524998e+00 2.891756e+01
      vertex -1.371725e+01 9.524998e+00 2.552700e+01
      vertex -1.658131e+01 9.524998e+00 2.843830e+01
    endloop
  endfacet
  facet normal 0.000000e+00 1.000000e+00 0.000000e+00
    outer loop
      vertex -1.658131e+01 9.524998e+00 2.843830e+01
      vertex -1.371725e+01 9.524998e+00 2.552700e+01
      vertex -1.691460e+01 9.524998e+00 2.791313e+01
    endloop
  endfacet
  facet normal 0.000000e+00 1.000000e+00 0.000000e+00
    outer loop
      vertex -1.691460e+01 9.524998e+00 2.791313e+01
      vertex -1.371725e+01 9.524998e+00 2.552700e+01
      vertex -1.752725e+01 9.524998e+00 2.552700e+01
    endloop
  endfacet
  facet normal 0.000000e+00 1.000000e+00 0.000000e+00
    outer loop
      vertex -1.691460e+01 9.524998e+00 2.791313e+01
      vertex -1.752725e+01 9.524998e+00 2.552700e+01
      vertex -1.717944e+01 9.524998e+00 2.735032e+01
    endloop
  endfacet
  facet normal 0.000000e+00 1.000000e+00 0.000000e+00
    outer loop
      vertex -1.717944e+01 9.524998e+00 2.735032e+01
      vertex -1.752725e+01 9.524998e+00 2.552700e+01
      vertex -1.737165e+01 9.524998e+00 2.675876e+01
    endloop
  endfacet
  facet normal 0.000000e+00 1.000000e+00 0.000000e+00
    outer loop
      vertex -1.737165e+01 9.524998e+00 2.675876e+01
      vertex -1.752725e+01 9.524998e+00 2.552700e+01
      vertex -1.748820e+01 9.524998e+00 2.614778e+01
    endloop
  endfacet
  facet normal 0.000000e+00 1.000000e+00 0.000000e+00
    outer loop
      vertex -1.371725e+01 9.524998e+00 2.552700e+01
      vertex -1.367831e+01 9.524998e+00 2.523117e+01
      vertex -1.752725e+01 9.524998e+00 2.552700e+01
    endloop
  endfacet
  facet normal 0.000000e+00 1.000000e+00 0.000000e+00
    outer loop
      vertex -1.752725e+01 9.524998e+00 2.552700e+01
      vertex -1.367831e+01 9.524998e+00 2.523117e+01
      vertex -1.356412e+01 9.524998e+00 2.495550e+01
    endloop
  endfacet
  facet normal 0.000000e+00 1.000000e+00 0.000000e+00
    outer loop
      vertex -1.752725e+01 9.524998e+00 2.552700e+01
      vertex -1.356412e+01 9.524998e+00 2.495550e+01
      vertex -1.752725e+01 9.524998e+00 1.016000e+01
    endloop
  endfacet
  facet normal 0.000000e+00 1.000000e+00 0.000000e+00
    outer loop
      vertex -1.752725e+01 9.524998e+00 1.016000e+01
      vertex -1.356412e+01 9.524998e+00 2.495550e+01
      vertex -1.338248e+01 9.524998e+00 2.471878e+01
    endloop
  endfacet
  facet normal 0.000000e+00 1.000000e+00 0.000000e+00
    outer loop
      vertex -1.752725e+01 9.524998e+00 1.016000e+01
      vertex -1.338248e+01 9.524998e+00 2.471878e+01
      vertex -1.314575e+01 9.524998e+00 2.453713e+01
    endloop
  endfacet
  facet normal 0.000000e+00 1.000000e+00 0.000000e+00
    outer loop
      vertex -1.314575e+01 9.524998e+00 2.453713e+01
      vertex -1.287008e+01 9.524998e+00 2.442295e+01
      vertex -1.752725e+01 9.524998e+00 1.016000e+01
    endloop
  endfacet
  facet normal 0.000000e+00 1.000000e+00 0.000000e+00
    outer loop
      vertex -1.752725e+01 9.524998e+00 1.016000e+01
      vertex -1.287008e+01 9.524998e+00 2.442295e+01
      vertex -1.257425e+01 9.524998e+00 2.438400e+01
    endloop
  endfacet
  facet normal 0.000000e+00 1.000000e+00 0.000000e+00
    outer loop
      vertex -1.752725e+01 9.524998e+00 1.016000e+01
      vertex -1.257425e+01 9.524998e+00 2.438400e+01
      vertex -7.621253e+00 9.524998e+00 1.016000e+01
    endloop
  endfacet
  facet normal 0.000000e+00 1.000000e+00 0.000000e+00
    outer loop
      vertex -7.621253e+00 9.524998e+00 1.016000e+01
      vertex -1.257425e+01 9.524998e+00 2.438400e+01
      vertex -1.227842e+01 9.524998e+00 2.442295e+01
    endloop
  endfacet
  facet normal 0.000000e+00 1.000000e+00 0.000000e+00
    outer loop
      vertex -7.621253e+00 9.524998e+00 1.016000e+01
      vertex -1.227842e+01 9.524998e+00 2.442295e+01
      vertex -1.200275e+01 9.524998e+00 2.453713e+01
    endloop
  endfacet
  facet normal 0.000000e+00 1.000000e+00 0.000000e+00
    outer loop
      vertex -1.200275e+01 9.524998e+00 2.453713e+01
      vertex -1.176603e+01 9.524998e+00 2.471878e+01
      vertex -7.621253e+00 9.524998e+00 1.016000e+01
    endloop
  endfacet
  facet normal 0.000000e+00 1.000000e+00 0.000000e+00
    outer loop
      vertex -7.621253e+00 9.524998e+00 1.016000e+01
      vertex -1.176603e+01 9.524998e+00 2.471878e+01
      vertex -1.158439e+01 9.524998e+00 2.495550e+01
    endloop
  endfacet
  facet normal 0.000000e+00 1.000000e+00 0.000000e+00
    outer loop
      vertex -7.621253e+00 9.524998e+00 1.016000e+01
      vertex -1.158439e+01 9.524998e+00 2.495550e+01
      vertex -7.621253e+00 9.524998e+00 2.552700e+01
    endloop
  endfacet
  facet normal 0.000000e+00 1.000000e+00 0.000000e+00
    outer loop
      vertex -7.621253e+00 9.524998e+00 2.552700e+01
      vertex -1.158439e+01 9.524998e+00 2.495550e+01
      vertex -1.147020e+01 9.524998e+00 2.523117e+01
    endloop
  endfacet
  facet normal 0.000000e+00 1.000000e+00 0.000000e+00
    outer loop
      vertex -7.621253e+00 9.524998e+00 2.552700e+01
      vertex -1.147020e+01 9.524998e+00 2.523117e+01
      vertex -1.143125e+01 9.524998e+00 2.552700e+01
    endloop
  endfacet
  facet normal 0.000000e+00 1.000000e+00 0.000000e+00
    outer loop
      vertex -7.621253e+00 9.524998e+00 2.552700e+01
      vertex -1.143125e+01 9.524998e+00 2.552700e+01
      vertex -7.776862e+00 9.524998e+00 2.675876e+01
    endloop
  endfacet
  facet normal 0.000000e+00 1.000000e+00 0.000000e+00
    outer loop
      vertex -7.776862e+00 9.524998e+00 2.675876e+01
      vertex -1.143125e+01 9.524998e+00 2.552700e+01
      vertex -1.147020e+01 9.524998e+00 2.582283e+01
    endloop
  endfacet
  facet normal 0.000000e+00 1.000000e+00 0.000000e+00
    outer loop
      vertex -7.776862e+00 9.524998e+00 2.675876e+01
      vertex -1.147020e+01 9.524998e+00 2.582283e+01
      vertex -1.158439e+01 9.524998e+00 2.609850e+01
    endloop
  endfacet
  facet normal 0.000000e+00 1.000000e+00 0.000000e+00
    outer loop
      vertex -1.158439e+01 9.524998e+00 2.609850e+01
      vertex -1.176603e+01 9.524998e+00 2.633522e+01
      vertex -7.776862e+00 9.524998e+00 2.675876e+01
    endloop
  endfacet
  facet normal 0.000000e+00 1.000000e+00 0.000000e+00
    outer loop
      vertex -7.776862e+00 9.524998e+00 2.675876e+01
      vertex -1.176603e+01 9.524998e+00 2.633522e+01
      vertex -1.200275e+01 9.524998e+00 2.651687e+01
    endloop
  endfacet
  facet normal 0.000000e+00 1.000000e+00 0.000000e+00
    outer loop
      vertex -7.776862e+00 9.524998e+00 2.675876e+01
      vertex -1.200275e+01 9.524998e+00 2.651687e+01
      vertex -1.227842e+01 9.524998e+00 2.663105e+01
    endloop
  endfacet
  facet normal 0.000000e+00 1.000000e+00 0.000000e+00
    outer loop
      vertex -1.104369e+01 9.524998e+00 3.023758e+01
      vertex -1.046537e+01 9.524998e+00 3.000861e+01
      vertex -1.227842e+01 9.524998e+00 2.663105e+01
    endloop
  endfacet
  facet normal 0.000000e+00 1.000000e+00 0.000000e+00
    outer loop
      vertex -1.227842e+01 9.524998e+00 2.663105e+01
      vertex -1.046537e+01 9.524998e+00 3.000861e+01
      vertex -9.920303e+00 9.524998e+00 2.970896e+01
    endloop
  endfacet
  facet normal 0.000000e+00 1.000000e+00 0.000000e+00
    outer loop
      vertex -1.227842e+01 9.524998e+00 2.663105e+01
      vertex -9.920303e+00 9.524998e+00 2.970896e+01
      vertex -9.417093e+00 9.524998e+00 2.934335e+01
    endloop
  endfacet
  facet normal 0.000000e+00 1.000000e+00 0.000000e+00
    outer loop
      vertex -9.417093e+00 9.524998e+00 2.934335e+01
      vertex -8.963672e+00 9.524998e+00 2.891756e+01
      vertex -1.227842e+01 9.524998e+00 2.663105e+01
    endloop
  endfacet
  facet normal 0.000000e+00 1.000000e+00 0.000000e+00
    outer loop
      vertex -1.227842e+01 9.524998e+00 2.663105e+01
      vertex -8.963672e+00 9.524998e+00 2.891756e+01
      vertex -8.567193e+00 9.524998e+00 2.843830e+01
    endloop
  endfacet
  facet normal 0.000000e+00 1.000000e+00 0.000000e+00
    outer loop
      vertex -1.227842e+01 9.524998e+00 2.663105e+01
      vertex -8.567193e+00 9.524998e+00 2.843830e+01
      vertex -8.233906e+00 9.524998e+00 2.791313e+01
    endloop
  endfacet
  facet normal 0.000000e+00 1.000000e+00 0.000000e+00
    outer loop
      vertex -8.233906e+00 9.524998e+00 2.791313e+01
      vertex -7.969071e+00 9.524998e+00 2.735032e+01
      vertex -1.227842e+01 9.524998e+00 2.663105e+01
    endloop
  endfacet
  facet normal 0.000000e+00 1.000000e+00 0.000000e+00
    outer loop
      vertex -1.227842e+01 9.524998e+00 2.663105e+01
      vertex -7.969071e+00 9.524998e+00 2.735032e+01
      vertex -7.776862e+00 9.524998e+00 2.675876e+01
    endloop
  endfacet
  facet normal 0.000000e+00 1.000000e+00 0.000000e+00
    outer loop
      vertex -7.776862e+00 9.524998e+00 2.675876e+01
      vertex -7.660309e+00 9.524998e+00 2.614778e+01
      vertex -7.621253e+00 9.524998e+00 2.552700e+01
    endloop
  endfacet
  facet normal 0.000000e+00 1.000000e+00 0.000000e+00
    outer loop
      vertex -1.287008e+01 -7.620001e+00 2.663105e+01
      vertex -1.288525e+01 -7.620001e+00 3.047023e+01
      vertex -1.257425e+01 -7.620001e+00 2.667000e+01
    endloop
  endfacet
  facet normal 0.000000e+00 1.000000e+00 0.000000e+00
    outer loop
      vertex -1.257425e+01 -7.620001e+00 2.667000e+01
      vertex -1.288525e+01 -7.620001e+00 3.047023e+01
      vertex -1.226325e+01 -7.620001e+00 3.047023e+01
    endloop
  endfacet
  facet normal 0.000000e+00 1.000000e+00 0.000000e+00
    outer loop
      vertex -1.257425e+01 -7.620001e+00 2.667000e+01
      vertex -1.226325e+01 -7.620001e+00 3.047023e+01
      vertex -1.227842e+01 -7.620001e+00 2.663105e+01
    endloop
  endfacet
  facet normal 0.000000e+00 1.000000e+00 0.000000e+00
    outer loop
      vertex -1.227842e+01 -7.620001e+00 2.663105e+01
      vertex -1.226325e+01 -7.620001e+00 3.047023e+01
      vertex -1.164615e+01 -7.620001e+00 3.039227e+01
    endloop
  endfacet
  facet normal 0.000000e+00 1.000000e+00 0.000000e+00
    outer loop
      vertex -1.227842e+01 -7.620001e+00 2.663105e+01
      vertex -1.164615e+01 -7.620001e+00 3.039227e+01
      vertex -1.200275e+01 -7.620001e+00 2.651687e+01
    endloop
  endfacet
  facet normal 0.000000e+00 1.000000e+00 0.000000e+00
    outer loop
      vertex -1.200275e+01 -7.620001e+00 2.651687e+01
      vertex -1.164615e+01 -7.620001e+00 3.039227e+01
      vertex -1.176603e+01 -7.620001e+00 2.633522e+01
    endloop
  endfacet
  facet normal 0.000000e+00 1.000000e+00 0.000000e+00
    outer loop
      vertex -1.176603e+01 -7.620001e+00 2.633522e+01
      vertex -1.164615e+01 -7.620001e+00 3.039227e+01
      vertex -1.104369e+01 -7.620001e+00 3.023758e+01
    endloop
  endfacet
  facet normal 0.000000e+00 1.000000e+00 0.000000e+00
    outer loop
      vertex -1.176603e+01 -7.620001e+00 2.633522e+01
      vertex -1.104369e+01 -7.620001e+00 3.023758e+01
      vertex -1.158439e+01 -7.620001e+00 2.609850e+01
    endloop
  endfacet
  facet normal 0.000000e+00 1.000000e+00 0.000000e+00
    outer loop
      vertex -1.158439e+01 -7.620001e+00 2.609850e+01
      vertex -1.104369e+01 -7.620001e+00 3.023758e+01
      vertex -1.046537e+01 -7.620001e+00 3.000861e+01
    endloop
  endfacet
  facet normal 0.000000e+00 1.000000e+00 0.000000e+00
    outer loop
      vertex -1.158439e+01 -7.620001e+00 2.609850e+01
      vertex -1.046537e+01 -7.620001e+00 3.000861e+01
      vertex -9.920303e+00 -7.620001e+00 2.970896e+01
    endloop
  endfacet
  facet normal 0.000000e+00 1.000000e+00 0.000000e+00
    outer loop
      vertex -1.288525e+01 -7.620001e+00 3.047023e+01
      vertex -1.287008e+01 -7.620001e+00 2.663105e+01
      vertex -1.350235e+01 -7.620001e+00 3.039227e+01
    endloop
  endfacet
  facet normal 0.000000e+00 1.000000e+00 0.000000e+00
    outer loop
      vertex -1.350235e+01 -7.620001e+00 3.039227e+01
      vertex -1.287008e+01 -7.620001e+00 2.663105e+01
      vertex -1.314575e+01 -7.620001e+00 2.651687e+01
    endloop
  endfacet
  facet normal 0.000000e+00 1.000000e+00 0.000000e+00
    outer loop
      vertex -1.350235e+01 -7.620001e+00 3.039227e+01
      vertex -1.314575e+01 -7.620001e+00 2.651687e+01
      vertex -1.338248e+01 -7.620001e+00 2.633522e+01
    endloop
  endfacet
  facet normal 0.000000e+00 1.000000e+00 0.000000e+00
    outer loop
      vertex -1.350235e+01 -7.620001e+00 3.039227e+01
      vertex -1.338248e+01 -7.620001e+00 2.633522e+01
      vertex -1.410481e+01 -7.620001e+00 3.023758e+01
    endloop
  endfacet
  facet normal 0.000000e+00 1.000000e+00 0.000000e+00
    outer loop
      vertex -1.410481e+01 -7.620001e+00 3.023758e+01
      vertex -1.338248e+01 -7.620001e+00 2.633522e+01
      vertex -1.356412e+01 -7.620001e+00 2.609850e+01
    endloop
  endfacet
  facet normal 0.000000e+00 1.000000e+00 0.000000e+00
    outer loop
      vertex -1.410481e+01 -7.620001e+00 3.023758e+01
      vertex -1.356412e+01 -7.620001e+00 2.609850e+01
      vertex -1.468314e+01 -7.620001e+00 3.000861e+01
    endloop
  endfacet
  facet normal 0.000000e+00 1.000000e+00 0.000000e+00
    outer loop
      vertex -1.468314e+01 -7.620001e+00 3.000861e+01
      vertex -1.356412e+01 -7.620001e+00 2.609850e+01
      vertex -1.522820e+01 -7.620001e+00 2.970896e+01
    endloop
  endfacet
  facet normal 0.000000e+00 1.000000e+00 0.000000e+00
    outer loop
      vertex -1.522820e+01 -7.620001e+00 2.970896e+01
      vertex -1.356412e+01 -7.620001e+00 2.609850e+01
      vertex -1.367831e+01 -7.620001e+00 2.582283e+01
    endloop
  endfacet
  facet normal 0.000000e+00 1.000000e+00 0.000000e+00
    outer loop
      vertex -1.522820e+01 -7.620001e+00 2.970896e+01
      vertex -1.367831e+01 -7.620001e+00 2.582283e+01
      vertex -1.573141e+01 -7.620001e+00 2.934335e+01
    endloop
  endfacet
  facet normal 0.000000e+00 1.000000e+00 0.000000e+00
    outer loop
      vertex -1.573141e+01 -7.620001e+00 2.934335e+01
      vertex -1.367831e+01 -7.620001e+00 2.582283e+01
      vertex -1.371725e+01 -7.620001e+00 2.552700e+01
    endloop
  endfacet
  facet normal 0.000000e+00 1.000000e+00 0.000000e+00
    outer loop
      vertex -1.573141e+01 -7.620001e+00 2.934335e+01
      vertex -1.371725e+01 -7.620001e+00 2.552700e+01
      vertex -1.618484e+01 -7.620001e+00 2.891756e+01
    endloop
  endfacet
  facet normal 0.000000e+00 1.000000e+00 0.000000e+00
    outer loop
      vertex -1.618484e+01 -7.620001e+00 2.891756e+01
      vertex -1.371725e+01 -7.620001e+00 2.552700e+01
      vertex -1.658131e+01 -7.620001e+00 2.843830e+01
    endloop
  endfacet
  facet normal 0.000000e+00 1.000000e+00 0.000000e+00
    outer loop
      vertex -1.658131e+01 -7.620001e+00 2.843830e+01
      vertex -1.371725e+01 -7.620001e+00 2.552700e+01
      vertex -1.691460e+01 -7.620001e+00 2.791313e+01
    endloop
  endfacet
  facet normal 0.000000e+00 1.000000e+00 0.000000e+00
    outer loop
      vertex -1.691460e+01 -7.620001e+00 2.791313e+01
      vertex -1.371725e+01 -7.620001e+00 2.552700e+01
      vertex -1.717944e+01 -7.620001e+00 2.735032e+01
    endloop
  endfacet
  facet normal 0.000000e+00 1.000000e+00 0.000000e+00
    outer loop
      vertex -1.717944e+01 -7.620001e+00 2.735032e+01
      vertex -1.371725e+01 -7.620001e+00 2.552700e+01
      vertex -1.752725e+01 -7.620001e+00 2.552700e+01
    endloop
  endfacet
  facet normal 0.000000e+00 1.000000e+00 0.000000e+00
    outer loop
      vertex -1.717944e+01 -7.620001e+00 2.735032e+01
      vertex -1.752725e+01 -7.620001e+00 2.552700e+01
      vertex -1.737165e+01 -7.620001e+00 2.675876e+01
    endloop
  endfacet
  facet normal 0.000000e+00 1.000000e+00 0.000000e+00
    outer loop
      vertex -1.737165e+01 -7.620001e+00 2.675876e+01
      vertex -1.752725e+01 -7.620001e+00 2.552700e+01
      vertex -1.748820e+01 -7.620001e+00 2.614778e+01
    endloop
  endfacet
  facet normal 0.000000e+00 1.000000e+00 0.000000e+00
    outer loop
      vertex -1.371725e+01 -7.620001e+00 2.552700e+01
      vertex -1.367831e+01 -7.620001e+00 2.523117e+01
      vertex -1.752725e+01 -7.620001e+00 2.552700e+01
    endloop
  endfacet
  facet normal 0.000000e+00 1.000000e+00 0.000000e+00
    outer loop
      vertex -1.752725e+01 -7.620001e+00 2.552700e+01
      vertex -1.367831e+01 -7.620001e+00 2.523117e+01
      vertex -1.356412e+01 -7.620001e+00 2.495550e+01
    endloop
  endfacet
  facet normal 0.000000e+00 1.000000e+00 0.000000e+00
    outer loop
      vertex -1.752725e+01 -7.620001e+00 2.552700e+01
      vertex -1.356412e+01 -7.620001e+00 2.495550e+01
      vertex -1.752725e+01 -7.620001e+00 1.143000e+01
    endloop
  endfacet
  facet normal 0.000000e+00 1.000000e+00 0.000000e+00
    outer loop
      vertex -1.752725e+01 -7.620001e+00 1.143000e+01
      vertex -1.356412e+01 -7.620001e+00 2.495550e+01
      vertex -1.338248e+01 -7.620001e+00 2.471878e+01
    endloop
  endfacet
  facet normal 0.000000e+00 1.000000e+00 0.000000e+00
    outer loop
      vertex -1.752725e+01 -7.620001e+00 1.143000e+01
      vertex -1.338248e+01 -7.620001e+00 2.471878e+01
      vertex -1.314575e+01 -7.620001e+00 2.453713e+01
    endloop
  endfacet
  facet normal 0.000000e+00 1.000000e+00 0.000000e+00
    outer loop
      vertex -1.314575e+01 -7.620001e+00 2.453713e+01
      vertex -1.287008e+01 -7.620001e+00 2.442295e+01
      vertex -1.752725e+01 -7.620001e+00 1.143000e+01
    endloop
  endfacet
  facet normal 0.000000e+00 1.000000e+00 0.000000e+00
    outer loop
      vertex -1.752725e+01 -7.620001e+00 1.143000e+01
      vertex -1.287008e+01 -7.620001e+00 2.442295e+01
      vertex -1.257425e+01 -7.620001e+00 2.438400e+01
    endloop
  endfacet
  facet normal 0.000000e+00 1.000000e+00 0.000000e+00
    outer loop
      vertex -1.752725e+01 -7.620001e+00 1.143000e+01
      vertex -1.257425e+01 -7.620001e+00 2.438400e+01
      vertex -7.621253e+00 -7.620001e+00 1.143000e+01
    endloop
  endfacet
  facet normal 0.000000e+00 1.000000e+00 0.000000e+00
    outer loop
      vertex -7.621253e+00 -7.620001e+00 1.143000e+01
      vertex -1.257425e+01 -7.620001e+00 2.438400e+01
      vertex -1.227842e+01 -7.620001e+00 2.442295e+01
    endloop
  endfacet
  facet normal 0.000000e+00 1.000000e+00 0.000000e+00
    outer loop
      vertex -7.621253e+00 -7.620001e+00 1.143000e+01
      vertex -1.227842e+01 -7.620001e+00 2.442295e+01
      vertex -1.200275e+01 -7.620001e+00 2.453713e+01
    endloop
  endfacet
  facet normal 0.000000e+00 1.000000e+00 0.000000e+00
    outer loop
      vertex -1.200275e+01 -7.620001e+00 2.453713e+01
      vertex -1.176603e+01 -7.620001e+00 2.471878e+01
      vertex -7.621253e+00 -7.620001e+00 1.143000e+01
    endloop
  endfacet
  facet normal 0.000000e+00 1.000000e+00 0.000000e+00
    outer loop
      vertex -7.621253e+00 -7.620001e+00 1.143000e+01
      vertex -1.176603e+01 -7.620001e+00 2.471878e+01
      vertex -1.158439e+01 -7.620001e+00 2.495550e+01
    endloop
  endfacet
  facet normal 0.000000e+00 1.000000e+00 0.000000e+00
    outer loop
      vertex -7.621253e+00 -7.620001e+00 1.143000e+01
      vertex -1.158439e+01 -7.620001e+00 2.495550e+01
      vertex -7.621253e+00 -7.620001e+00 2.552700e+01
    endloop
  endfacet
  facet normal 0.000000e+00 1.000000e+00 0.000000e+00
    outer loop
      vertex -7.621253e+00 -7.620001e+00 2.552700e+01
      vertex -1.158439e+01 -7.620001e+00 2.495550e+01
      vertex -1.147020e+01 -7.620001e+00 2.523117e+01
    endloop
  endfacet
  facet normal 0.000000e+00 1.000000e+00 0.000000e+00
    outer loop
      vertex -7.621253e+00 -7.620001e+00 2.552700e+01
      vertex -1.147020e+01 -7.620001e+00 2.523117e+01
      vertex -1.143125e+01 -7.620001e+00 2.552700e+01
    endloop
  endfacet
  facet normal 0.000000e+00 1.000000e+00 0.000000e+00
    outer loop
      vertex -1.147020e+01 -7.620001e+00 2.582283e+01
      vertex -9.417093e+00 -7.620001e+00 2.934335e+01
      vertex -1.143125e+01 -7.620001e+00 2.552700e+01
    endloop
  endfacet
  facet normal 0.000000e+00 1.000000e+00 0.000000e+00
    outer loop
      vertex -1.143125e+01 -7.620001e+00 2.552700e+01
      vertex -9.417093e+00 -7.620001e+00 2.934335e+01
      vertex -8.963672e+00 -7.620001e+00 2.891756e+01
    endloop
  endfacet
  facet normal 0.000000e+00 1.000000e+00 0.000000e+00
    outer loop
      vertex -1.143125e+01 -7.620001e+00 2.552700e+01
      vertex -8.963672e+00 -7.620001e+00 2.891756e+01
      vertex -8.567193e+00 -7.620001e+00 2.843830e+01
    endloop
  endfacet
  facet normal 0.000000e+00 1.000000e+00 0.000000e+00
    outer loop
      vertex -9.417093e+00 -7.620001e+00 2.934335e+01
      vertex -1.147020e+01 -7.620001e+00 2.582283e+01
      vertex -9.920303e+00 -7.620001e+00 2.970896e+01
    endloop
  endfacet
  facet normal 0.000000e+00 1.000000e+00 0.000000e+00
    outer loop
      vertex -9.920303e+00 -7.620001e+00 2.970896e+01
      vertex -1.147020e+01 -7.620001e+00 2.582283e+01
      vertex -1.158439e+01 -7.620001e+00 2.609850e+01
    endloop
  endfacet
  facet normal 0.000000e+00 1.000000e+00 0.000000e+00
    outer loop
      vertex -8.567193e+00 -7.620001e+00 2.843830e+01
      vertex -8.233906e+00 -7.620001e+00 2.791313e+01
      vertex -1.143125e+01 -7.620001e+00 2.552700e+01
    endloop
  endfacet
  facet normal 0.000000e+00 1.000000e+00 0.000000e+00
    outer loop
      vertex -1.143125e+01 -7.620001e+00 2.552700e+01
      vertex -8.233906e+00 -7.620001e+00 2.791313e+01
      vertex -7.969071e+00 -7.620001e+00 2.735032e+01
    endloop
  endfacet
  facet normal 0.000000e+00 1.000000e+00 0.000000e+00
    outer loop
      vertex -1.143125e+01 -7.620001e+00 2.552700e+01
      vertex -7.969071e+00 -7.620001e+00 2.735032e+01
      vertex -7.776862e+00 -7.620001e+00 2.675876e+01
    endloop
  endfacet
  facet normal 0.000000e+00 1.000000e+00 0.000000e+00
    outer loop
      vertex -7.776862e+00 -7.620001e+00 2.675876e+01
      vertex -7.660309e+00 -7.620001e+00 2.614778e+01
      vertex -1.143125e+01 -7.620001e+00 2.552700e+01
    endloop
  endfacet
  facet normal 0.000000e+00 1.000000e+00 0.000000e+00
    outer loop
      vertex -1.143125e+01 -7.620001e+00 2.552700e+01
      vertex -7.660309e+00 -7.620001e+00 2.614778e+01
      vertex -7.621253e+00 -7.620001e+00 2.552700e+01
    endloop
  endfacet
  facet normal -9.980267e-01 0.000000e+00 6.279052e-02
    outer loop
      vertex -1.752725e+01 -7.620001e+00 2.552700e+01
      vertex -1.752725e+01 -9.525001e+00 2.552700e+01
      vertex -1.748820e+01 -7.620001e+00 2.614778e+01
    endloop
  endfacet
  facet normal -9.980267e-01 -5.816442e-16 6.279052e-02
    outer loop
      vertex -1.748820e+01 -7.620001e+00 2.614778e+01
      vertex -1.752725e+01 -9.525001e+00 2.552700e+01
      vertex -1.748820e+01 -9.525001e+00 2.614778e+01
    endloop
  endfacet
  facet normal -9.822872e-01 -5.724713e-16 1.873813e-01
    outer loop
      vertex -1.748820e+01 -7.620001e+00 2.614778e+01
      vertex -1.748820e+01 -9.525001e+00 2.614778e+01
      vertex -1.737165e+01 -7.620001e+00 2.675876e+01
    endloop
  endfacet
  facet normal -9.822872e-01 -4.293535e-16 1.873813e-01
    outer loop
      vertex -1.737165e+01 -7.620001e+00 2.675876e+01
      vertex -1.748820e+01 -9.525001e+00 2.614778e+01
      vertex -1.737165e+01 -9.525001e+00 2.675876e+01
    endloop
  endfacet
  facet normal -9.510565e-01 -4.157027e-16 3.090170e-01
    outer loop
      vertex -1.737165e+01 -7.620001e+00 2.675876e+01
      vertex -1.737165e+01 -9.525001e+00 2.675876e+01
      vertex -1.717944e+01 -7.620001e+00 2.735032e+01
    endloop
  endfacet
  facet normal -9.510565e-01 -2.551068e-16 3.090170e-01
    outer loop
      vertex -1.717944e+01 -7.620001e+00 2.735032e+01
      vertex -1.737165e+01 -9.525001e+00 2.675876e+01
      vertex -1.717944e+01 -9.525001e+00 2.735032e+01
    endloop
  endfacet
  facet normal -9.048271e-01 3.061508e-18 4.257793e-01
    outer loop
      vertex -1.717944e+01 -7.620001e+00 2.735032e+01
      vertex -1.717944e+01 -9.525001e+00 2.735032e+01
      vertex -1.691460e+01 -7.620001e+00 2.791313e+01
    endloop
  endfacet
  facet normal -9.048271e-01 -2.078697e-16 4.257793e-01
    outer loop
      vertex -1.691460e+01 -7.620001e+00 2.791313e+01
      vertex -1.717944e+01 -9.525001e+00 2.735032e+01
      vertex -1.691460e+01 -9.525001e+00 2.791313e+01
    endloop
  endfacet
  facet normal -8.443279e-01 6.435371e-17 5.358268e-01
    outer loop
      vertex -1.691460e+01 -7.620001e+00 2.791313e+01
      vertex -1.691460e+01 -9.525001e+00 2.791313e+01
      vertex -1.658131e+01 -7.620001e+00 2.843830e+01
    endloop
  endfacet
  facet normal -8.443279e-01 -5.904833e-16 5.358268e-01
    outer loop
      vertex -1.658131e+01 -7.620001e+00 2.843830e+01
      vertex -1.691460e+01 -9.525001e+00 2.791313e+01
      vertex -1.658131e+01 -9.525001e+00 2.843830e+01
    endloop
  endfacet
  facet normal -7.705132e-01 -5.388608e-16 6.374240e-01
    outer loop
      vertex -1.658131e+01 -7.620001e+00 2.843830e+01
      vertex -1.658131e+01 -9.525001e+00 2.843830e+01
      vertex -1.618484e+01 -7.620001e+00 2.891756e+01
    endloop
  endfacet
  facet normal -7.705132e-01 -1.257342e-15 6.374240e-01
    outer loop
      vertex -1.618484e+01 -7.620001e+00 2.891756e+01
      vertex -1.658131e+01 -9.525001e+00 2.843830e+01
      vertex -1.618484e+01 -9.525001e+00 2.891756e+01
    endloop
  endfacet
  facet normal -6.845471e-01 -1.117060e-15 7.289686e-01
    outer loop
      vertex -1.618484e+01 -7.620001e+00 2.891756e+01
      vertex -1.618484e+01 -9.525001e+00 2.891756e+01
      vertex -1.573141e+01 -7.620001e+00 2.934335e+01
    endloop
  endfacet
  facet normal -6.845471e-01 -5.585301e-16 7.289686e-01
    outer loop
      vertex -1.573141e+01 -7.620001e+00 2.934335e+01
      vertex -1.618484e+01 -9.525001e+00 2.891756e+01
      vertex -1.573141e+01 -9.525001e+00 2.934335e+01
    endloop
  endfacet
  facet normal -5.877852e-01 -4.795810e-16 8.090170e-01
    outer loop
      vertex -1.573141e+01 -7.620001e+00 2.934335e+01
      vertex -1.573141e+01 -9.525001e+00 2.934335e+01
      vertex -1.522820e+01 -7.620001e+00 2.970896e+01
    endloop
  endfacet
  facet normal -5.877852e-01 -8.221389e-16 8.090170e-01
    outer loop
      vertex -1.522820e+01 -7.620001e+00 2.970896e+01
      vertex -1.573141e+01 -9.525001e+00 2.934335e+01
      vertex -1.522820e+01 -9.525001e+00 2.970896e+01
    endloop
  endfacet
  facet normal -4.817537e-01 -6.738319e-16 8.763067e-01
    outer loop
      vertex -1.522820e+01 -7.620001e+00 2.970896e+01
      vertex -1.522820e+01 -9.525001e+00 2.970896e+01
      vertex -1.468314e+01 -7.620001e+00 3.000861e+01
    endloop
  endfacet
  facet normal -4.817537e-01 -2.420398e-15 8.763067e-01
    outer loop
      vertex -1.468314e+01 -7.620001e+00 3.000861e+01
      vertex -1.522820e+01 -9.525001e+00 2.970896e+01
      vertex -1.468314e+01 -9.525001e+00 3.000861e+01
    endloop
  endfacet
  facet normal -3.681245e-01 -2.334693e-15 9.297765e-01
    outer loop
      vertex -1.468314e+01 -7.620001e+00 3.000861e+01
      vertex -1.468314e+01 -9.525001e+00 3.000861e+01
      vertex -1.410481e+01 -7.620001e+00 3.023758e+01
    endloop
  endfacet
  facet normal -3.681245e-01 -5.148981e-16 9.297765e-01
    outer loop
      vertex -1.410481e+01 -7.620001e+00 3.023758e+01
      vertex -1.468314e+01 -9.525001e+00 3.000861e+01
      vertex -1.410481e+01 -9.525001e+00 3.023758e+01
    endloop
  endfacet
  facet normal -2.486899e-01 -3.478441e-16 9.685832e-01
    outer loop
      vertex -1.410481e+01 -7.620001e+00 3.023758e+01
      vertex -1.410481e+01 -9.525001e+00 3.023758e+01
      vertex -1.350235e+01 -7.620001e+00 3.039227e+01
    endloop
  endfacet
  facet normal -2.486899e-01 -3.478441e-16 9.685832e-01
    outer loop
      vertex -1.350235e+01 -7.620001e+00 3.039227e+01
      vertex -1.410481e+01 -9.525001e+00 3.023758e+01
      vertex -1.350235e+01 -9.525001e+00 3.039227e+01
    endloop
  endfacet
  facet normal -1.253332e-01 -1.753044e-16 9.921147e-01
    outer loop
      vertex -1.350235e+01 -7.620001e+00 3.039227e+01
      vertex -1.350235e+01 -9.525001e+00 3.039227e+01
      vertex -1.288525e+01 -7.620001e+00 3.047023e+01
    endloop
  endfacet
  facet normal -1.253332e-01 -1.967105e-15 9.921147e-01
    outer loop
      vertex -1.288525e+01 -7.620001e+00 3.047023e+01
      vertex -1.350235e+01 -9.525001e+00 3.039227e+01
      vertex -1.288525e+01 -9.525001e+00 3.047023e+01
    endloop
  endfacet
  facet normal 5.772964e-15 -1.864942e-15 1.000000e+00
    outer loop
      vertex -1.288525e+01 -7.620001e+00 3.047023e+01
      vertex -1.288525e+01 -9.525001e+00 3.047023e+01
      vertex -1.226325e+01 -7.620001e+00 3.047023e+01
    endloop
  endfacet
  facet normal -5.650499e-15 1.864942e-15 1.000000e+00
    outer loop
      vertex -1.226325e+01 -7.620001e+00 3.047023e+01
      vertex -1.288525e+01 -9.525001e+00 3.047023e+01
      vertex -1.226325e+01 -9.525001e+00 3.047023e+01
    endloop
  endfacet
  facet normal 1.253332e-01 1.967105e-15 9.921147e-01
    outer loop
      vertex -1.226325e+01 -7.620001e+00 3.047023e+01
      vertex -1.226325e+01 -9.525001e+00 3.047023e+01
      vertex -1.164615e+01 -7.620001e+00 3.039227e+01
    endloop
  endfacet
  facet normal 1.253332e-01 -1.616497e-15 9.921147e-01
    outer loop
      vertex -1.164615e+01 -7.620001e+00 3.039227e+01
      vertex -1.226325e+01 -9.525001e+00 3.047023e+01
      vertex -1.164615e+01 -9.525001e+00 3.039227e+01
    endloop
  endfacet
  facet normal 2.486899e-01 -1.342559e-15 9.685832e-01
    outer loop
      vertex -1.164615e+01 -7.620001e+00 3.039227e+01
      vertex -1.164615e+01 -9.525001e+00 3.039227e+01
      vertex -1.104369e+01 -7.620001e+00 3.023758e+01
    endloop
  endfacet
  facet normal 2.486899e-01 3.478441e-16 9.685832e-01
    outer loop
      vertex -1.104369e+01 -7.620001e+00 3.023758e+01
      vertex -1.164615e+01 -9.525001e+00 3.039227e+01
      vertex -1.104369e+01 -9.525001e+00 3.023758e+01
    endloop
  endfacet
  facet normal 3.681245e-01 5.148981e-16 9.297765e-01
    outer loop
      vertex -1.104369e+01 -7.620001e+00 3.023758e+01
      vertex -1.104369e+01 -9.525001e+00 3.023758e+01
      vertex -1.046537e+01 -7.620001e+00 3.000861e+01
    endloop
  endfacet
  facet normal 3.681245e-01 3.432654e-16 9.297765e-01
    outer loop
      vertex -1.046537e+01 -7.620001e+00 3.000861e+01
      vertex -1.104369e+01 -9.525001e+00 3.023758e+01
      vertex -1.046537e+01 -9.525001e+00 3.000861e+01
    endloop
  endfacet
  facet normal 4.817537e-01 4.492212e-16 8.763067e-01
    outer loop
      vertex -1.046537e+01 -7.620001e+00 3.000861e+01
      vertex -1.046537e+01 -9.525001e+00 3.000861e+01
      vertex -9.920303e+00 -7.620001e+00 2.970896e+01
    endloop
  endfacet
  facet normal 4.817537e-01 -7.358183e-16 8.763067e-01
    outer loop
      vertex -9.920303e+00 -7.620001e+00 2.970896e+01
      vertex -1.046537e+01 -9.525001e+00 3.000861e+01
      vertex -9.920303e+00 -9.525001e+00 2.970896e+01
    endloop
  endfacet
  facet normal 5.877852e-01 -4.125843e-16 8.090170e-01
    outer loop
      vertex -9.920303e+00 -7.620001e+00 2.970896e+01
      vertex -9.920303e+00 -9.525001e+00 2.970896e+01
      vertex -9.417093e+00 -7.620001e+00 2.934335e+01
    endloop
  endfacet
  facet normal 5.877852e-01 5.480926e-16 8.090170e-01
    outer loop
      vertex -9.417093e+00 -7.620001e+00 2.934335e+01
      vertex -9.920303e+00 -9.525001e+00 2.970896e+01
      vertex -9.417093e+00 -9.525001e+00 2.934335e+01
    endloop
  endfacet
  facet normal 6.845471e-01 6.383202e-16 7.289686e-01
    outer loop
      vertex -9.417093e+00 -7.620001e+00 2.934335e+01
      vertex -9.417093e+00 -9.525001e+00 2.934335e+01
      vertex -8.963672e+00 -7.620001e+00 2.891756e+01
    endloop
  endfacet
  facet normal 6.845471e-01 0.000000e+00 7.289686e-01
    outer loop
      vertex -8.963672e+00 -7.620001e+00 2.891756e+01
      vertex -9.417093e+00 -9.525001e+00 2.934335e+01
      vertex -8.963672e+00 -9.525001e+00 2.891756e+01
    endloop
  endfacet
  facet normal 7.705132e-01 0.000000e+00 6.374240e-01
    outer loop
      vertex -8.963672e+00 -7.620001e+00 2.891756e+01
      vertex -8.963672e+00 -9.525001e+00 2.891756e+01
      vertex -8.567193e+00 -7.620001e+00 2.843830e+01
    endloop
  endfacet
  facet normal 7.705132e-01 -1.188759e-15 6.374240e-01
    outer loop
      vertex -8.567193e+00 -7.620001e+00 2.843830e+01
      vertex -8.963672e+00 -9.525001e+00 2.891756e+01
      vertex -8.567193e+00 -9.525001e+00 2.843830e+01
    endloop
  endfacet
  facet normal 8.443279e-01 -9.992856e-16 5.358268e-01
    outer loop
      vertex -8.567193e+00 -7.620001e+00 2.843830e+01
      vertex -8.567193e+00 -9.525001e+00 2.843830e+01
      vertex -8.233906e+00 -7.620001e+00 2.791313e+01
    endloop
  endfacet
  facet normal 8.443279e-01 -2.119745e-16 5.358268e-01
    outer loop
      vertex -8.233906e+00 -7.620001e+00 2.791313e+01
      vertex -8.567193e+00 -9.525001e+00 2.843830e+01
      vertex -8.233906e+00 -9.525001e+00 2.791313e+01
    endloop
  endfacet
  facet normal 9.048271e-01 4.967129e-17 4.257793e-01
    outer loop
      vertex -8.233906e+00 -7.620001e+00 2.791313e+01
      vertex -8.233906e+00 -9.525001e+00 2.791313e+01
      vertex -7.969071e+00 -7.620001e+00 2.735032e+01
    endloop
  endfacet
  facet normal 9.048271e-01 4.967129e-17 4.257793e-01
    outer loop
      vertex -7.969071e+00 -7.620001e+00 2.735032e+01
      vertex -8.233906e+00 -9.525001e+00 2.791313e+01
      vertex -7.969071e+00 -9.525001e+00 2.735032e+01
    endloop
  endfacet
  facet normal 9.510565e-01 3.105338e-16 3.090170e-01
    outer loop
      vertex -7.969071e+00 -7.620001e+00 2.735032e+01
      vertex -7.969071e+00 -9.525001e+00 2.735032e+01
      vertex -7.776862e+00 -7.620001e+00 2.675876e+01
    endloop
  endfacet
  facet normal 9.510565e-01 -8.868324e-16 3.090170e-01
    outer loop
      vertex -7.776862e+00 -7.620001e+00 2.675876e+01
      vertex -7.969071e+00 -9.525001e+00 2.735032e+01
      vertex -7.776862e+00 -9.525001e+00 2.675876e+01
    endloop
  endfacet
  facet normal 9.822872e-01 -9.159541e-16 1.873813e-01
    outer loop
      vertex -7.776862e+00 -7.620001e+00 2.675876e+01
      vertex -7.776862e+00 -9.525001e+00 2.675876e+01
      vertex -7.660309e+00 -7.620001e+00 2.614778e+01
    endloop
  endfacet
  facet normal 9.822872e-01 -3.494552e-16 1.873813e-01
    outer loop
      vertex -7.660309e+00 -7.620001e+00 2.614778e+01
      vertex -7.776862e+00 -9.525001e+00 2.675876e+01
      vertex -7.660309e+00 -9.525001e+00 2.614778e+01
    endloop
  endfacet
  facet normal 9.980267e-01 -1.171007e-16 6.279052e-02
    outer loop
      vertex -7.660309e+00 -7.620001e+00 2.614778e+01
      vertex -7.660309e+00 -9.525001e+00 2.614778e+01
      vertex -7.621253e+00 -7.620001e+00 2.552700e+01
    endloop
  endfacet
  facet normal 9.980267e-01 0.000000e+00 6.279052e-02
    outer loop
      vertex -7.621253e+00 -7.620001e+00 2.552700e+01
      vertex -7.660309e+00 -9.525001e+00 2.614778e+01
      vertex -7.621253e+00 -9.525001e+00 2.552700e+01
    endloop
  endfacet
  facet normal 6.123234e-17 0.000000e+00 1.000000e+00
    outer loop
      vertex -1.752725e+01 7.619999e+00 1.143000e+01
      vertex -1.752725e+01 -7.620001e+00 1.143000e+01
      vertex -7.621253e+00 7.619999e+00 1.143000e+01
    endloop
  endfacet
  facet normal 6.123234e-17 0.000000e+00 1.000000e+00
    outer loop
      vertex -7.621253e+00 7.619999e+00 1.143000e+01
      vertex -1.752725e+01 -7.620001e+00 1.143000e+01
      vertex -7.621253e+00 -7.620001e+00 1.143000e+01
    endloop
  endfacet
  facet normal 1.000000e+00 0.000000e+00 -6.123234e-17
    outer loop
      vertex -7.621253e+00 7.619999e+00 2.552700e+01
      vertex -7.621253e+00 7.619999e+00 1.143000e+01
      vertex -7.621253e+00 9.524998e+00 2.552700e+01
    endloop
  endfacet
  facet normal 1.000000e+00 0.000000e+00 -6.123234e-17
    outer loop
      vertex -7.621253e+00 9.524998e+00 2.552700e+01
      vertex -7.621253e+00 7.619999e+00 1.143000e+01
      vertex -7.621253e+00 9.524998e+00 1.016000e+01
    endloop
  endfacet
  facet normal 1.000000e+00 0.000000e+00 -6.123234e-17
    outer loop
      vertex -7.621253e+00 9.524998e+00 1.016000e+01
      vertex -7.621253e+00 7.619999e+00 1.143000e+01
      vertex -7.621253e+00 -7.620001e+00 1.143000e+01
    endloop
  endfacet
  facet normal 1.000000e+00 0.000000e+00 -6.123234e-17
    outer loop
      vertex -7.621253e+00 9.524998e+00 1.016000e+01
      vertex -7.621253e+00 -7.620001e+00 1.143000e+01
      vertex -7.621253e+00 -9.525001e+00 1.016000e+01
    endloop
  endfacet
  facet normal 1.000000e+00 0.000000e+00 -6.123234e-17
    outer loop
      vertex -7.621253e+00 -9.525001e+00 1.016000e+01
      vertex -7.621253e+00 -7.620001e+00 1.143000e+01
      vertex -7.621253e+00 -9.525001e+00 2.552700e+01
    endloop
  endfacet
  facet normal 1.000000e+00 0.000000e+00 -6.123234e-17
    outer loop
      vertex -7.621253e+00 -9.525001e+00 2.552700e+01
      vertex -7.621253e+00 -7.620001e+00 1.143000e+01
      vertex -7.621253e+00 -7.620001e+00 2.552700e+01
    endloop
  endfacet
  facet normal 0.000000e+00 -1.000000e+00 0.000000e+00
    outer loop
      vertex -1.227842e+01 -9.525001e+00 2.663105e+01
      vertex -1.226325e+01 -9.525001e+00 3.047023e+01
      vertex -1.257425e+01 -9.525001e+00 2.667000e+01
    endloop
  endfacet
  facet normal 0.000000e+00 -1.000000e+00 0.000000e+00
    outer loop
      vertex -1.257425e+01 -9.525001e+00 2.667000e+01
      vertex -1.226325e+01 -9.525001e+00 3.047023e+01
      vertex -1.288525e+01 -9.525001e+00 3.047023e+01
    endloop
  endfacet
  facet normal 0.000000e+00 -1.000000e+00 0.000000e+00
    outer loop
      vertex -1.257425e+01 -9.525001e+00 2.667000e+01
      vertex -1.288525e+01 -9.525001e+00 3.047023e+01
      vertex -1.287008e+01 -9.525001e+00 2.663105e+01
    endloop
  endfacet
  facet normal 0.000000e+00 -1.000000e+00 0.000000e+00
    outer loop
      vertex -1.287008e+01 -9.525001e+00 2.663105e+01
      vertex -1.288525e+01 -9.525001e+00 3.047023e+01
      vertex -1.350235e+01 -9.525001e+00 3.039227e+01
    endloop
  endfacet
  facet normal 0.000000e+00 -1.000000e+00 0.000000e+00
    outer loop
      vertex -1.287008e+01 -9.525001e+00 2.663105e+01
      vertex -1.350235e+01 -9.525001e+00 3.039227e+01
      vertex -1.410481e+01 -9.525001e+00 3.023758e+01
    endloop
  endfacet
  facet normal -0.000000e+00 -1.000000e+00 0.000000e+00
    outer loop
      vertex -1.226325e+01 -9.525001e+00 3.047023e+01
      vertex -1.227842e+01 -9.525001e+00 2.663105e+01
      vertex -1.164615e+01 -9.525001e+00 3.039227e+01
    endloop
  endfacet
  facet normal 0.000000e+00 -1.000000e+00 0.000000e+00
    outer loop
      vertex -1.164615e+01 -9.525001e+00 3.039227e+01
      vertex -1.227842e+01 -9.525001e+00 2.663105e+01
      vertex -1.200275e+01 -9.525001e+00 2.651687e+01
    endloop
  endfacet
  facet normal 0.000000e+00 -1.000000e+00 0.000000e+00
    outer loop
      vertex -1.164615e+01 -9.525001e+00 3.039227e+01
      vertex -1.200275e+01 -9.525001e+00 2.651687e+01
      vertex -1.176603e+01 -9.525001e+00 2.633522e+01
    endloop
  endfacet
  facet normal -0.000000e+00 -1.000000e+00 0.000000e+00
    outer loop
      vertex -1.164615e+01 -9.525001e+00 3.039227e+01
      vertex -1.176603e+01 -9.525001e+00 2.633522e+01
      vertex -1.104369e+01 -9.525001e+00 3.023758e+01
    endloop
  endfacet
  facet normal 0.000000e+00 -1.000000e+00 0.000000e+00
    outer loop
      vertex -1.104369e+01 -9.525001e+00 3.023758e+01
      vertex -1.176603e+01 -9.525001e+00 2.633522e+01
      vertex -1.158439e+01 -9.525001e+00 2.609850e+01
    endloop
  endfacet
  facet normal -0.000000e+00 -1.000000e+00 0.000000e+00
    outer loop
      vertex -1.104369e+01 -9.525001e+00 3.023758e+01
      vertex -1.158439e+01 -9.525001e+00 2.609850e+01
      vertex -1.046537e+01 -9.525001e+00 3.000861e+01
    endloop
  endfacet
  facet normal 0.000000e+00 -1.000000e+00 0.000000e+00
    outer loop
      vertex -1.046537e+01 -9.525001e+00 3.000861e+01
      vertex -1.158439e+01 -9.525001e+00 2.609850e+01
      vertex -1.147020e+01 -9.525001e+00 2.582283e+01
    endloop
  endfacet
  facet normal -0.000000e+00 -1.000000e+00 0.000000e+00
    outer loop
      vertex -1.046537e+01 -9.525001e+00 3.000861e+01
      vertex -1.147020e+01 -9.525001e+00 2.582283e+01
      vertex -9.920303e+00 -9.525001e+00 2.970896e+01
    endloop
  endfacet
  facet normal -0.000000e+00 -1.000000e+00 0.000000e+00
    outer loop
      vertex -9.920303e+00 -9.525001e+00 2.970896e+01
      vertex -1.147020e+01 -9.525001e+00 2.582283e+01
      vertex -9.417093e+00 -9.525001e+00 2.934335e+01
    endloop
  endfacet
  facet normal 0.000000e+00 -1.000000e+00 0.000000e+00
    outer loop
      vertex -9.417093e+00 -9.525001e+00 2.934335e+01
      vertex -1.147020e+01 -9.525001e+00 2.582283e+01
      vertex -1.143125e+01 -9.525001e+00 2.552700e+01
    endloop
  endfacet
  facet normal -0.000000e+00 -1.000000e+00 0.000000e+00
    outer loop
      vertex -9.417093e+00 -9.525001e+00 2.934335e+01
      vertex -1.143125e+01 -9.525001e+00 2.552700e+01
      vertex -8.963672e+00 -9.525001e+00 2.891756e+01
    endloop
  endfacet
  facet normal -0.000000e+00 -1.000000e+00 0.000000e+00
    outer loop
      vertex -8.963672e+00 -9.525001e+00 2.891756e+01
      vertex -1.143125e+01 -9.525001e+00 2.552700e+01
      vertex -8.567193e+00 -9.525001e+00 2.843830e+01
    endloop
  endfacet
  facet normal -0.000000e+00 -1.000000e+00 0.000000e+00
    outer loop
      vertex -8.567193e+00 -9.525001e+00 2.843830e+01
      vertex -1.143125e+01 -9.525001e+00 2.552700e+01
      vertex -8.233906e+00 -9.525001e+00 2.791313e+01
    endloop
  endfacet
  facet normal -0.000000e+00 -1.000000e+00 0.000000e+00
    outer loop
      vertex -8.233906e+00 -9.525001e+00 2.791313e+01
      vertex -1.143125e+01 -9.525001e+00 2.552700e+01
      vertex -7.621253e+00 -9.525001e+00 2.552700e+01
    endloop
  endfacet
  facet normal 0.000000e+00 -1.000000e+00 0.000000e+00
    outer loop
      vertex -8.233906e+00 -9.525001e+00 2.791313e+01
      vertex -7.621253e+00 -9.525001e+00 2.552700e+01
      vertex -7.969071e+00 -9.525001e+00 2.735032e+01
    endloop
  endfacet
  facet normal 0.000000e+00 -1.000000e+00 0.000000e+00
    outer loop
      vertex -7.969071e+00 -9.525001e+00 2.735032e+01
      vertex -7.621253e+00 -9.525001e+00 2.552700e+01
      vertex -7.776862e+00 -9.525001e+00 2.675876e+01
    endloop
  endfacet
  facet normal 0.000000e+00 -1.000000e+00 0.000000e+00
    outer loop
      vertex -7.776862e+00 -9.525001e+00 2.675876e+01
      vertex -7.621253e+00 -9.525001e+00 2.552700e+01
      vertex -7.660309e+00 -9.525001e+00 2.614778e+01
    endloop
  endfacet
  facet normal 0.000000e+00 -1.000000e+00 -0.000000e+00
    outer loop
      vertex -1.143125e+01 -9.525001e+00 2.552700e+01
      vertex -1.147020e+01 -9.525001e+00 2.523117e+01
      vertex -7.621253e+00 -9.525001e+00 2.552700e+01
    endloop
  endfacet
  facet normal 0.000000e+00 -1.000000e+00 0.000000e+00
    outer loop
      vertex -7.621253e+00 -9.525001e+00 2.552700e+01
      vertex -1.147020e+01 -9.525001e+00 2.523117e+01
      vertex -1.158439e+01 -9.525001e+00 2.495550e+01
    endloop
  endfacet
  facet normal 0.000000e+00 -1.000000e+00 0.000000e+00
    outer loop
      vertex -7.621253e+00 -9.525001e+00 2.552700e+01
      vertex -1.158439e+01 -9.525001e+00 2.495550e+01
      vertex -7.621253e+00 -9.525001e+00 1.016000e+01
    endloop
  endfacet
  facet normal 0.000000e+00 -1.000000e+00 0.000000e+00
    outer loop
      vertex -7.621253e+00 -9.525001e+00 1.016000e+01
      vertex -1.158439e+01 -9.525001e+00 2.495550e+01
      vertex -1.176603e+01 -9.525001e+00 2.471878e+01
    endloop
  endfacet
  facet normal 0.000000e+00 -1.000000e+00 0.000000e+00
    outer loop
      vertex -7.621253e+00 -9.525001e+00 1.016000e+01
      vertex -1.176603e+01 -9.525001e+00 2.471878e+01
      vertex -1.200275e+01 -9.525001e+00 2.453713e+01
    endloop
  endfacet
  facet normal -0.000000e+00 -1.000000e+00 0.000000e+00
    outer loop
      vertex -1.200275e+01 -9.525001e+00 2.453713e+01
      vertex -1.227842e+01 -9.525001e+00 2.442295e+01
      vertex -7.621253e+00 -9.525001e+00 1.016000e+01
    endloop
  endfacet
  facet normal 0.000000e+00 -1.000000e+00 0.000000e+00
    outer loop
      vertex -7.621253e+00 -9.525001e+00 1.016000e+01
      vertex -1.227842e+01 -9.525001e+00 2.442295e+01
      vertex -1.257425e+01 -9.525001e+00 2.438400e+01
    endloop
  endfacet
  facet normal 0.000000e+00 -1.000000e+00 0.000000e+00
    outer loop
      vertex -7.621253e+00 -9.525001e+00 1.016000e+01
      vertex -1.257425e+01 -9.525001e+00 2.438400e+01
      vertex -1.752725e+01 -9.525001e+00 1.016000e+01
    endloop
  endfacet
  facet normal 0.000000e+00 -1.000000e+00 0.000000e+00
    outer loop
      vertex -1.752725e+01 -9.525001e+00 1.016000e+01
      vertex -1.257425e+01 -9.525001e+00 2.438400e+01
      vertex -1.287008e+01 -9.525001e+00 2.442295e+01
    endloop
  endfacet
  facet normal 0.000000e+00 -1.000000e+00 0.000000e+00
    outer loop
      vertex -1.752725e+01 -9.525001e+00 1.016000e+01
      vertex -1.287008e+01 -9.525001e+00 2.442295e+01
      vertex -1.314575e+01 -9.525001e+00 2.453713e+01
    endloop
  endfacet
  facet normal 0.000000e+00 -1.000000e+00 0.000000e+00
    outer loop
      vertex -1.314575e+01 -9.525001e+00 2.453713e+01
      vertex -1.338248e+01 -9.525001e+00 2.471878e+01
      vertex -1.752725e+01 -9.525001e+00 1.016000e+01
    endloop
  endfacet
  facet normal 0.000000e+00 -1.000000e+00 0.000000e+00
    outer loop
      vertex -1.752725e+01 -9.525001e+00 1.016000e+01
      vertex -1.338248e+01 -9.525001e+00 2.471878e+01
      vertex -1.356412e+01 -9.525001e+00 2.495550e+01
    endloop
  endfacet
  facet normal 0.000000e+00 -1.000000e+00 0.000000e+00
    outer loop
      vertex -1.752725e+01 -9.525001e+00 1.016000e+01
      vertex -1.356412e+01 -9.525001e+00 2.495550e+01
      vertex -1.752725e+01 -9.525001e+00 2.552700e+01
    endloop
  endfacet
  facet normal 0.000000e+00 -1.000000e+00 0.000000e+00
    outer loop
      vertex -1.752725e+01 -9.525001e+00 2.552700e+01
      vertex -1.356412e+01 -9.525001e+00 2.495550e+01
      vertex -1.367831e+01 -9.525001e+00 2.523117e+01
    endloop
  endfacet
  facet normal 0.000000e+00 -1.000000e+00 0.000000e+00
    outer loop
      vertex -1.752725e+01 -9.525001e+00 2.552700e+01
      vertex -1.367831e+01 -9.525001e+00 2.523117e+01
      vertex -1.371725e+01 -9.525001e+00 2.552700e+01
    endloop
  endfacet
  facet normal 0.000000e+00 -1.000000e+00 0.000000e+00
    outer loop
      vertex -1.752725e+01 -9.525001e+00 2.552700e+01
      vertex -1.371725e+01 -9.525001e+00 2.552700e+01
      vertex -1.737165e+01 -9.525001e+00 2.675876e+01
    endloop
  endfacet
  facet normal 0.000000e+00 -1.000000e+00 0.000000e+00
    outer loop
      vertex -1.737165e+01 -9.525001e+00 2.675876e+01
      vertex -1.371725e+01 -9.525001e+00 2.552700e+01
      vertex -1.367831e+01 -9.525001e+00 2.582283e+01
    endloop
  endfacet
  facet normal 0.000000e+00 -1.000000e+00 0.000000e+00
    outer loop
      vertex -1.737165e+01 -9.525001e+00 2.675876e+01
      vertex -1.367831e+01 -9.525001e+00 2.582283e+01
      vertex -1.356412e+01 -9.525001e+00 2.609850e+01
    endloop
  endfacet
  facet normal 0.000000e+00 -1.000000e+00 0.000000e+00
    outer loop
      vertex -1.356412e+01 -9.525001e+00 2.609850e+01
      vertex -1.338248e+01 -9.525001e+00 2.633522e+01
      vertex -1.737165e+01 -9.525001e+00 2.675876e+01
    endloop
  endfacet
  facet normal 0.000000e+00 -1.000000e+00 0.000000e+00
    outer loop
      vertex -1.737165e+01 -9.525001e+00 2.675876e+01
      vertex -1.338248e+01 -9.525001e+00 2.633522e+01
      vertex -1.314575e+01 -9.525001e+00 2.651687e+01
    endloop
  endfacet
  facet normal 0.000000e+00 -1.000000e+00 0.000000e+00
    outer loop
      vertex -1.737165e+01 -9.525001e+00 2.675876e+01
      vertex -1.314575e+01 -9.525001e+00 2.651687e+01
      vertex -1.287008e+01 -9.525001e+00 2.663105e+01
    endloop
  endfacet
  facet normal -0.000000e+00 -1.000000e+00 0.000000e+00
    outer loop
      vertex -1.410481e+01 -9.525001e+00 3.023758e+01
      vertex -1.468314e+01 -9.525001e+00 3.000861e+01
      vertex -1.287008e+01 -9.525001e+00 2.663105e+01
    endloop
  endfacet
  facet normal 0.000000e+00 -1.000000e+00 0.000000e+00
    outer loop
      vertex -1.287008e+01 -9.525001e+00 2.663105e+01
      vertex -1.468314e+01 -9.525001e+00 3.000861e+01
      vertex -1.522820e+01 -9.525001e+00 2.970896e+01
    endloop
  endfacet
  facet normal 0.000000e+00 -1.000000e+00 0.000000e+00
    outer loop
      vertex -1.287008e+01 -9.525001e+00 2.663105e+01
      vertex -1.522820e+01 -9.525001e+00 2.970896e+01
      vertex -1.573141e+01 -9.525001e+00 2.934335e+01
    endloop
  endfacet
  facet normal -0.000000e+00 -1.000000e+00 0.000000e+00
    outer loop
      vertex -1.573141e+01 -9.525001e+00 2.934335e+01
      vertex -1.618484e+01 -9.525001e+00 2.891756e+01
      vertex -1.287008e+01 -9.525001e+00 2.663105e+01
    endloop
  endfacet
  facet normal 0.000000e+00 -1.000000e+00 0.000000e+00
    outer loop
      vertex -1.287008e+01 -9.525001e+00 2.663105e+01
      vertex -1.618484e+01 -9.525001e+00 2.891756e+01
      vertex -1.658131e+01 -9.525001e+00 2.843830e+01
    endloop
  endfacet
  facet normal 0.000000e+00 -1.000000e+00 0.000000e+00
    outer loop
      vertex -1.287008e+01 -9.525001e+00 2.663105e+01
      vertex -1.658131e+01 -9.525001e+00 2.843830e+01
      vertex -1.691460e+01 -9.525001e+00 2.791313e+01
    endloop
  endfacet
  facet normal -0.000000e+00 -1.000000e+00 0.000000e+00
    outer loop
      vertex -1.691460e+01 -9.525001e+00 2.791313e+01
      vertex -1.717944e+01 -9.525001e+00 2.735032e+01
      vertex -1.287008e+01 -9.525001e+00 2.663105e+01
    endloop
  endfacet
  facet normal 0.000000e+00 -1.000000e+00 0.000000e+00
    outer loop
      vertex -1.287008e+01 -9.525001e+00 2.663105e+01
      vertex -1.717944e+01 -9.525001e+00 2.735032e+01
      vertex -1.737165e+01 -9.525001e+00 2.675876e+01
    endloop
  endfacet
  facet normal 0.000000e+00 -1.000000e+00 0.000000e+00
    outer loop
      vertex -1.737165e+01 -9.525001e+00 2.675876e+01
      vertex -1.748820e+01 -9.525001e+00 2.614778e+01
      vertex -1.752725e+01 -9.525001e+00 2.552700e+01
    endloop
  endfacet
  facet normal 6.279052e-02 9.980267e-01 4.006793e-17
    outer loop
      vertex -1.181395e+01 5.120056e+00 8.881784e-16
      vertex -1.181395e+01 5.120056e+00 6.350000e+00
      vertex -1.117725e+01 5.080000e+00 8.881784e-16
    endloop
  endfacet
  facet normal 6.279052e-02 9.980267e-01 -3.844810e-18
    outer loop
      vertex -1.117725e+01 5.080000e+00 8.881784e-16
      vertex -1.181395e+01 5.120056e+00 6.350000e+00
      vertex -1.117725e+01 5.080000e+00 6.350000e+00
    endloop
  endfacet
  facet normal -6.279052e-02 9.980267e-01 3.844810e-18
    outer loop
      vertex -1.117725e+01 5.080000e+00 8.881784e-16
      vertex -1.117725e+01 5.080000e+00 6.350000e+00
      vertex -1.054056e+01 5.120056e+00 8.881784e-16
    endloop
  endfacet
  facet normal -6.279052e-02 9.980267e-01 -4.006793e-17
    outer loop
      vertex -1.054056e+01 5.120056e+00 8.881784e-16
      vertex -1.117725e+01 5.080000e+00 6.350000e+00
      vertex -1.054056e+01 5.120056e+00 6.350000e+00
    endloop
  endfacet
  facet normal -1.873813e-01 9.822872e-01 -1.195719e-16
    outer loop
      vertex -1.054056e+01 5.120056e+00 8.881784e-16
      vertex -1.054056e+01 5.120056e+00 6.350000e+00
      vertex -9.913909e+00 5.239597e+00 0.000000e+00
    endloop
  endfacet
  facet normal -1.873813e-01 9.822872e-01 -6.715363e-17
    outer loop
      vertex -9.913909e+00 5.239597e+00 0.000000e+00
      vertex -1.054056e+01 5.120056e+00 6.350000e+00
      vertex -9.913909e+00 5.239597e+00 6.350000e+00
    endloop
  endfacet
  facet normal -3.090170e-01 9.510565e-01 -1.107454e-16
    outer loop
      vertex -9.913909e+00 5.239597e+00 0.000000e+00
      vertex -9.913909e+00 5.239597e+00 6.350000e+00
      vertex -9.307181e+00 5.436735e+00 0.000000e+00
    endloop
  endfacet
  facet normal -3.090170e-01 9.510565e-01 -6.752296e-17
    outer loop
      vertex -9.307181e+00 5.436735e+00 0.000000e+00
      vertex -9.913909e+00 5.239597e+00 6.350000e+00
      vertex -9.307181e+00 5.436735e+00 6.350000e+00
    endloop
  endfacet
  facet normal -4.257793e-01 9.048271e-01 -9.303656e-17
    outer loop
      vertex -9.307181e+00 5.436735e+00 0.000000e+00
      vertex -9.307181e+00 5.436735e+00 6.350000e+00
      vertex -8.729945e+00 5.708361e+00 0.000000e+00
    endloop
  endfacet
  facet normal -4.257793e-01 9.048271e-01 2.607146e-17
    outer loop
      vertex -8.729945e+00 5.708361e+00 0.000000e+00
      vertex -9.307181e+00 5.436735e+00 6.350000e+00
      vertex -8.729945e+00 5.708361e+00 6.350000e+00
    endloop
  endfacet
  facet normal -5.358268e-01 8.443279e-01 3.280993e-17
    outer loop
      vertex -8.729945e+00 5.708361e+00 0.000000e+00
      vertex -8.729945e+00 5.708361e+00 6.350000e+00
      vertex -8.191305e+00 6.050194e+00 0.000000e+00
    endloop
  endfacet
  facet normal -5.358268e-01 8.443279e-01 -4.168686e-16
    outer loop
      vertex -8.191305e+00 6.050194e+00 0.000000e+00
      vertex -8.729945e+00 5.708361e+00 6.350000e+00
      vertex -8.191305e+00 6.050194e+00 6.350000e+00
    endloop
  endfacet
  facet normal -6.374240e-01 7.705132e-01 -4.959104e-16
    outer loop
      vertex -8.191305e+00 6.050194e+00 0.000000e+00
      vertex -8.191305e+00 6.050194e+00 6.350000e+00
      vertex -7.699754e+00 6.456839e+00 0.000000e+00
    endloop
  endfacet
  facet normal -6.374240e-01 7.705132e-01 1.134921e-16
    outer loop
      vertex -7.699754e+00 6.456839e+00 0.000000e+00
      vertex -8.191305e+00 6.050194e+00 6.350000e+00
      vertex -7.699754e+00 6.456839e+00 6.350000e+00
    endloop
  endfacet
  facet normal -7.289686e-01 6.845471e-01 1.978339e-17
    outer loop
      vertex -7.699754e+00 6.456839e+00 0.000000e+00
      vertex -7.699754e+00 6.456839e+00 6.350000e+00
      vertex -7.263047e+00 6.921886e+00 0.000000e+00
    endloop
  endfacet
  facet normal -7.289686e-01 6.845471e-01 2.237060e-16
    outer loop
      vertex -7.263047e+00 6.921886e+00 0.000000e+00
      vertex -7.699754e+00 6.456839e+00 6.350000e+00
      vertex -7.263047e+00 6.921886e+00 6.350000e+00
    endloop
  endfacet
  facet normal -8.090170e-01 5.877852e-01 1.520781e-16
    outer loop
      vertex -7.263047e+00 6.921886e+00 0.000000e+00
      vertex -7.263047e+00 6.921886e+00 6.350000e+00
      vertex -6.888068e+00 7.438000e+00 0.000000e+00
    endloop
  endfacet
  facet normal -8.090170e-01 5.877852e-01 -7.423728e-17
    outer loop
      vertex -6.888068e+00 7.438000e+00 0.000000e+00
      vertex -7.263047e+00 6.921886e+00 6.350000e+00
      vertex -6.888068e+00 7.438000e+00 6.350000e+00
    endloop
  endfacet
  facet normal -8.763067e-01 4.817537e-01 -1.670872e-16
    outer loop
      vertex -6.888068e+00 7.438000e+00 0.000000e+00
      vertex -6.888068e+00 7.438000e+00 6.350000e+00
      vertex -6.580732e+00 7.997040e+00 0.000000e+00
    endloop
  endfacet
  facet normal -8.763067e-01 4.817537e-01 5.365831e-17
    outer loop
      vertex -6.580732e+00 7.997040e+00 0.000000e+00
      vertex -6.888068e+00 7.438000e+00 6.350000e+00
      vertex -6.580732e+00 7.997040e+00 6.350000e+00
    endloop
  endfacet
  facet normal -9.297765e-01 3.681245e-01 5.693239e-17
    outer loop
      vertex -6.580732e+00 7.997040e+00 0.000000e+00
      vertex -6.580732e+00 7.997040e+00 6.350000e+00
      vertex -6.345887e+00 8.590193e+00 0.000000e+00
    endloop
  endfacet
  facet normal -9.297765e-01 3.681245e-01 5.693239e-17
    outer loop
      vertex -6.345887e+00 8.590193e+00 0.000000e+00
      vertex -6.580732e+00 7.997040e+00 6.350000e+00
      vertex -6.345887e+00 8.590193e+00 6.350000e+00
    endloop
  endfacet
  facet normal -9.685832e-01 2.486899e-01 5.930861e-17
    outer loop
      vertex -6.345887e+00 8.590193e+00 0.000000e+00
      vertex -6.345887e+00 8.590193e+00 6.350000e+00
      vertex -6.187234e+00 9.208103e+00 0.000000e+00
    endloop
  endfacet
  facet normal -9.685832e-01 2.486899e-01 6.663123e-17
    outer loop
      vertex -6.187234e+00 9.208103e+00 0.000000e+00
      vertex -6.345887e+00 8.590193e+00 6.350000e+00
      vertex -6.187234e+00 9.208103e+00 6.350000e+00
    endloop
  endfacet
  facet normal -9.921147e-01 1.253332e-01 -7.654238e-17
    outer loop
      vertex -6.187234e+00 9.208103e+00 0.000000e+00
      vertex -6.187234e+00 9.208103e+00 6.350000e+00
      vertex -6.107277e+00 9.841022e+00 0.000000e+00
    endloop
  endfacet
  facet normal -9.921147e-01 1.253332e-01 2.009930e-16
    outer loop
      vertex -6.107277e+00 9.841022e+00 0.000000e+00
      vertex -6.187234e+00 9.208103e+00 6.350000e+00
      vertex -6.107277e+00 9.841022e+00 6.350000e+00
    endloop
  endfacet
  facet normal -1.000000e+00 0.000000e+00 6.123234e-17
    outer loop
      vertex -6.107277e+00 9.841022e+00 0.000000e+00
      vertex -6.107277e+00 9.841022e+00 6.350000e+00
      vertex -6.107277e+00 1.047897e+01 0.000000e+00
    endloop
  endfacet
  facet normal -1.000000e+00 0.000000e+00 6.123234e-17
    outer loop
      vertex -6.107277e+00 1.047897e+01 0.000000e+00
      vertex -6.107277e+00 9.841022e+00 6.350000e+00
      vertex -6.107277e+00 1.047897e+01 6.350000e+00
    endloop
  endfacet
  facet normal -9.921147e-01 -1.253332e-01 6.074951e-17
    outer loop
      vertex -6.107277e+00 1.047897e+01 0.000000e+00
      vertex -6.107277e+00 1.047897e+01 6.350000e+00
      vertex -6.187234e+00 1.111190e+01 0.000000e+00
    endloop
  endfacet
  facet normal -9.921147e-01 -1.253332e-01 3.382849e-16
    outer loop
      vertex -6.187234e+00 1.111190e+01 0.000000e+00
      vertex -6.107277e+00 1.047897e+01 6.350000e+00
      vertex -6.187234e+00 1.111190e+01 6.350000e+00
    endloop
  endfacet
  facet normal -9.685832e-01 -2.486899e-01 3.302613e-16
    outer loop
      vertex -6.187234e+00 1.111190e+01 0.000000e+00
      vertex -6.187234e+00 1.111190e+01 6.350000e+00
      vertex -6.345887e+00 1.172980e+01 0.000000e+00
    endloop
  endfacet
  facet normal -9.685832e-01 -2.486899e-01 5.930861e-17
    outer loop
      vertex -6.345887e+00 1.172980e+01 0.000000e+00
      vertex -6.187234e+00 1.111190e+01 6.350000e+00
      vertex -6.345887e+00 1.172980e+01 6.350000e+00
    endloop
  endfacet
  facet normal -9.297765e-01 -3.681245e-01 5.693239e-17
    outer loop
      vertex -6.345887e+00 1.172980e+01 0.000000e+00
      vertex -6.345887e+00 1.172980e+01 6.350000e+00
      vertex -6.580732e+00 1.232296e+01 0.000000e+00
    endloop
  endfacet
  facet normal -9.297765e-01 -3.681245e-01 -3.549861e-16
    outer loop
      vertex -6.580732e+00 1.232296e+01 0.000000e+00
      vertex -6.345887e+00 1.172980e+01 6.350000e+00
      vertex -6.580732e+00 1.232296e+01 6.350000e+00
    endloop
  endfacet
  facet normal -8.763067e-01 -4.817537e-01 -4.854072e-16
    outer loop
      vertex -6.580732e+00 1.232296e+01 0.000000e+00
      vertex -6.580732e+00 1.232296e+01 6.350000e+00
      vertex -6.888068e+00 1.288200e+01 0.000000e+00
    endloop
  endfacet
  facet normal -8.763067e-01 -4.817537e-01 4.871062e-18
    outer loop
      vertex -6.888068e+00 1.288200e+01 0.000000e+00
      vertex -6.580732e+00 1.232296e+01 6.350000e+00
      vertex -6.888068e+00 1.288200e+01 6.350000e+00
    endloop
  endfacet
  facet normal -8.090170e-01 -5.877852e-01 -1.555423e-16
    outer loop
      vertex -6.888068e+00 1.288200e+01 0.000000e+00
      vertex -6.888068e+00 1.288200e+01 6.350000e+00
      vertex -7.263047e+00 1.339811e+01 0.000000e+00
    endloop
  endfacet
  facet normal -8.090170e-01 -5.877852e-01 -3.818577e-16
    outer loop
      vertex -7.263047e+00 1.339811e+01 0.000000e+00
      vertex -6.888068e+00 1.288200e+01 6.350000e+00
      vertex -7.263047e+00 1.339811e+01 6.350000e+00
    endloop
  endfacet
  facet normal -7.289686e-01 -6.845471e-01 -5.174252e-16
    outer loop
      vertex -7.263047e+00 1.339811e+01 0.000000e+00
      vertex -7.263047e+00 1.339811e+01 6.350000e+00
      vertex -7.699754e+00 1.386316e+01 0.000000e+00
    endloop
  endfacet
  facet normal -7.289686e-01 -6.845471e-01 4.524816e-16
    outer loop
      vertex -7.699754e+00 1.386316e+01 0.000000e+00
      vertex -7.263047e+00 1.339811e+01 6.350000e+00
      vertex -7.699754e+00 1.386316e+01 6.350000e+00
    endloop
  endfacet
  facet normal -6.374240e-01 -7.705132e-01 3.956585e-16
    outer loop
      vertex -7.699754e+00 1.386316e+01 0.000000e+00
      vertex -7.699754e+00 1.386316e+01 6.350000e+00
      vertex -8.191305e+00 1.426981e+01 0.000000e+00
    endloop
  endfacet
  facet normal -6.374240e-01 -7.705132e-01 2.173447e-16
    outer loop
      vertex -8.191305e+00 1.426981e+01 0.000000e+00
      vertex -7.699754e+00 1.386316e+01 6.350000e+00
      vertex -8.191305e+00 1.426981e+01 6.350000e+00
    endloop
  endfacet
  facet normal -5.358268e-01 -8.443279e-01 1.827028e-16
    outer loop
      vertex -8.191305e+00 1.426981e+01 0.000000e+00
      vertex -8.191305e+00 1.426981e+01 6.350000e+00
      vertex -8.729945e+00 1.461164e+01 0.000000e+00
    endloop
  endfacet
  facet normal -5.358268e-01 -8.443279e-01 -7.620706e-16
    outer loop
      vertex -8.729945e+00 1.461164e+01 0.000000e+00
      vertex -8.191305e+00 1.426981e+01 6.350000e+00
      vertex -8.729945e+00 1.461164e+01 6.350000e+00
    endloop
  endfacet
  facet normal -4.257793e-01 -9.048271e-01 -8.672903e-16
    outer loop
      vertex -8.729945e+00 1.461164e+01 0.000000e+00
      vertex -8.729945e+00 1.461164e+01 6.350000e+00
      vertex -9.307181e+00 1.488326e+01 0.000000e+00
    endloop
  endfacet
  facet normal -4.257793e-01 -9.048271e-01 2.642875e-16
    outer loop
      vertex -9.307181e+00 1.488326e+01 0.000000e+00
      vertex -8.729945e+00 1.461164e+01 6.350000e+00
      vertex -9.307181e+00 1.488326e+01 6.350000e+00
    endloop
  endfacet
  facet normal -3.090170e-01 -9.510565e-01 1.918114e-16
    outer loop
      vertex -9.307181e+00 1.488326e+01 0.000000e+00
      vertex -9.307181e+00 1.488326e+01 6.350000e+00
      vertex -9.913909e+00 1.508040e+01 0.000000e+00
    endloop
  endfacet
  facet normal -3.090170e-01 -9.510565e-01 1.485890e-16
    outer loop
      vertex -9.913909e+00 1.508040e+01 0.000000e+00
      vertex -9.307181e+00 1.488326e+01 6.350000e+00
      vertex -9.913909e+00 1.508040e+01 6.350000e+00
    endloop
  endfacet
  facet normal -1.873813e-01 -9.822872e-01 9.010122e-17
    outer loop
      vertex -9.913909e+00 1.508040e+01 0.000000e+00
      vertex -9.913909e+00 1.508040e+01 6.350000e+00
      vertex -1.054056e+01 1.519994e+01 8.881784e-16
    endloop
  endfacet
  facet normal -1.873813e-01 -9.822872e-01 9.010122e-17
    outer loop
      vertex -1.054056e+01 1.519994e+01 8.881784e-16
      vertex -9.913909e+00 1.508040e+01 6.350000e+00
      vertex -1.054056e+01 1.519994e+01 6.350000e+00
    endloop
  endfacet
  facet normal -6.279052e-02 -9.980267e-01 3.019246e-17
    outer loop
      vertex -1.054056e+01 1.519994e+01 8.881784e-16
      vertex -1.054056e+01 1.519994e+01 6.350000e+00
      vertex -1.117725e+01 1.524000e+01 8.881784e-16
    endloop
  endfacet
  facet normal -6.279052e-02 -9.980267e-01 4.775755e-17
    outer loop
      vertex -1.117725e+01 1.524000e+01 8.881784e-16
      vertex -1.054056e+01 1.519994e+01 6.350000e+00
      vertex -1.117725e+01 1.524000e+01 6.350000e+00
    endloop
  endfacet
  facet normal 6.279052e-02 -9.980267e-01 -4.775755e-17
    outer loop
      vertex -1.117725e+01 1.524000e+01 8.881784e-16
      vertex -1.117725e+01 1.524000e+01 6.350000e+00
      vertex -1.181395e+01 1.519994e+01 8.881784e-16
    endloop
  endfacet
  facet normal 6.279052e-02 -9.980267e-01 -2.140991e-17
    outer loop
      vertex -1.181395e+01 1.519994e+01 8.881784e-16
      vertex -1.117725e+01 1.524000e+01 6.350000e+00
      vertex -1.181395e+01 1.519994e+01 6.350000e+00
    endloop
  endfacet
  facet normal 1.873813e-01 -9.822872e-01 -6.389208e-17
    outer loop
      vertex -1.181395e+01 1.519994e+01 8.881784e-16
      vertex -1.181395e+01 1.519994e+01 6.350000e+00
      vertex -1.244060e+01 1.508040e+01 8.881784e-16
    endloop
  endfacet
  facet normal 1.873813e-01 -9.822872e-01 -6.389208e-17
    outer loop
      vertex -1.244060e+01 1.508040e+01 8.881784e-16
      vertex -1.181395e+01 1.519994e+01 6.350000e+00
      vertex -1.244060e+01 1.508040e+01 6.350000e+00
    endloop
  endfacet
  facet normal 3.090170e-01 -9.510565e-01 -1.053666e-16
    outer loop
      vertex -1.244060e+01 1.508040e+01 8.881784e-16
      vertex -1.244060e+01 1.508040e+01 6.350000e+00
      vertex -1.304733e+01 1.488326e+01 8.881784e-16
    endloop
  endfacet
  facet normal 3.090170e-01 -9.510565e-01 -2.350338e-16
    outer loop
      vertex -1.304733e+01 1.488326e+01 8.881784e-16
      vertex -1.244060e+01 1.508040e+01 6.350000e+00
      vertex -1.304733e+01 1.488326e+01 6.350000e+00
    endloop
  endfacet
  facet normal 4.257793e-01 -9.048271e-01 -3.238415e-16
    outer loop
      vertex -1.304733e+01 1.488326e+01 8.881784e-16
      vertex -1.304733e+01 1.488326e+01 6.350000e+00
      vertex -1.362456e+01 1.461164e+01 8.881784e-16
    endloop
  endfacet
  facet normal 4.257793e-01 -9.048271e-01 8.672903e-16
    outer loop
      vertex -1.362456e+01 1.461164e+01 8.881784e-16
      vertex -1.304733e+01 1.488326e+01 6.350000e+00
      vertex -1.362456e+01 1.461164e+01 6.350000e+00
    endloop
  endfacet
  facet normal 5.358268e-01 -8.443279e-01 7.620706e-16
    outer loop
      vertex -1.362456e+01 1.461164e+01 8.881784e-16
      vertex -1.362456e+01 1.461164e+01 6.350000e+00
      vertex -1.416320e+01 1.426981e+01 8.881784e-16
    endloop
  endfacet
  facet normal 5.358268e-01 -8.443279e-01 -1.827028e-16
    outer loop
      vertex -1.416320e+01 1.426981e+01 8.881784e-16
      vertex -1.362456e+01 1.461164e+01 6.350000e+00
      vertex -1.416320e+01 1.426981e+01 6.350000e+00
    endloop
  endfacet
  facet normal 6.374240e-01 -7.705132e-01 -2.173447e-16
    outer loop
      vertex -1.416320e+01 1.426981e+01 8.881784e-16
      vertex -1.416320e+01 1.426981e+01 6.350000e+00
      vertex -1.465475e+01 1.386316e+01 8.881784e-16
    endloop
  endfacet
  facet normal 6.374240e-01 -7.705132e-01 -2.173447e-16
    outer loop
      vertex -1.465475e+01 1.386316e+01 8.881784e-16
      vertex -1.416320e+01 1.426981e+01 6.350000e+00
      vertex -1.465475e+01 1.386316e+01 6.350000e+00
    endloop
  endfacet
  facet normal 7.289686e-01 -6.845471e-01 -2.485590e-16
    outer loop
      vertex -1.465475e+01 1.386316e+01 8.881784e-16
      vertex -1.465475e+01 1.386316e+01 6.350000e+00
      vertex -1.509146e+01 1.339811e+01 8.881784e-16
    endloop
  endfacet
  facet normal 7.289686e-01 -6.845471e-01 5.174252e-16
    outer loop
      vertex -1.509146e+01 1.339811e+01 8.881784e-16
      vertex -1.465475e+01 1.386316e+01 6.350000e+00
      vertex -1.509146e+01 1.339811e+01 6.350000e+00
    endloop
  endfacet
  facet normal 8.090170e-01 -5.877852e-01 3.818577e-16
    outer loop
      vertex -1.509146e+01 1.339811e+01 8.881784e-16
      vertex -1.509146e+01 1.339811e+01 6.350000e+00
      vertex -1.546644e+01 1.288200e+01 8.881784e-16
    endloop
  endfacet
  facet normal 8.090170e-01 -5.877852e-01 2.687000e-16
    outer loop
      vertex -1.546644e+01 1.288200e+01 8.881784e-16
      vertex -1.509146e+01 1.339811e+01 6.350000e+00
      vertex -1.546644e+01 1.288200e+01 6.350000e+00
    endloop
  endfacet
  facet normal 8.763067e-01 -4.817537e-01 1.176985e-16
    outer loop
      vertex -1.546644e+01 1.288200e+01 8.881784e-16
      vertex -1.546644e+01 1.288200e+01 6.350000e+00
      vertex -1.577378e+01 1.232296e+01 8.881784e-16
    endloop
  endfacet
  facet normal 8.763067e-01 -4.817537e-01 2.709104e-16
    outer loop
      vertex -1.577378e+01 1.232296e+01 8.881784e-16
      vertex -1.546644e+01 1.288200e+01 6.350000e+00
      vertex -1.577378e+01 1.232296e+01 6.350000e+00
    endloop
  endfacet
  facet normal 9.297765e-01 -3.681245e-01 1.274014e-16
    outer loop
      vertex -1.577378e+01 1.232296e+01 8.881784e-16
      vertex -1.577378e+01 1.232296e+01 6.350000e+00
      vertex -1.600862e+01 1.172980e+01 8.881784e-16
    endloop
  endfacet
  facet normal 9.297765e-01 -3.681245e-01 -5.693239e-17
    outer loop
      vertex -1.600862e+01 1.172980e+01 8.881784e-16
      vertex -1.577378e+01 1.232296e+01 6.350000e+00
      vertex -1.600862e+01 1.172980e+01 6.350000e+00
    endloop
  endfacet
  facet normal 9.685832e-01 -2.486899e-01 -5.930861e-17
    outer loop
      vertex -1.600862e+01 1.172980e+01 8.881784e-16
      vertex -1.600862e+01 1.172980e+01 6.350000e+00
      vertex -1.616727e+01 1.111190e+01 8.881784e-16
    endloop
  endfacet
  facet normal 9.685832e-01 -2.486899e-01 -1.609159e-16
    outer loop
      vertex -1.616727e+01 1.111190e+01 8.881784e-16
      vertex -1.600862e+01 1.172980e+01 6.350000e+00
      vertex -1.616727e+01 1.111190e+01 6.350000e+00
    endloop
  endfacet
  facet normal 9.921147e-01 -1.253332e-01 -1.648253e-16
    outer loop
      vertex -1.616727e+01 1.111190e+01 8.881784e-16
      vertex -1.616727e+01 1.111190e+01 6.350000e+00
      vertex -1.624723e+01 1.047897e+01 8.881784e-16
    endloop
  endfacet
  facet normal 9.921147e-01 -1.253332e-01 -6.074951e-17
    outer loop
      vertex -1.624723e+01 1.047897e+01 8.881784e-16
      vertex -1.616727e+01 1.111190e+01 6.350000e+00
      vertex -1.624723e+01 1.047897e+01 6.350000e+00
    endloop
  endfacet
  facet normal 1.000000e+00 0.000000e+00 -6.123234e-17
    outer loop
      vertex -1.624723e+01 1.047897e+01 8.881784e-16
      vertex -1.624723e+01 1.047897e+01 6.350000e+00
      vertex -1.624723e+01 9.841022e+00 8.881784e-16
    endloop
  endfacet
  facet normal 1.000000e+00 0.000000e+00 -6.123234e-17
    outer loop
      vertex -1.624723e+01 9.841022e+00 8.881784e-16
      vertex -1.624723e+01 1.047897e+01 6.350000e+00
      vertex -1.624723e+01 9.841022e+00 6.350000e+00
    endloop
  endfacet
  facet normal 9.921147e-01 1.253332e-01 -2.009930e-16
    outer loop
      vertex -1.624723e+01 9.841022e+00 8.881784e-16
      vertex -1.624723e+01 9.841022e+00 6.350000e+00
      vertex -1.616727e+01 9.208103e+00 8.881784e-16
    endloop
  endfacet
  facet normal 9.921147e-01 1.253332e-01 -9.691723e-17
    outer loop
      vertex -1.616727e+01 9.208103e+00 8.881784e-16
      vertex -1.624723e+01 9.841022e+00 6.350000e+00
      vertex -1.616727e+01 9.208103e+00 6.350000e+00
    endloop
  endfacet
  facet normal 9.685832e-01 2.486899e-01 -2.359766e-16
    outer loop
      vertex -1.616727e+01 9.208103e+00 8.881784e-16
      vertex -1.616727e+01 9.208103e+00 6.350000e+00
      vertex -1.600862e+01 8.590193e+00 8.881784e-16
    endloop
  endfacet
  facet normal 9.685832e-01 2.486899e-01 -5.930861e-17
    outer loop
      vertex -1.600862e+01 8.590193e+00 8.881784e-16
      vertex -1.616727e+01 9.208103e+00 6.350000e+00
      vertex -1.600862e+01 8.590193e+00 6.350000e+00
    endloop
  endfacet
  facet normal 9.297765e-01 3.681245e-01 -5.693239e-17
    outer loop
      vertex -1.600862e+01 8.590193e+00 8.881784e-16
      vertex -1.600862e+01 8.590193e+00 6.350000e+00
      vertex -1.577378e+01 7.997040e+00 8.881784e-16
    endloop
  endfacet
  facet normal 9.297765e-01 3.681245e-01 -5.693239e-17
    outer loop
      vertex -1.577378e+01 7.997040e+00 8.881784e-16
      vertex -1.600862e+01 8.590193e+00 6.350000e+00
      vertex -1.577378e+01 7.997040e+00 6.350000e+00
    endloop
  endfacet
  facet normal 8.763067e-01 4.817537e-01 -5.365831e-17
    outer loop
      vertex -1.577378e+01 7.997040e+00 8.881784e-16
      vertex -1.577378e+01 7.997040e+00 6.350000e+00
      vertex -1.546644e+01 7.438000e+00 8.881784e-16
    endloop
  endfacet
  facet normal 8.763067e-01 4.817537e-01 -1.393367e-16
    outer loop
      vertex -1.546644e+01 7.438000e+00 8.881784e-16
      vertex -1.577378e+01 7.997040e+00 6.350000e+00
      vertex -1.546644e+01 7.438000e+00 6.350000e+00
    endloop
  endfacet
  facet normal 8.090170e-01 5.877852e-01 -2.086570e-16
    outer loop
      vertex -1.546644e+01 7.438000e+00 8.881784e-16
      vertex -1.546644e+01 7.438000e+00 6.350000e+00
      vertex -1.509146e+01 6.921886e+00 8.881784e-16
    endloop
  endfacet
  facet normal 8.090170e-01 5.877852e-01 -3.892043e-17
    outer loop
      vertex -1.509146e+01 6.921886e+00 8.881784e-16
      vertex -1.546644e+01 7.438000e+00 6.350000e+00
      vertex -1.509146e+01 6.921886e+00 6.350000e+00
    endloop
  endfacet
  facet normal 7.289686e-01 6.845471e-01 -1.217447e-16
    outer loop
      vertex -1.509146e+01 6.921886e+00 8.881784e-16
      vertex -1.509146e+01 6.921886e+00 6.350000e+00
      vertex -1.465475e+01 6.456839e+00 8.881784e-16
    endloop
  endfacet
  facet normal 7.289686e-01 6.845471e-01 -7.076404e-17
    outer loop
      vertex -1.465475e+01 6.456839e+00 8.881784e-16
      vertex -1.509146e+01 6.921886e+00 6.350000e+00
      vertex -1.465475e+01 6.456839e+00 6.350000e+00
    endloop
  endfacet
  facet normal 6.374240e-01 7.705132e-01 -1.580705e-16
    outer loop
      vertex -1.465475e+01 6.456839e+00 8.881784e-16
      vertex -1.465475e+01 6.456839e+00 6.350000e+00
      vertex -1.416320e+01 6.050194e+00 8.881784e-16
    endloop
  endfacet
  facet normal 6.374240e-01 7.705132e-01 3.621750e-16
    outer loop
      vertex -1.416320e+01 6.050194e+00 8.881784e-16
      vertex -1.465475e+01 6.456839e+00 6.350000e+00
      vertex -1.416320e+01 6.050194e+00 6.350000e+00
    endloop
  endfacet
  facet normal 5.358268e-01 8.443279e-01 3.044490e-16
    outer loop
      vertex -1.416320e+01 6.050194e+00 8.881784e-16
      vertex -1.416320e+01 6.050194e+00 6.350000e+00
      vertex -1.362456e+01 5.708361e+00 8.881784e-16
    endloop
  endfacet
  facet normal 5.358268e-01 8.443279e-01 -3.280993e-17
    outer loop
      vertex -1.362456e+01 5.708361e+00 8.881784e-16
      vertex -1.416320e+01 6.050194e+00 6.350000e+00
      vertex -1.362456e+01 5.708361e+00 6.350000e+00
    endloop
  endfacet
  facet normal 4.257793e-01 9.048271e-01 -2.607146e-17
    outer loop
      vertex -1.362456e+01 5.708361e+00 8.881784e-16
      vertex -1.362456e+01 5.708361e+00 6.350000e+00
      vertex -1.304733e+01 5.436735e+00 8.881784e-16
    endloop
  endfacet
  facet normal 4.257793e-01 9.048271e-01 9.303656e-17
    outer loop
      vertex -1.304733e+01 5.436735e+00 8.881784e-16
      vertex -1.362456e+01 5.708361e+00 6.350000e+00
      vertex -1.304733e+01 5.436735e+00 6.350000e+00
    endloop
  endfacet
  facet normal 3.090170e-01 9.510565e-01 6.752296e-17
    outer loop
      vertex -1.304733e+01 5.436735e+00 8.881784e-16
      vertex -1.304733e+01 5.436735e+00 6.350000e+00
      vertex -1.244060e+01 5.239597e+00 8.881784e-16
    endloop
  endfacet
  facet normal 3.090170e-01 9.510565e-01 6.752296e-17
    outer loop
      vertex -1.244060e+01 5.239597e+00 8.881784e-16
      vertex -1.304733e+01 5.436735e+00 6.350000e+00
      vertex -1.244060e+01 5.239597e+00 6.350000e+00
    endloop
  endfacet
  facet normal 1.873813e-01 9.822872e-01 4.094448e-17
    outer loop
      vertex -1.244060e+01 5.239597e+00 8.881784e-16
      vertex -1.244060e+01 5.239597e+00 6.350000e+00
      vertex -1.181395e+01 5.120056e+00 8.881784e-16
    endloop
  endfacet
  facet normal 1.873813e-01 9.822872e-01 1.195719e-16
    outer loop
      vertex -1.181395e+01 5.120056e+00 8.881784e-16
      vertex -1.244060e+01 5.239597e+00 6.350000e+00
      vertex -1.181395e+01 5.120056e+00 6.350000e+00
    endloop
  endfacet
  facet normal 5.508772e-02 -9.984807e-01 -1.224444e-03
    outer loop
      vertex -1.045076e+01 3.596081e+00 8.881784e-16
      vertex -1.098580e+01 3.558775e+00 6.350000e+00
      vertex -1.117725e+01 3.556000e+00 8.881784e-16
    endloop
  endfacet
  facet normal -2.606664e-02 -9.996594e-01 1.222898e-03
    outer loop
      vertex -1.117725e+01 3.556000e+00 8.881784e-16
      vertex -1.098580e+01 3.558775e+00 6.350000e+00
      vertex -1.171247e+01 3.577724e+00 6.350000e+00
    endloop
  endfacet
  facet normal -5.508772e-02 -9.984807e-01 -1.227227e-03
    outer loop
      vertex -1.117725e+01 3.556000e+00 8.881784e-16
      vertex -1.171247e+01 3.577724e+00 6.350000e+00
      vertex -1.190375e+01 3.596081e+00 8.881784e-16
    endloop
  endfacet
  facet normal -1.357775e-01 -9.907386e-01 1.225675e-03
    outer loop
      vertex -1.190375e+01 3.596081e+00 8.881784e-16
      vertex -1.171247e+01 3.577724e+00 6.350000e+00
      vertex -1.243267e+01 3.676424e+00 6.350000e+00
    endloop
  endfacet
  facet normal -1.645945e-01 -9.863605e-01 -1.229998e-03
    outer loop
      vertex -1.190375e+01 3.596081e+00 8.881784e-16
      vertex -1.243267e+01 3.676424e+00 6.350000e+00
      vertex -1.262142e+01 3.715839e+00 8.881784e-16
    endloop
  endfacet
  facet normal -2.438433e-01 -9.698139e-01 1.228441e-03
    outer loop
      vertex -1.262142e+01 3.715839e+00 8.881784e-16
      vertex -1.243267e+01 3.676424e+00 6.350000e+00
      vertex -1.313765e+01 3.853678e+00 6.350000e+00
    endloop
  endfacet
  facet normal -2.721033e-01 -9.622673e-01 -1.232759e-03
    outer loop
      vertex -1.262142e+01 3.715839e+00 8.881784e-16
      vertex -1.313765e+01 3.853678e+00 6.350000e+00
      vertex -1.332157e+01 3.913822e+00 8.881784e-16
    endloop
  endfacet
  facet normal -3.489546e-01 -9.371388e-01 1.231196e-03
    outer loop
      vertex -1.332157e+01 3.913822e+00 8.881784e-16
      vertex -1.313765e+01 3.853678e+00 6.350000e+00
      vertex -1.381887e+01 4.107342e+00 6.350000e+00
    endloop
  endfacet
  facet normal -3.763091e-01 -9.264933e-01 -1.235508e-03
    outer loop
      vertex -1.332157e+01 3.913822e+00 8.881784e-16
      vertex -1.381887e+01 4.107342e+00 6.350000e+00
      vertex -1.399569e+01 4.187624e+00 8.881784e-16
    endloop
  endfacet
  facet normal -4.498380e-01 -8.931093e-01 1.233940e-03
    outer loop
      vertex -1.399569e+01 4.187624e+00 8.881784e-16
      vertex -1.381887e+01 4.107342e+00 6.350000e+00
      vertex -1.446809e+01 4.434340e+00 6.350000e+00
    endloop
  endfacet
  facet normal -4.759470e-01 -8.794731e-01 -1.238247e-03
    outer loop
      vertex -1.399569e+01 4.187624e+00 8.881784e-16
      vertex -1.446809e+01 4.434340e+00 6.350000e+00
      vertex -1.463559e+01 4.533924e+00 8.881784e-16
    endloop
  endfacet
  facet normal -5.452712e-01 -8.382588e-01 1.236673e-03
    outer loop
      vertex -1.463559e+01 4.533924e+00 8.881784e-16
      vertex -1.446809e+01 4.434340e+00 6.350000e+00
      vertex -1.507744e+01 4.830709e+00 6.350000e+00
    endloop
  endfacet
  facet normal -5.698076e-01 -8.217772e-01 -1.240974e-03
    outer loop
      vertex -1.463559e+01 4.533924e+00 8.881784e-16
      vertex -1.507744e+01 4.830709e+00 6.350000e+00
      vertex -1.523351e+01 4.948515e+00 8.881784e-16
    endloop
  endfacet
  facet normal -6.340977e-01 -7.732520e-01 1.239395e-03
    outer loop
      vertex -1.523351e+01 4.948515e+00 8.881784e-16
      vertex -1.507744e+01 4.830709e+00 6.350000e+00
      vertex -1.563954e+01 5.291649e+00 6.350000e+00
    endloop
  endfacet
  facet normal -6.567515e-01 -7.541060e-01 -1.243691e-03
    outer loop
      vertex -1.523351e+01 4.948515e+00 8.881784e-16
      vertex -1.563954e+01 5.291649e+00 6.350000e+00
      vertex -1.578220e+01 5.426367e+00 8.881784e-16
    endloop
  endfacet
  facet normal -7.152415e-01 -6.988763e-01 1.242107e-03
    outer loop
      vertex -1.578220e+01 5.426367e+00 8.881784e-16
      vertex -1.563954e+01 5.291649e+00 6.350000e+00
      vertex -1.614757e+01 5.811575e+00 6.350000e+00
    endloop
  endfacet
  facet normal -7.357233e-01 -6.772810e-01 -1.246397e-03
    outer loop
      vertex -1.578220e+01 5.426367e+00 8.881784e-16
      vertex -1.614757e+01 5.811575e+00 6.350000e+00
      vertex -1.627499e+01 5.961679e+00 8.881784e-16
    endloop
  endfacet
  facet normal -7.877194e-01 -6.160330e-01 1.244807e-03
    outer loop
      vertex -1.627499e+01 5.961679e+00 8.881784e-16
      vertex -1.614757e+01 5.811575e+00 6.350000e+00
      vertex -1.659538e+01 6.384186e+00 6.350000e+00
    endloop
  endfacet
  facet normal -8.057645e-01 -5.922348e-01 -1.249092e-03
    outer loop
      vertex -1.627499e+01 5.961679e+00 8.881784e-16
      vertex -1.659538e+01 6.384186e+00 6.350000e+00
      vertex -1.670590e+01 6.547955e+00 8.881784e-16
    endloop
  endfacet
  facet normal -8.506532e-01 -5.257257e-01 1.247496e-03
    outer loop
      vertex -1.670590e+01 6.547955e+00 8.881784e-16
      vertex -1.659538e+01 6.384186e+00 6.350000e+00
      vertex -1.697754e+01 7.002546e+00 6.350000e+00
    endloop
  endfacet
  facet normal -8.660247e-01 -4.999996e-01 -1.251775e-03
    outer loop
      vertex -1.670590e+01 6.547955e+00 8.881784e-16
      vertex -1.697754e+01 7.002546e+00 6.350000e+00
      vertex -1.706970e+01 7.178074e+00 8.881784e-16
    endloop
  endfacet
  facet normal -9.032804e-01 -4.290488e-01 1.250174e-03
    outer loop
      vertex -1.706970e+01 7.178074e+00 8.881784e-16
      vertex -1.697754e+01 7.002546e+00 6.350000e+00
      vertex -1.728942e+01 7.659161e+00 6.350000e+00
    endloop
  endfacet
  facet normal -9.157726e-01 -4.016951e-01 -1.254448e-03
    outer loop
      vertex -1.706970e+01 7.178074e+00 8.881784e-16
      vertex -1.728942e+01 7.659161e+00 6.350000e+00
      vertex -1.736197e+01 7.844389e+00 8.881784e-16
    endloop
  endfacet
  facet normal -9.449635e-01 -3.271735e-01 1.252842e-03
    outer loop
      vertex -1.736197e+01 7.844389e+00 8.881784e-16
      vertex -1.728942e+01 7.659161e+00 6.350000e+00
      vertex -1.752725e+01 8.346077e+00 6.350000e+00
    endloop
  endfacet
  facet normal -9.544042e-01 -2.985146e-01 -1.257110e-03
    outer loop
      vertex -1.736197e+01 7.844389e+00 8.881784e-16
      vertex -1.752725e+01 8.346077e+00 6.350000e+00
      vertex -1.757917e+01 8.538813e+00 8.881784e-16
    endloop
  endfacet
  facet normal -9.753265e-01 -2.207635e-01 1.273873e-03
    outer loop
      vertex -1.757917e+01 8.538813e+00 8.881784e-16
      vertex -1.752725e+01 8.346077e+00 6.350000e+00
      vertex -1.768943e+01 9.062588e+00 6.350000e+00
    endloop
  endfacet
  facet normal -9.814507e-01 -1.917105e-01 -1.228891e-03
    outer loop
      vertex -1.757917e+01 8.538813e+00 8.881784e-16
      vertex -1.768943e+01 9.062588e+00 6.350000e+00
      vertex -1.771866e+01 9.252918e+00 8.881784e-16
    endloop
  endfacet
  facet normal -9.938119e-01 -1.110690e-01 1.245062e-03
    outer loop
      vertex -1.771866e+01 9.252918e+00 8.881784e-16
      vertex -1.768943e+01 9.062588e+00 6.350000e+00
      vertex -1.777103e+01 9.792679e+00 6.350000e+00
    endloop
  endfacet
  facet normal -9.965838e-01 -8.257928e-02 -1.199487e-03
    outer loop
      vertex -1.771866e+01 9.252918e+00 8.881784e-16
      vertex -1.777103e+01 9.792679e+00 6.350000e+00
      vertex -1.777875e+01 9.978031e+00 8.881784e-16
    endloop
  endfacet
  facet normal -9.999993e-01 0.000000e+00 1.215066e-03
    outer loop
      vertex -1.777875e+01 9.978031e+00 8.881784e-16
      vertex -1.777103e+01 9.792679e+00 6.350000e+00
      vertex -1.777103e+01 1.052732e+01 6.350000e+00
    endloop
  endfacet
  facet normal -9.996196e-01 2.755432e-02 -1.168899e-03
    outer loop
      vertex -1.777875e+01 9.978031e+00 8.881784e-16
      vertex -1.777103e+01 1.052732e+01 6.350000e+00
      vertex -1.775870e+01 1.070535e+01 8.881784e-16
    endloop
  endfacet
  facet normal -9.938120e-01 1.110690e-01 1.183885e-03
    outer loop
      vertex -1.775870e+01 1.070535e+01 8.881784e-16
      vertex -1.777103e+01 1.052732e+01 6.350000e+00
      vertex -1.768943e+01 1.125741e+01 6.350000e+00
    endloop
  endfacet
  facet normal -9.905214e-01 1.373535e-01 -1.137127e-03
    outer loop
      vertex -1.775870e+01 1.070535e+01 8.881784e-16
      vertex -1.768943e+01 1.125741e+01 6.350000e+00
      vertex -1.765876e+01 1.142606e+01 8.881784e-16
    endloop
  endfacet
  facet normal -9.753267e-01 2.207636e-01 1.151521e-03
    outer loop
      vertex -1.765876e+01 1.142606e+01 8.881784e-16
      vertex -1.768943e+01 1.125741e+01 6.350000e+00
      vertex -1.752725e+01 1.197392e+01 6.350000e+00
    endloop
  endfacet
  facet normal -9.693997e-01 2.454853e-01 -1.104170e-03
    outer loop
      vertex -1.765876e+01 1.142606e+01 8.881784e-16
      vertex -1.752725e+01 1.197392e+01 6.350000e+00
      vertex -1.748014e+01 1.213139e+01 8.881784e-16
    endloop
  endfacet
  facet normal -9.449636e-01 3.271736e-01 1.102843e-03
    outer loop
      vertex -1.748014e+01 1.213139e+01 8.881784e-16
      vertex -1.752725e+01 1.197392e+01 6.350000e+00
      vertex -1.728942e+01 1.266084e+01 6.350000e+00
    endloop
  endfacet
  facet normal -9.365107e-01 3.506373e-01 -1.107390e-03
    outer loop
      vertex -1.748014e+01 1.213139e+01 8.881784e-16
      vertex -1.728942e+01 1.266084e+01 6.350000e+00
      vertex -1.722502e+01 1.281280e+01 8.881784e-16
    endloop
  endfacet
  facet normal -9.032806e-01 4.290489e-01 1.106057e-03
    outer loop
      vertex -1.722502e+01 1.281280e+01 8.881784e-16
      vertex -1.728942e+01 1.266084e+01 6.350000e+00
      vertex -1.697754e+01 1.331745e+01 6.350000e+00
    endloop
  endfacet
  facet normal -8.922537e-01 4.515331e-01 -1.110599e-03
    outer loop
      vertex -1.722502e+01 1.281280e+01 8.881784e-16
      vertex -1.697754e+01 1.331745e+01 6.350000e+00
      vertex -1.689649e+01 1.346200e+01 8.881784e-16
    endloop
  endfacet
  facet normal -8.506534e-01 5.257258e-01 1.109261e-03
    outer loop
      vertex -1.689649e+01 1.346200e+01 8.881784e-16
      vertex -1.697754e+01 1.331745e+01 6.350000e+00
      vertex -1.659538e+01 1.393581e+01 6.350000e+00
    endloop
  endfacet
  facet normal -8.371660e-01 5.469478e-01 -1.113798e-03
    outer loop
      vertex -1.689649e+01 1.346200e+01 8.881784e-16
      vertex -1.659538e+01 1.393581e+01 6.350000e+00
      vertex -1.649853e+01 1.407112e+01 8.881784e-16
    endloop
  endfacet
  facet normal -7.877195e-01 6.160330e-01 1.112454e-03
    outer loop
      vertex -1.649853e+01 1.407112e+01 8.881784e-16
      vertex -1.659538e+01 1.393581e+01 6.350000e+00
      vertex -1.614757e+01 1.450842e+01 6.350000e+00
    endloop
  endfacet
  facet normal -7.719162e-01 6.357234e-01 -1.116986e-03
    outer loop
      vertex -1.649853e+01 1.407112e+01 8.881784e-16
      vertex -1.614757e+01 1.450842e+01 6.350000e+00
      vertex -1.603597e+01 1.463277e+01 8.881784e-16
    endloop
  endfacet
  facet normal -7.152416e-01 6.988764e-01 1.115637e-03
    outer loop
      vertex -1.603597e+01 1.463277e+01 8.881784e-16
      vertex -1.614757e+01 1.450842e+01 6.350000e+00
      vertex -1.563954e+01 1.502835e+01 6.350000e+00
    endloop
  endfacet
  facet normal -6.972963e-01 7.167820e-01 -1.120162e-03
    outer loop
      vertex -1.603597e+01 1.463277e+01 8.881784e-16
      vertex -1.563954e+01 1.502835e+01 6.350000e+00
      vertex -1.551444e+01 1.514012e+01 8.881784e-16
    endloop
  endfacet
  facet normal -6.340978e-01 7.732520e-01 1.118808e-03
    outer loop
      vertex -1.551444e+01 1.514012e+01 8.881784e-16
      vertex -1.563954e+01 1.502835e+01 6.350000e+00
      vertex -1.507744e+01 1.548929e+01 6.350000e+00
    endloop
  endfacet
  facet normal -6.142123e-01 7.891400e-01 -1.123328e-03
    outer loop
      vertex -1.551444e+01 1.514012e+01 8.881784e-16
      vertex -1.507744e+01 1.548929e+01 6.350000e+00
      vertex -1.494027e+01 1.558702e+01 8.881784e-16
    endloop
  endfacet
  facet normal -5.452712e-01 8.382589e-01 1.121968e-03
    outer loop
      vertex -1.494027e+01 1.558702e+01 8.881784e-16
      vertex -1.507744e+01 1.548929e+01 6.350000e+00
      vertex -1.446809e+01 1.588566e+01 6.350000e+00
    endloop
  endfacet
  facet normal -5.236726e-01 8.519189e-01 -1.126483e-03
    outer loop
      vertex -1.494027e+01 1.558702e+01 8.881784e-16
      vertex -1.446809e+01 1.588566e+01 6.350000e+00
      vertex -1.432041e+01 1.596804e+01 8.881784e-16
    endloop
  endfacet
  facet normal -4.498381e-01 8.931094e-01 1.125117e-03
    outer loop
      vertex -1.432041e+01 1.596804e+01 8.881784e-16
      vertex -1.446809e+01 1.588566e+01 6.350000e+00
      vertex -1.381887e+01 1.621266e+01 6.350000e+00
    endloop
  endfacet
  facet normal -4.267762e-01 9.043566e-01 -1.129626e-03
    outer loop
      vertex -1.432041e+01 1.596804e+01 8.881784e-16
      vertex -1.381887e+01 1.621266e+01 6.350000e+00
      vertex -1.366240e+01 1.627856e+01 8.881784e-16
    endloop
  endfacet
  facet normal -3.489547e-01 9.371389e-01 1.128255e-03
    outer loop
      vertex -1.366240e+01 1.627856e+01 8.881784e-16
      vertex -1.381887e+01 1.621266e+01 6.350000e+00
      vertex -1.313765e+01 1.646632e+01 6.350000e+00
    endloop
  endfacet
  facet normal -3.246993e-01 9.458166e-01 -1.132759e-03
    outer loop
      vertex -1.366240e+01 1.627856e+01 8.881784e-16
      vertex -1.313765e+01 1.646632e+01 6.350000e+00
      vertex -1.297423e+01 1.651482e+01 8.881784e-16
    endloop
  endfacet
  facet normal -2.438433e-01 9.698140e-01 1.131383e-03
    outer loop
      vertex -1.297423e+01 1.651482e+01 8.881784e-16
      vertex -1.313765e+01 1.646632e+01 6.350000e+00
      vertex -1.243267e+01 1.664357e+01 6.350000e+00
    endloop
  endfacet
  facet normal -2.186809e-01 9.757957e-01 -1.135881e-03
    outer loop
      vertex -1.297423e+01 1.651482e+01 8.881784e-16
      vertex -1.243267e+01 1.664357e+01 6.350000e+00
      vertex -1.226424e+01 1.667393e+01 8.881784e-16
    endloop
  endfacet
  facet normal -1.357775e-01 9.907387e-01 1.134499e-03
    outer loop
      vertex -1.226424e+01 1.667393e+01 8.881784e-16
      vertex -1.243267e+01 1.664357e+01 6.350000e+00
      vertex -1.171247e+01 1.674228e+01 6.350000e+00
    endloop
  endfacet
  facet normal -1.100082e-01 9.939300e-01 -1.138992e-03
    outer loop
      vertex -1.226424e+01 1.667393e+01 8.881784e-16
      vertex -1.171247e+01 1.674228e+01 6.350000e+00
      vertex -1.154105e+01 1.675397e+01 8.881784e-16
    endloop
  endfacet
  facet normal -2.606665e-02 9.996595e-01 1.137605e-03
    outer loop
      vertex -1.154105e+01 1.675397e+01 8.881784e-16
      vertex -1.171247e+01 1.674228e+01 6.350000e+00
      vertex -1.098580e+01 1.676122e+01 6.350000e+00
    endloop
  endfacet
  facet normal -6.993296e-20 9.999993e-01 -1.142092e-03
    outer loop
      vertex -1.154105e+01 1.675397e+01 8.881784e-16
      vertex -1.098580e+01 1.676122e+01 6.350000e+00
      vertex -1.081345e+01 1.675397e+01 8.881784e-16
    endloop
  endfacet
  facet normal 8.396006e-02 9.964685e-01 1.140699e-03
    outer loop
      vertex -1.081345e+01 1.675397e+01 8.881784e-16
      vertex -1.098580e+01 1.676122e+01 6.350000e+00
      vertex -1.026144e+01 1.670019e+01 6.350000e+00
    endloop
  endfacet
  facet normal 1.100082e-01 9.939300e-01 -1.145181e-03
    outer loop
      vertex -1.081345e+01 1.675397e+01 8.881784e-16
      vertex -1.026144e+01 1.670019e+01 6.350000e+00
      vertex -1.009027e+01 1.667393e+01 0.000000e+00
    endloop
  endfacet
  facet normal 1.929695e-01 9.812041e-01 1.143783e-03
    outer loop
      vertex -1.009027e+01 1.667393e+01 0.000000e+00
      vertex -1.026144e+01 1.670019e+01 6.350000e+00
      vertex -9.548184e+00 1.655992e+01 6.350000e+00
    endloop
  endfacet
  facet normal 2.186809e-01 9.757957e-01 -1.148259e-03
    outer loop
      vertex -1.009027e+01 1.667393e+01 0.000000e+00
      vertex -9.548184e+00 1.655992e+01 6.350000e+00
      vertex -9.380282e+00 1.651482e+01 0.000000e+00
    endloop
  endfacet
  facet normal 2.996409e-01 9.540514e-01 1.146855e-03
    outer loop
      vertex -9.380282e+00 1.651482e+01 0.000000e+00
      vertex -9.548184e+00 1.655992e+01 6.350000e+00
      vertex -8.854662e+00 1.634210e+01 6.350000e+00
    endloop
  endfacet
  facet normal 3.246993e-01 9.458166e-01 -1.151326e-03
    outer loop
      vertex -9.380282e+00 1.651482e+01 0.000000e+00
      vertex -8.854662e+00 1.634210e+01 6.350000e+00
      vertex -8.692107e+00 1.627856e+01 0.000000e+00
    endloop
  endfacet
  facet normal 4.026818e-01 9.153393e-01 1.149917e-03
    outer loop
      vertex -8.692107e+00 1.627856e+01 0.000000e+00
      vertex -8.854662e+00 1.634210e+01 6.350000e+00
      vertex -8.189281e+00 1.604938e+01 6.350000e+00
    endloop
  endfacet
  facet normal 4.267762e-01 9.043567e-01 -1.154382e-03
    outer loop
      vertex -8.692107e+00 1.627856e+01 0.000000e+00
      vertex -8.189281e+00 1.604938e+01 6.350000e+00
      vertex -8.034097e+00 1.596804e+01 0.000000e+00
    endloop
  endfacet
  facet normal 5.008438e-01 8.655369e-01 1.152967e-03
    outer loop
      vertex -8.034097e+00 1.596804e+01 0.000000e+00
      vertex -8.189281e+00 1.604938e+01 6.350000e+00
      vertex -7.560103e+00 1.568531e+01 6.350000e+00
    endloop
  endfacet
  facet normal 5.236726e-01 8.519188e-01 -1.157427e-03
    outer loop
      vertex -8.034097e+00 1.596804e+01 0.000000e+00
      vertex -7.560103e+00 1.568531e+01 6.350000e+00
      vertex -7.414241e+00 1.558702e+01 0.000000e+00
    endloop
  endfacet
  facet normal 5.929376e-01 8.052476e-01 1.156007e-03
    outer loop
      vertex -7.414241e+00 1.558702e+01 0.000000e+00
      vertex -7.560103e+00 1.568531e+01 6.350000e+00
      vertex -6.974750e+00 1.525429e+01 6.350000e+00
    endloop
  endfacet
  facet normal 6.142123e-01 7.891400e-01 -1.160462e-03
    outer loop
      vertex -7.414241e+00 1.558702e+01 0.000000e+00
      vertex -6.974750e+00 1.525429e+01 6.350000e+00
      vertex -6.840064e+00 1.514012e+01 0.000000e+00
    endloop
  endfacet
  facet normal 6.778473e-01 7.352018e-01 1.159036e-03
    outer loop
      vertex -6.840064e+00 1.514012e+01 0.000000e+00
      vertex -6.974750e+00 1.525429e+01 6.350000e+00
      vertex -6.440315e+00 1.476155e+01 6.350000e+00
    endloop
  endfacet
  facet normal 6.972963e-01 7.167820e-01 -1.163485e-03
    outer loop
      vertex -6.840064e+00 1.514012e+01 0.000000e+00
      vertex -6.440315e+00 1.476155e+01 6.350000e+00
      vertex -6.318532e+00 1.463277e+01 0.000000e+00
    endloop
  endfacet
  facet normal 7.545441e-01 6.562483e-01 1.162054e-03
    outer loop
      vertex -6.318532e+00 1.463277e+01 0.000000e+00
      vertex -6.440315e+00 1.476155e+01 6.350000e+00
      vertex -5.963273e+00 1.421305e+01 6.350000e+00
    endloop
  endfacet
  facet normal 7.719162e-01 6.357233e-01 -1.166497e-03
    outer loop
      vertex -6.318532e+00 1.463277e+01 0.000000e+00
      vertex -5.963273e+00 1.421305e+01 6.350000e+00
      vertex -5.855980e+00 1.407112e+01 0.000000e+00
    endloop
  endfacet
  facet normal 8.220988e-01 5.693437e-01 1.165061e-03
    outer loop
      vertex -5.855980e+00 1.407112e+01 0.000000e+00
      vertex -5.963273e+00 1.421305e+01 6.350000e+00
      vertex -5.549404e+00 1.361545e+01 6.350000e+00
    endloop
  endfacet
  facet normal 8.371659e-01 5.469478e-01 -1.169499e-03
    outer loop
      vertex -5.855980e+00 1.407112e+01 0.000000e+00
      vertex -5.549404e+00 1.361545e+01 6.350000e+00
      vertex -5.458022e+00 1.346200e+01 0.000000e+00
    endloop
  endfacet
  facet normal 8.796929e-01 4.755408e-01 1.168057e-03
    outer loop
      vertex -5.458022e+00 1.346200e+01 0.000000e+00
      vertex -5.549404e+00 1.361545e+01 6.350000e+00
      vertex -5.203722e+00 1.297598e+01 6.350000e+00
    endloop
  endfacet
  facet normal 8.922536e-01 4.515330e-01 -1.172489e-03
    outer loop
      vertex -5.458022e+00 1.346200e+01 0.000000e+00
      vertex -5.203722e+00 1.297598e+01 6.350000e+00
      vertex -5.129487e+00 1.281280e+01 0.000000e+00
    endloop
  endfacet
  facet normal 9.266285e-01 3.759763e-01 1.171042e-03
    outer loop
      vertex -5.129487e+00 1.281280e+01 0.000000e+00
      vertex -5.203722e+00 1.297598e+01 6.350000e+00
      vertex -4.930417e+00 1.230239e+01 6.350000e+00
    endloop
  endfacet
  facet normal 9.365106e-01 3.506373e-01 -1.175468e-03
    outer loop
      vertex -5.129487e+00 1.281280e+01 0.000000e+00
      vertex -4.930417e+00 1.230239e+01 6.350000e+00
      vertex -4.874363e+00 1.213139e+01 0.000000e+00
    endloop
  endfacet
  facet normal 9.623371e-01 2.718564e-01 1.174016e-03
    outer loop
      vertex -4.874363e+00 1.213139e+01 0.000000e+00
      vertex -4.930417e+00 1.230239e+01 6.350000e+00
      vertex -4.732798e+00 1.160285e+01 6.350000e+00
    endloop
  endfacet
  facet normal 9.693996e-01 2.454853e-01 -1.178437e-03
    outer loop
      vertex -4.874363e+00 1.213139e+01 0.000000e+00
      vertex -4.732798e+00 1.160285e+01 6.350000e+00
      vertex -4.695748e+00 1.142606e+01 0.000000e+00
    endloop
  endfacet
  facet normal 9.863859e-01 1.644426e-01 1.176979e-03
    outer loop
      vertex -4.695748e+00 1.142606e+01 0.000000e+00
      vertex -4.732798e+00 1.160285e+01 6.350000e+00
      vertex -4.613261e+00 1.088582e+01 6.350000e+00
    endloop
  endfacet
  facet normal 9.905214e-01 1.373535e-01 -1.181395e-03
    outer loop
      vertex -4.695748e+00 1.142606e+01 0.000000e+00
      vertex -4.613261e+00 1.088582e+01 6.350000e+00
      vertex -4.595809e+00 1.070535e+01 0.000000e+00
    endloop
  endfacet
  facet normal 9.984837e-01 5.503648e-02 1.179931e-03
    outer loop
      vertex -4.595809e+00 1.070535e+01 0.000000e+00
      vertex -4.613261e+00 1.088582e+01 6.350000e+00
      vertex -4.573253e+00 1.016000e+01 6.350000e+00
    endloop
  endfacet
  facet normal 9.996196e-01 2.755432e-02 -1.184341e-03
    outer loop
      vertex -4.595809e+00 1.070535e+01 0.000000e+00
      vertex -4.573253e+00 1.016000e+01 6.350000e+00
      vertex -4.575761e+00 9.978031e+00 0.000000e+00
    endloop
  endfacet
  facet normal 9.984837e-01 -5.503648e-02 1.182872e-03
    outer loop
      vertex -4.575761e+00 9.978031e+00 0.000000e+00
      vertex -4.573253e+00 1.016000e+01 6.350000e+00
      vertex -4.613261e+00 9.434177e+00 6.350000e+00
    endloop
  endfacet
  facet normal 9.965838e-01 -8.257928e-02 -1.187277e-03
    outer loop
      vertex -4.575761e+00 9.978031e+00 0.000000e+00
      vertex -4.613261e+00 9.434177e+00 6.350000e+00
      vertex -4.635846e+00 9.252918e+00 0.000000e+00
    endloop
  endfacet
  facet normal 9.863859e-01 -1.644426e-01 1.185802e-03
    outer loop
      vertex -4.635846e+00 9.252918e+00 0.000000e+00
      vertex -4.613261e+00 9.434177e+00 6.350000e+00
      vertex -4.732798e+00 8.717152e+00 6.350000e+00
    endloop
  endfacet
  facet normal 9.814508e-01 -1.917105e-01 -1.190202e-03
    outer loop
      vertex -4.635846e+00 9.252918e+00 0.000000e+00
      vertex -4.732798e+00 8.717152e+00 6.350000e+00
      vertex -4.775334e+00 8.538813e+00 0.000000e+00
    endloop
  endfacet
  facet normal 9.623371e-01 -2.718564e-01 1.188721e-03
    outer loop
      vertex -4.775334e+00 8.538813e+00 0.000000e+00
      vertex -4.732798e+00 8.717152e+00 6.350000e+00
      vertex -4.930417e+00 8.017607e+00 6.350000e+00
    endloop
  endfacet
  facet normal 9.544043e-01 -2.985146e-01 -1.193116e-03
    outer loop
      vertex -4.775334e+00 8.538813e+00 0.000000e+00
      vertex -4.930417e+00 8.017607e+00 6.350000e+00
      vertex -4.992533e+00 7.844389e+00 0.000000e+00
    endloop
  endfacet
  facet normal 9.266285e-01 -3.759763e-01 1.191630e-03
    outer loop
      vertex -4.992533e+00 7.844389e+00 0.000000e+00
      vertex -4.930417e+00 8.017607e+00 6.350000e+00
      vertex -5.203722e+00 7.344021e+00 6.350000e+00
    endloop
  endfacet
  facet normal 9.157727e-01 -4.016951e-01 -1.196018e-03
    outer loop
      vertex -4.992533e+00 7.844389e+00 0.000000e+00
      vertex -5.203722e+00 7.344021e+00 6.350000e+00
      vertex -5.284807e+00 7.178074e+00 0.000000e+00
    endloop
  endfacet
  facet normal 8.796929e-01 -4.755408e-01 1.194527e-03
    outer loop
      vertex -5.284807e+00 7.178074e+00 0.000000e+00
      vertex -5.203722e+00 7.344021e+00 6.350000e+00
      vertex -5.549404e+00 6.704552e+00 6.350000e+00
    endloop
  endfacet
  facet normal 8.660248e-01 -4.999996e-01 -1.198910e-03
    outer loop
      vertex -5.284807e+00 7.178074e+00 0.000000e+00
      vertex -5.549404e+00 6.704552e+00 6.350000e+00
      vertex -5.648606e+00 6.547955e+00 0.000000e+00
    endloop
  endfacet
  facet normal 8.220987e-01 -5.693437e-01 1.197413e-03
    outer loop
      vertex -5.648606e+00 6.547955e+00 0.000000e+00
      vertex -5.549404e+00 6.704552e+00 6.350000e+00
      vertex -5.963273e+00 6.106949e+00 6.350000e+00
    endloop
  endfacet
  facet normal 8.057645e-01 -5.922348e-01 -1.201791e-03
    outer loop
      vertex -5.648606e+00 6.547955e+00 0.000000e+00
      vertex -5.963273e+00 6.106949e+00 6.350000e+00
      vertex -6.079516e+00 5.961679e+00 0.000000e+00
    endloop
  endfacet
  facet normal 7.545440e-01 -6.562483e-01 1.200289e-03
    outer loop
      vertex -6.079516e+00 5.961679e+00 0.000000e+00
      vertex -5.963273e+00 6.106949e+00 6.350000e+00
      vertex -6.440315e+00 5.558453e+00 6.350000e+00
    endloop
  endfacet
  facet normal 7.357234e-01 -6.772811e-01 -1.204661e-03
    outer loop
      vertex -6.079516e+00 5.961679e+00 0.000000e+00
      vertex -6.440315e+00 5.558453e+00 6.350000e+00
      vertex -6.572305e+00 5.426367e+00 0.000000e+00
    endloop
  endfacet
  facet normal 6.778472e-01 -7.352018e-01 1.203153e-03
    outer loop
      vertex -6.572305e+00 5.426367e+00 0.000000e+00
      vertex -6.440315e+00 5.558453e+00 6.350000e+00
      vertex -6.974750e+00 5.065710e+00 6.350000e+00
    endloop
  endfacet
  facet normal 6.567516e-01 -7.541060e-01 -1.207520e-03
    outer loop
      vertex -6.572305e+00 5.426367e+00 0.000000e+00
      vertex -6.974750e+00 5.065710e+00 6.350000e+00
      vertex -7.120993e+00 4.948515e+00 0.000000e+00
    endloop
  endfacet
  facet normal 5.929375e-01 -8.052475e-01 1.206007e-03
    outer loop
      vertex -7.120993e+00 4.948515e+00 0.000000e+00
      vertex -6.974750e+00 5.065710e+00 6.350000e+00
      vertex -7.560103e+00 4.634691e+00 6.350000e+00
    endloop
  endfacet
  facet normal 5.698076e-01 -8.217772e-01 -1.210368e-03
    outer loop
      vertex -7.120993e+00 4.948515e+00 0.000000e+00
      vertex -7.560103e+00 4.634691e+00 6.350000e+00
      vertex -7.718917e+00 4.533924e+00 0.000000e+00
    endloop
  endfacet
  facet normal 5.008438e-01 -8.655368e-01 1.208849e-03
    outer loop
      vertex -7.718917e+00 4.533924e+00 0.000000e+00
      vertex -7.560103e+00 4.634691e+00 6.350000e+00
      vertex -8.189281e+00 4.270617e+00 6.350000e+00
    endloop
  endfacet
  facet normal 4.759471e-01 -8.794731e-01 -1.213206e-03
    outer loop
      vertex -7.718917e+00 4.533924e+00 0.000000e+00
      vertex -8.189281e+00 4.270617e+00 6.350000e+00
      vertex -8.358822e+00 4.187624e+00 0.000000e+00
    endloop
  endfacet
  facet normal 4.026818e-01 -9.153392e-01 1.211681e-03
    outer loop
      vertex -8.358822e+00 4.187624e+00 0.000000e+00
      vertex -8.189281e+00 4.270617e+00 6.350000e+00
      vertex -8.854662e+00 3.977898e+00 6.350000e+00
    endloop
  endfacet
  facet normal 3.763091e-01 -9.264934e-01 -1.216032e-03
    outer loop
      vertex -8.358822e+00 4.187624e+00 0.000000e+00
      vertex -8.854662e+00 3.977898e+00 6.350000e+00
      vertex -9.032938e+00 3.913822e+00 0.000000e+00
    endloop
  endfacet
  facet normal 2.996409e-01 -9.540513e-01 1.214502e-03
    outer loop
      vertex -9.032938e+00 3.913822e+00 0.000000e+00
      vertex -8.854662e+00 3.977898e+00 6.350000e+00
      vertex -9.548184e+00 3.760082e+00 6.350000e+00
    endloop
  endfacet
  facet normal 2.721033e-01 -9.622673e-01 -1.218847e-03
    outer loop
      vertex -9.032938e+00 3.913822e+00 0.000000e+00
      vertex -9.548184e+00 3.760082e+00 6.350000e+00
      vertex -9.733084e+00 3.715839e+00 0.000000e+00
    endloop
  endfacet
  facet normal 1.929695e-01 -9.812040e-01 1.217312e-03
    outer loop
      vertex -9.733084e+00 3.715839e+00 0.000000e+00
      vertex -9.548184e+00 3.760082e+00 6.350000e+00
      vertex -1.026144e+01 3.619808e+00 6.350000e+00
    endloop
  endfacet
  facet normal 1.645945e-01 -9.863605e-01 -1.221651e-03
    outer loop
      vertex -9.733084e+00 3.715839e+00 0.000000e+00
      vertex -1.026144e+01 3.619808e+00 6.350000e+00
      vertex -1.045076e+01 3.596081e+00 8.881784e-16
    endloop
  endfacet
  facet normal 8.396005e-02 -9.964684e-01 1.220110e-03
    outer loop
      vertex -1.045076e+01 3.596081e+00 8.881784e-16
      vertex -1.026144e+01 3.619808e+00 6.350000e+00
      vertex -1.098580e+01 3.558775e+00 6.350000e+00
    endloop
  endfacet
  facet normal 6.123234e-17 0.000000e+00 1.000000e+00
    outer loop
      vertex -1.752725e+01 8.346077e+00 6.350000e+00
      vertex -1.752725e+01 1.197392e+01 6.350000e+00
      vertex -1.768943e+01 9.062588e+00 6.350000e+00
    endloop
  endfacet
  facet normal 6.123234e-17 0.000000e+00 1.000000e+00
    outer loop
      vertex -1.768943e+01 9.062588e+00 6.350000e+00
      vertex -1.752725e+01 1.197392e+01 6.350000e+00
      vertex -1.768943e+01 1.125741e+01 6.350000e+00
    endloop
  endfacet
  facet normal 6.123234e-17 0.000000e+00 1.000000e+00
    outer loop
      vertex -1.768943e+01 9.062588e+00 6.350000e+00
      vertex -1.768943e+01 1.125741e+01 6.350000e+00
      vertex -1.777103e+01 9.792679e+00 6.350000e+00
    endloop
  endfacet
  facet normal 6.123234e-17 0.000000e+00 1.000000e+00
    outer loop
      vertex -1.777103e+01 9.792679e+00 6.350000e+00
      vertex -1.768943e+01 1.125741e+01 6.350000e+00
      vertex -1.777103e+01 1.052732e+01 6.350000e+00
    endloop
  endfacet
  facet normal -6.123234e-17 0.000000e+00 -1.000000e+00
    outer loop
      vertex -1.054056e+01 5.120056e+00 8.881784e-16
      vertex -1.045076e+01 3.596081e+00 8.881784e-16
      vertex -1.117725e+01 5.080000e+00 8.881784e-16
    endloop
  endfacet
  facet normal -6.123234e-17 0.000000e+00 -1.000000e+00
    outer loop
      vertex -1.117725e+01 5.080000e+00 8.881784e-16
      vertex -1.045076e+01 3.596081e+00 8.881784e-16
      vertex -1.117725e+01 3.556000e+00 8.881784e-16
    endloop
  endfacet
  facet normal -6.123234e-17 0.000000e+00 -1.000000e+00
    outer loop
      vertex -1.117725e+01 5.080000e+00 8.881784e-16
      vertex -1.117725e+01 3.556000e+00 8.881784e-16
      vertex -1.190375e+01 3.596081e+00 8.881784e-16
    endloop
  endfacet
  facet normal -6.123234e-17 0.000000e+00 -1.000000e+00
    outer loop
      vertex -1.045076e+01 3.596081e+00 8.881784e-16
      vertex -1.054056e+01 5.120056e+00 8.881784e-16
      vertex -9.733084e+00 3.715839e+00 0.000000e+00
    endloop
  endfacet
  facet normal -6.123234e-17 0.000000e+00 -1.000000e+00
    outer loop
      vertex -9.733084e+00 3.715839e+00 0.000000e+00
      vertex -1.054056e+01 5.120056e+00 8.881784e-16
      vertex -9.913909e+00 5.239597e+00 0.000000e+00
    endloop
  endfacet
  facet normal -6.123234e-17 0.000000e+00 -1.000000e+00
    outer loop
      vertex -9.733084e+00 3.715839e+00 0.000000e+00
      vertex -9.913909e+00 5.239597e+00 0.000000e+00
      vertex -9.032938e+00 3.913822e+00 0.000000e+00
    endloop
  endfacet
  facet normal -6.123234e-17 0.000000e+00 -1.000000e+00
    outer loop
      vertex -9.032938e+00 3.913822e+00 0.000000e+00
      vertex -9.913909e+00 5.239597e+00 0.000000e+00
      vertex -9.307181e+00 5.436735e+00 0.000000e+00
    endloop
  endfacet
  facet normal -6.123234e-17 0.000000e+00 -1.000000e+00
    outer loop
      vertex -9.032938e+00 3.913822e+00 0.000000e+00
      vertex -9.307181e+00 5.436735e+00 0.000000e+00
      vertex -8.358822e+00 4.187624e+00 0.000000e+00
    endloop
  endfacet
  facet normal -6.123234e-17 0.000000e+00 -1.000000e+00
    outer loop
      vertex -8.358822e+00 4.187624e+00 0.000000e+00
      vertex -9.307181e+00 5.436735e+00 0.000000e+00
      vertex -8.729945e+00 5.708361e+00 0.000000e+00
    endloop
  endfacet
  facet normal -6.123234e-17 0.000000e+00 -1.000000e+00
    outer loop
      vertex -8.358822e+00 4.187624e+00 0.000000e+00
      vertex -8.729945e+00 5.708361e+00 0.000000e+00
      vertex -7.718917e+00 4.533924e+00 0.000000e+00
    endloop
  endfacet
  facet normal -6.123234e-17 0.000000e+00 -1.000000e+00
    outer loop
      vertex -7.718917e+00 4.533924e+00 0.000000e+00
      vertex -8.729945e+00 5.708361e+00 0.000000e+00
      vertex -8.191305e+00 6.050194e+00 0.000000e+00
    endloop
  endfacet
  facet normal -6.123234e-17 0.000000e+00 -1.000000e+00
    outer loop
      vertex -7.718917e+00 4.533924e+00 0.000000e+00
      vertex -8.191305e+00 6.050194e+00 0.000000e+00
      vertex -7.120993e+00 4.948515e+00 0.000000e+00
    endloop
  endfacet
  facet normal -6.123234e-17 0.000000e+00 -1.000000e+00
    outer loop
      vertex -7.120993e+00 4.948515e+00 0.000000e+00
      vertex -8.191305e+00 6.050194e+00 0.000000e+00
      vertex -7.699754e+00 6.456839e+00 0.000000e+00
    endloop
  endfacet
  facet normal -6.123234e-17 0.000000e+00 -1.000000e+00
    outer loop
      vertex -7.120993e+00 4.948515e+00 0.000000e+00
      vertex -7.699754e+00 6.456839e+00 0.000000e+00
      vertex -6.572305e+00 5.426367e+00 0.000000e+00
    endloop
  endfacet
  facet normal -6.123234e-17 0.000000e+00 -1.000000e+00
    outer loop
      vertex -6.572305e+00 5.426367e+00 0.000000e+00
      vertex -7.699754e+00 6.456839e+00 0.000000e+00
      vertex -7.263047e+00 6.921886e+00 0.000000e+00
    endloop
  endfacet
  facet normal -6.123234e-17 0.000000e+00 -1.000000e+00
    outer loop
      vertex -6.572305e+00 5.426367e+00 0.000000e+00
      vertex -7.263047e+00 6.921886e+00 0.000000e+00
      vertex -6.079516e+00 5.961679e+00 0.000000e+00
    endloop
  endfacet
  facet normal -6.123234e-17 0.000000e+00 -1.000000e+00
    outer loop
      vertex -6.079516e+00 5.961679e+00 0.000000e+00
      vertex -7.263047e+00 6.921886e+00 0.000000e+00
      vertex -5.648606e+00 6.547955e+00 0.000000e+00
    endloop
  endfacet
  facet normal -6.123234e-17 0.000000e+00 -1.000000e+00
    outer loop
      vertex -5.648606e+00 6.547955e+00 0.000000e+00
      vertex -7.263047e+00 6.921886e+00 0.000000e+00
      vertex -6.888068e+00 7.438000e+00 0.000000e+00
    endloop
  endfacet
  facet normal -6.123234e-17 0.000000e+00 -1.000000e+00
    outer loop
      vertex -5.648606e+00 6.547955e+00 0.000000e+00
      vertex -6.888068e+00 7.438000e+00 0.000000e+00
      vertex -5.284807e+00 7.178074e+00 0.000000e+00
    endloop
  endfacet
  facet normal -6.123234e-17 0.000000e+00 -1.000000e+00
    outer loop
      vertex -5.284807e+00 7.178074e+00 0.000000e+00
      vertex -6.888068e+00 7.438000e+00 0.000000e+00
      vertex -6.580732e+00 7.997040e+00 0.000000e+00
    endloop
  endfacet
  facet normal -6.123234e-17 0.000000e+00 -1.000000e+00
    outer loop
      vertex -5.284807e+00 7.178074e+00 0.000000e+00
      vertex -6.580732e+00 7.997040e+00 0.000000e+00
      vertex -4.992533e+00 7.844389e+00 0.000000e+00
    endloop
  endfacet
  facet normal -6.123234e-17 0.000000e+00 -1.000000e+00
    outer loop
      vertex -4.992533e+00 7.844389e+00 0.000000e+00
      vertex -6.580732e+00 7.997040e+00 0.000000e+00
      vertex -6.345887e+00 8.590193e+00 0.000000e+00
    endloop
  endfacet
  facet normal -6.123234e-17 0.000000e+00 -1.000000e+00
    outer loop
      vertex -4.992533e+00 7.844389e+00 0.000000e+00
      vertex -6.345887e+00 8.590193e+00 0.000000e+00
      vertex -4.775334e+00 8.538813e+00 0.000000e+00
    endloop
  endfacet
  facet normal -6.123234e-17 0.000000e+00 -1.000000e+00
    outer loop
      vertex -4.775334e+00 8.538813e+00 0.000000e+00
      vertex -6.345887e+00 8.590193e+00 0.000000e+00
      vertex -6.187234e+00 9.208103e+00 0.000000e+00
    endloop
  endfacet
  facet normal -6.123234e-17 0.000000e+00 -1.000000e+00
    outer loop
      vertex -4.775334e+00 8.538813e+00 0.000000e+00
      vertex -6.187234e+00 9.208103e+00 0.000000e+00
      vertex -4.635846e+00 9.252918e+00 0.000000e+00
    endloop
  endfacet
  facet normal -6.123234e-17 0.000000e+00 -1.000000e+00
    outer loop
      vertex -4.635846e+00 9.252918e+00 0.000000e+00
      vertex -6.187234e+00 9.208103e+00 0.000000e+00
      vertex -6.107277e+00 9.841022e+00 0.000000e+00
    endloop
  endfacet
  facet normal -6.123234e-17 0.000000e+00 -1.000000e+00
    outer loop
      vertex -4.635846e+00 9.252918e+00 0.000000e+00
      vertex -6.107277e+00 9.841022e+00 0.000000e+00
      vertex -4.575761e+00 9.978031e+00 0.000000e+00
    endloop
  endfacet
  facet normal -6.123234e-17 0.000000e+00 -1.000000e+00
    outer loop
      vertex -4.575761e+00 9.978031e+00 0.000000e+00
      vertex -6.107277e+00 9.841022e+00 0.000000e+00
      vertex -6.107277e+00 1.047897e+01 0.000000e+00
    endloop
  endfacet
  facet normal -6.123234e-17 0.000000e+00 -1.000000e+00
    outer loop
      vertex -4.575761e+00 9.978031e+00 0.000000e+00
      vertex -6.107277e+00 1.047897e+01 0.000000e+00
      vertex -4.595809e+00 1.070535e+01 0.000000e+00
    endloop
  endfacet
  facet normal -6.123234e-17 0.000000e+00 -1.000000e+00
    outer loop
      vertex -4.595809e+00 1.070535e+01 0.000000e+00
      vertex -6.107277e+00 1.047897e+01 0.000000e+00
      vertex -6.187234e+00 1.111190e+01 0.000000e+00
    endloop
  endfacet
  facet normal -6.123234e-17 0.000000e+00 -1.000000e+00
    outer loop
      vertex -4.595809e+00 1.070535e+01 0.000000e+00
      vertex -6.187234e+00 1.111190e+01 0.000000e+00
      vertex -4.695748e+00 1.142606e+01 0.000000e+00
    endloop
  endfacet
  facet normal -6.123234e-17 0.000000e+00 -1.000000e+00
    outer loop
      vertex -4.695748e+00 1.142606e+01 0.000000e+00
      vertex -6.187234e+00 1.111190e+01 0.000000e+00
      vertex -4.874363e+00 1.213139e+01 0.000000e+00
    endloop
  endfacet
  facet normal -6.123234e-17 0.000000e+00 -1.000000e+00
    outer loop
      vertex -4.874363e+00 1.213139e+01 0.000000e+00
      vertex -6.187234e+00 1.111190e+01 0.000000e+00
      vertex -6.345887e+00 1.172980e+01 0.000000e+00
    endloop
  endfacet
  facet normal -6.123234e-17 0.000000e+00 -1.000000e+00
    outer loop
      vertex -4.874363e+00 1.213139e+01 0.000000e+00
      vertex -6.345887e+00 1.172980e+01 0.000000e+00
      vertex -5.129487e+00 1.281280e+01 0.000000e+00
    endloop
  endfacet
  facet normal -6.123234e-17 0.000000e+00 -1.000000e+00
    outer loop
      vertex -5.129487e+00 1.281280e+01 0.000000e+00
      vertex -6.345887e+00 1.172980e+01 0.000000e+00
      vertex -6.580732e+00 1.232296e+01 0.000000e+00
    endloop
  endfacet
  facet normal -6.123234e-17 0.000000e+00 -1.000000e+00
    outer loop
      vertex -5.129487e+00 1.281280e+01 0.000000e+00
      vertex -6.580732e+00 1.232296e+01 0.000000e+00
      vertex -5.458022e+00 1.346200e+01 0.000000e+00
    endloop
  endfacet
  facet normal -6.123234e-17 0.000000e+00 -1.000000e+00
    outer loop
      vertex -5.458022e+00 1.346200e+01 0.000000e+00
      vertex -6.580732e+00 1.232296e+01 0.000000e+00
      vertex -6.888068e+00 1.288200e+01 0.000000e+00
    endloop
  endfacet
  facet normal -6.123234e-17 0.000000e+00 -1.000000e+00
    outer loop
      vertex -5.458022e+00 1.346200e+01 0.000000e+00
      vertex -6.888068e+00 1.288200e+01 0.000000e+00
      vertex -5.855980e+00 1.407112e+01 0.000000e+00
    endloop
  endfacet
  facet normal -6.123234e-17 0.000000e+00 -1.000000e+00
    outer loop
      vertex -5.855980e+00 1.407112e+01 0.000000e+00
      vertex -6.888068e+00 1.288200e+01 0.000000e+00
      vertex -7.263047e+00 1.339811e+01 0.000000e+00
    endloop
  endfacet
  facet normal -6.123234e-17 0.000000e+00 -1.000000e+00
    outer loop
      vertex -5.855980e+00 1.407112e+01 0.000000e+00
      vertex -7.263047e+00 1.339811e+01 0.000000e+00
      vertex -6.318532e+00 1.463277e+01 0.000000e+00
    endloop
  endfacet
  facet normal -6.123234e-17 0.000000e+00 -1.000000e+00
    outer loop
      vertex -6.318532e+00 1.463277e+01 0.000000e+00
      vertex -7.263047e+00 1.339811e+01 0.000000e+00
      vertex -7.699754e+00 1.386316e+01 0.000000e+00
    endloop
  endfacet
  facet normal -6.123234e-17 0.000000e+00 -1.000000e+00
    outer loop
      vertex -6.318532e+00 1.463277e+01 0.000000e+00
      vertex -7.699754e+00 1.386316e+01 0.000000e+00
      vertex -6.840064e+00 1.514012e+01 0.000000e+00
    endloop
  endfacet
  facet normal -6.123234e-17 0.000000e+00 -1.000000e+00
    outer loop
      vertex -6.840064e+00 1.514012e+01 0.000000e+00
      vertex -7.699754e+00 1.386316e+01 0.000000e+00
      vertex -8.191305e+00 1.426981e+01 0.000000e+00
    endloop
  endfacet
  facet normal -6.123234e-17 0.000000e+00 -1.000000e+00
    outer loop
      vertex -6.840064e+00 1.514012e+01 0.000000e+00
      vertex -8.191305e+00 1.426981e+01 0.000000e+00
      vertex -7.414241e+00 1.558702e+01 0.000000e+00
    endloop
  endfacet
  facet normal -6.123234e-17 0.000000e+00 -1.000000e+00
    outer loop
      vertex -7.414241e+00 1.558702e+01 0.000000e+00
      vertex -8.191305e+00 1.426981e+01 0.000000e+00
      vertex -8.729945e+00 1.461164e+01 0.000000e+00
    endloop
  endfacet
  facet normal -6.123234e-17 0.000000e+00 -1.000000e+00
    outer loop
      vertex -7.414241e+00 1.558702e+01 0.000000e+00
      vertex -8.729945e+00 1.461164e+01 0.000000e+00
      vertex -8.034097e+00 1.596804e+01 0.000000e+00
    endloop
  endfacet
  facet normal -6.123234e-17 0.000000e+00 -1.000000e+00
    outer loop
      vertex -8.034097e+00 1.596804e+01 0.000000e+00
      vertex -8.729945e+00 1.461164e+01 0.000000e+00
      vertex -8.692107e+00 1.627856e+01 0.000000e+00
    endloop
  endfacet
  facet normal -6.123234e-17 0.000000e+00 -1.000000e+00
    outer loop
      vertex -8.692107e+00 1.627856e+01 0.000000e+00
      vertex -8.729945e+00 1.461164e+01 0.000000e+00
      vertex -9.307181e+00 1.488326e+01 0.000000e+00
    endloop
  endfacet
  facet normal -6.123234e-17 0.000000e+00 -1.000000e+00
    outer loop
      vertex -8.692107e+00 1.627856e+01 0.000000e+00
      vertex -9.307181e+00 1.488326e+01 0.000000e+00
      vertex -9.380282e+00 1.651482e+01 0.000000e+00
    endloop
  endfacet
  facet normal -6.123234e-17 0.000000e+00 -1.000000e+00
    outer loop
      vertex -9.380282e+00 1.651482e+01 0.000000e+00
      vertex -9.307181e+00 1.488326e+01 0.000000e+00
      vertex -9.913909e+00 1.508040e+01 0.000000e+00
    endloop
  endfacet
  facet normal -6.123234e-17 0.000000e+00 -1.000000e+00
    outer loop
      vertex -9.380282e+00 1.651482e+01 0.000000e+00
      vertex -9.913909e+00 1.508040e+01 0.000000e+00
      vertex -1.009027e+01 1.667393e+01 0.000000e+00
    endloop
  endfacet
  facet normal -6.123234e-17 0.000000e+00 -1.000000e+00
    outer loop
      vertex -1.009027e+01 1.667393e+01 0.000000e+00
      vertex -9.913909e+00 1.508040e+01 0.000000e+00
      vertex -1.054056e+01 1.519994e+01 8.881784e-16
    endloop
  endfacet
  facet normal -6.123234e-17 0.000000e+00 -1.000000e+00
    outer loop
      vertex -1.009027e+01 1.667393e+01 0.000000e+00
      vertex -1.054056e+01 1.519994e+01 8.881784e-16
      vertex -1.081345e+01 1.675397e+01 8.881784e-16
    endloop
  endfacet
  facet normal -6.123234e-17 0.000000e+00 -1.000000e+00
    outer loop
      vertex -1.081345e+01 1.675397e+01 8.881784e-16
      vertex -1.054056e+01 1.519994e+01 8.881784e-16
      vertex -1.117725e+01 1.524000e+01 8.881784e-16
    endloop
  endfacet
  facet normal -6.123234e-17 0.000000e+00 -1.000000e+00
    outer loop
      vertex -1.081345e+01 1.675397e+01 8.881784e-16
      vertex -1.117725e+01 1.524000e+01 8.881784e-16
      vertex -1.154105e+01 1.675397e+01 8.881784e-16
    endloop
  endfacet
  facet normal -6.123234e-17 0.000000e+00 -1.000000e+00
    outer loop
      vertex -1.154105e+01 1.675397e+01 8.881784e-16
      vertex -1.117725e+01 1.524000e+01 8.881784e-16
      vertex -1.181395e+01 1.519994e+01 8.881784e-16
    endloop
  endfacet
  facet normal -6.123234e-17 0.000000e+00 -1.000000e+00
    outer loop
      vertex -1.154105e+01 1.675397e+01 8.881784e-16
      vertex -1.181395e+01 1.519994e+01 8.881784e-16
      vertex -1.226424e+01 1.667393e+01 8.881784e-16
    endloop
  endfacet
  facet normal -6.123234e-17 0.000000e+00 -1.000000e+00
    outer loop
      vertex -1.226424e+01 1.667393e+01 8.881784e-16
      vertex -1.181395e+01 1.519994e+01 8.881784e-16
      vertex -1.244060e+01 1.508040e+01 8.881784e-16
    endloop
  endfacet
  facet normal -6.123234e-17 0.000000e+00 -1.000000e+00
    outer loop
      vertex -1.226424e+01 1.667393e+01 8.881784e-16
      vertex -1.244060e+01 1.508040e+01 8.881784e-16
      vertex -1.297423e+01 1.651482e+01 8.881784e-16
    endloop
  endfacet
  facet normal -6.123234e-17 0.000000e+00 -1.000000e+00
    outer loop
      vertex -1.297423e+01 1.651482e+01 8.881784e-16
      vertex -1.244060e+01 1.508040e+01 8.881784e-16
      vertex -1.304733e+01 1.488326e+01 8.881784e-16
    endloop
  endfacet
  facet normal -6.123234e-17 0.000000e+00 -1.000000e+00
    outer loop
      vertex -1.297423e+01 1.651482e+01 8.881784e-16
      vertex -1.304733e+01 1.488326e+01 8.881784e-16
      vertex -1.366240e+01 1.627856e+01 8.881784e-16
    endloop
  endfacet
  facet normal -6.123234e-17 0.000000e+00 -1.000000e+00
    outer loop
      vertex -1.366240e+01 1.627856e+01 8.881784e-16
      vertex -1.304733e+01 1.488326e+01 8.881784e-16
      vertex -1.362456e+01 1.461164e+01 8.881784e-16
    endloop
  endfacet
  facet normal -6.123234e-17 0.000000e+00 -1.000000e+00
    outer loop
      vertex -1.366240e+01 1.627856e+01 8.881784e-16
      vertex -1.362456e+01 1.461164e+01 8.881784e-16
      vertex -1.432041e+01 1.596804e+01 8.881784e-16
    endloop
  endfacet
  facet normal -6.123234e-17 0.000000e+00 -1.000000e+00
    outer loop
      vertex -1.432041e+01 1.596804e+01 8.881784e-16
      vertex -1.362456e+01 1.461164e+01 8.881784e-16
      vertex -1.494027e+01 1.558702e+01 8.881784e-16
    endloop
  endfacet
  facet normal -6.123234e-17 0.000000e+00 -1.000000e+00
    outer loop
      vertex -1.494027e+01 1.558702e+01 8.881784e-16
      vertex -1.362456e+01 1.461164e+01 8.881784e-16
      vertex -1.416320e+01 1.426981e+01 8.881784e-16
    endloop
  endfacet
  facet normal -6.123234e-17 0.000000e+00 -1.000000e+00
    outer loop
      vertex -1.494027e+01 1.558702e+01 8.881784e-16
      vertex -1.416320e+01 1.426981e+01 8.881784e-16
      vertex -1.551444e+01 1.514012e+01 8.881784e-16
    endloop
  endfacet
  facet normal -6.123234e-17 0.000000e+00 -1.000000e+00
    outer loop
      vertex -1.551444e+01 1.514012e+01 8.881784e-16
      vertex -1.416320e+01 1.426981e+01 8.881784e-16
      vertex -1.465475e+01 1.386316e+01 8.881784e-16
    endloop
  endfacet
  facet normal -6.123234e-17 0.000000e+00 -1.000000e+00
    outer loop
      vertex -1.551444e+01 1.514012e+01 8.881784e-16
      vertex -1.465475e+01 1.386316e+01 8.881784e-16
      vertex -1.603597e+01 1.463277e+01 8.881784e-16
    endloop
  endfacet
  facet normal -6.123234e-17 0.000000e+00 -1.000000e+00
    outer loop
      vertex -1.603597e+01 1.463277e+01 8.881784e-16
      vertex -1.465475e+01 1.386316e+01 8.881784e-16
      vertex -1.509146e+01 1.339811e+01 8.881784e-16
    endloop
  endfacet
  facet normal -6.123234e-17 0.000000e+00 -1.000000e+00
    outer loop
      vertex -1.603597e+01 1.463277e+01 8.881784e-16
      vertex -1.509146e+01 1.339811e+01 8.881784e-16
      vertex -1.649853e+01 1.407112e+01 8.881784e-16
    endloop
  endfacet
  facet normal -6.123234e-17 0.000000e+00 -1.000000e+00
    outer loop
      vertex -1.649853e+01 1.407112e+01 8.881784e-16
      vertex -1.509146e+01 1.339811e+01 8.881784e-16
      vertex -1.546644e+01 1.288200e+01 8.881784e-16
    endloop
  endfacet
  facet normal -6.123234e-17 0.000000e+00 -1.000000e+00
    outer loop
      vertex -1.649853e+01 1.407112e+01 8.881784e-16
      vertex -1.546644e+01 1.288200e+01 8.881784e-16
      vertex -1.689649e+01 1.346200e+01 8.881784e-16
    endloop
  endfacet
  facet normal -6.123234e-17 0.000000e+00 -1.000000e+00
    outer loop
      vertex -1.689649e+01 1.346200e+01 8.881784e-16
      vertex -1.546644e+01 1.288200e+01 8.881784e-16
      vertex -1.577378e+01 1.232296e+01 8.881784e-16
    endloop
  endfacet
  facet normal -6.123234e-17 0.000000e+00 -1.000000e+00
    outer loop
      vertex -1.689649e+01 1.346200e+01 8.881784e-16
      vertex -1.577378e+01 1.232296e+01 8.881784e-16
      vertex -1.722502e+01 1.281280e+01 8.881784e-16
    endloop
  endfacet
  facet normal -6.123234e-17 0.000000e+00 -1.000000e+00
    outer loop
      vertex -1.722502e+01 1.281280e+01 8.881784e-16
      vertex -1.577378e+01 1.232296e+01 8.881784e-16
      vertex -1.600862e+01 1.172980e+01 8.881784e-16
    endloop
  endfacet
  facet normal -6.123234e-17 0.000000e+00 -1.000000e+00
    outer loop
      vertex -1.722502e+01 1.281280e+01 8.881784e-16
      vertex -1.600862e+01 1.172980e+01 8.881784e-16
      vertex -1.748014e+01 1.213139e+01 8.881784e-16
    endloop
  endfacet
  facet normal -6.123234e-17 0.000000e+00 -1.000000e+00
    outer loop
      vertex -1.748014e+01 1.213139e+01 8.881784e-16
      vertex -1.600862e+01 1.172980e+01 8.881784e-16
      vertex -1.616727e+01 1.111190e+01 8.881784e-16
    endloop
  endfacet
  facet normal -6.123234e-17 0.000000e+00 -1.000000e+00
    outer loop
      vertex -1.748014e+01 1.213139e+01 8.881784e-16
      vertex -1.616727e+01 1.111190e+01 8.881784e-16
      vertex -1.765876e+01 1.142606e+01 8.881784e-16
    endloop
  endfacet
  facet normal -6.123234e-17 0.000000e+00 -1.000000e+00
    outer loop
      vertex -1.765876e+01 1.142606e+01 8.881784e-16
      vertex -1.616727e+01 1.111190e+01 8.881784e-16
      vertex -1.775870e+01 1.070535e+01 8.881784e-16
    endloop
  endfacet
  facet normal -6.123234e-17 0.000000e+00 -1.000000e+00
    outer loop
      vertex -1.775870e+01 1.070535e+01 8.881784e-16
      vertex -1.616727e+01 1.111190e+01 8.881784e-16
      vertex -1.624723e+01 1.047897e+01 8.881784e-16
    endloop
  endfacet
  facet normal -6.123234e-17 0.000000e+00 -1.000000e+00
    outer loop
      vertex -1.775870e+01 1.070535e+01 8.881784e-16
      vertex -1.624723e+01 1.047897e+01 8.881784e-16
      vertex -1.777875e+01 9.978031e+00 8.881784e-16
    endloop
  endfacet
  facet normal -6.123234e-17 0.000000e+00 -1.000000e+00
    outer loop
      vertex -1.777875e+01 9.978031e+00 8.881784e-16
      vertex -1.624723e+01 1.047897e+01 8.881784e-16
      vertex -1.624723e+01 9.841022e+00 8.881784e-16
    endloop
  endfacet
  facet normal -6.123234e-17 0.000000e+00 -1.000000e+00
    outer loop
      vertex -1.777875e+01 9.978031e+00 8.881784e-16
      vertex -1.624723e+01 9.841022e+00 8.881784e-16
      vertex -1.771866e+01 9.252918e+00 8.881784e-16
    endloop
  endfacet
  facet normal -6.123234e-17 0.000000e+00 -1.000000e+00
    outer loop
      vertex -1.771866e+01 9.252918e+00 8.881784e-16
      vertex -1.624723e+01 9.841022e+00 8.881784e-16
      vertex -1.616727e+01 9.208103e+00 8.881784e-16
    endloop
  endfacet
  facet normal -6.123234e-17 0.000000e+00 -1.000000e+00
    outer loop
      vertex -1.771866e+01 9.252918e+00 8.881784e-16
      vertex -1.616727e+01 9.208103e+00 8.881784e-16
      vertex -1.757917e+01 8.538813e+00 8.881784e-16
    endloop
  endfacet
  facet normal -6.123234e-17 0.000000e+00 -1.000000e+00
    outer loop
      vertex -1.757917e+01 8.538813e+00 8.881784e-16
      vertex -1.616727e+01 9.208103e+00 8.881784e-16
      vertex -1.600862e+01 8.590193e+00 8.881784e-16
    endloop
  endfacet
  facet normal -6.123234e-17 0.000000e+00 -1.000000e+00
    outer loop
      vertex -1.757917e+01 8.538813e+00 8.881784e-16
      vertex -1.600862e+01 8.590193e+00 8.881784e-16
      vertex -1.736197e+01 7.844389e+00 8.881784e-16
    endloop
  endfacet
  facet normal -6.123234e-17 0.000000e+00 -1.000000e+00
    outer loop
      vertex -1.736197e+01 7.844389e+00 8.881784e-16
      vertex -1.600862e+01 8.590193e+00 8.881784e-16
      vertex -1.577378e+01 7.997040e+00 8.881784e-16
    endloop
  endfacet
  facet normal -6.123234e-17 0.000000e+00 -1.000000e+00
    outer loop
      vertex -1.736197e+01 7.844389e+00 8.881784e-16
      vertex -1.577378e+01 7.997040e+00 8.881784e-16
      vertex -1.706970e+01 7.178074e+00 8.881784e-16
    endloop
  endfacet
  facet normal -6.123234e-17 0.000000e+00 -1.000000e+00
    outer loop
      vertex -1.706970e+01 7.178074e+00 8.881784e-16
      vertex -1.577378e+01 7.997040e+00 8.881784e-16
      vertex -1.546644e+01 7.438000e+00 8.881784e-16
    endloop
  endfacet
  facet normal -6.123234e-17 0.000000e+00 -1.000000e+00
    outer loop
      vertex -1.706970e+01 7.178074e+00 8.881784e-16
      vertex -1.546644e+01 7.438000e+00 8.881784e-16
      vertex -1.670590e+01 6.547955e+00 8.881784e-16
    endloop
  endfacet
  facet normal -6.123234e-17 0.000000e+00 -1.000000e+00
    outer loop
      vertex -1.670590e+01 6.547955e+00 8.881784e-16
      vertex -1.546644e+01 7.438000e+00 8.881784e-16
      vertex -1.509146e+01 6.921886e+00 8.881784e-16
    endloop
  endfacet
  facet normal -6.123234e-17 0.000000e+00 -1.000000e+00
    outer loop
      vertex -1.670590e+01 6.547955e+00 8.881784e-16
      vertex -1.509146e+01 6.921886e+00 8.881784e-16
      vertex -1.627499e+01 5.961679e+00 8.881784e-16
    endloop
  endfacet
  facet normal -6.123234e-17 0.000000e+00 -1.000000e+00
    outer loop
      vertex -1.627499e+01 5.961679e+00 8.881784e-16
      vertex -1.509146e+01 6.921886e+00 8.881784e-16
      vertex -1.578220e+01 5.426367e+00 8.881784e-16
    endloop
  endfacet
  facet normal -6.123234e-17 0.000000e+00 -1.000000e+00
    outer loop
      vertex -1.578220e+01 5.426367e+00 8.881784e-16
      vertex -1.509146e+01 6.921886e+00 8.881784e-16
      vertex -1.465475e+01 6.456839e+00 8.881784e-16
    endloop
  endfacet
  facet normal -6.123234e-17 0.000000e+00 -1.000000e+00
    outer loop
      vertex -1.578220e+01 5.426367e+00 8.881784e-16
      vertex -1.465475e+01 6.456839e+00 8.881784e-16
      vertex -1.523351e+01 4.948515e+00 8.881784e-16
    endloop
  endfacet
  facet normal -6.123234e-17 0.000000e+00 -1.000000e+00
    outer loop
      vertex -1.523351e+01 4.948515e+00 8.881784e-16
      vertex -1.465475e+01 6.456839e+00 8.881784e-16
      vertex -1.416320e+01 6.050194e+00 8.881784e-16
    endloop
  endfacet
  facet normal -6.123234e-17 0.000000e+00 -1.000000e+00
    outer loop
      vertex -1.523351e+01 4.948515e+00 8.881784e-16
      vertex -1.416320e+01 6.050194e+00 8.881784e-16
      vertex -1.463559e+01 4.533924e+00 8.881784e-16
    endloop
  endfacet
  facet normal -6.123234e-17 0.000000e+00 -1.000000e+00
    outer loop
      vertex -1.463559e+01 4.533924e+00 8.881784e-16
      vertex -1.416320e+01 6.050194e+00 8.881784e-16
      vertex -1.362456e+01 5.708361e+00 8.881784e-16
    endloop
  endfacet
  facet normal -6.123234e-17 0.000000e+00 -1.000000e+00
    outer loop
      vertex -1.463559e+01 4.533924e+00 8.881784e-16
      vertex -1.362456e+01 5.708361e+00 8.881784e-16
      vertex -1.399569e+01 4.187624e+00 8.881784e-16
    endloop
  endfacet
  facet normal -6.123234e-17 0.000000e+00 -1.000000e+00
    outer loop
      vertex -1.399569e+01 4.187624e+00 8.881784e-16
      vertex -1.362456e+01 5.708361e+00 8.881784e-16
      vertex -1.304733e+01 5.436735e+00 8.881784e-16
    endloop
  endfacet
  facet normal -6.123234e-17 0.000000e+00 -1.000000e+00
    outer loop
      vertex -1.399569e+01 4.187624e+00 8.881784e-16
      vertex -1.304733e+01 5.436735e+00 8.881784e-16
      vertex -1.332157e+01 3.913822e+00 8.881784e-16
    endloop
  endfacet
  facet normal -6.123234e-17 0.000000e+00 -1.000000e+00
    outer loop
      vertex -1.332157e+01 3.913822e+00 8.881784e-16
      vertex -1.304733e+01 5.436735e+00 8.881784e-16
      vertex -1.244060e+01 5.239597e+00 8.881784e-16
    endloop
  endfacet
  facet normal -6.123234e-17 0.000000e+00 -1.000000e+00
    outer loop
      vertex -1.332157e+01 3.913822e+00 8.881784e-16
      vertex -1.244060e+01 5.239597e+00 8.881784e-16
      vertex -1.262142e+01 3.715839e+00 8.881784e-16
    endloop
  endfacet
  facet normal -6.123234e-17 0.000000e+00 -1.000000e+00
    outer loop
      vertex -1.262142e+01 3.715839e+00 8.881784e-16
      vertex -1.244060e+01 5.239597e+00 8.881784e-16
      vertex -1.181395e+01 5.120056e+00 8.881784e-16
    endloop
  endfacet
  facet normal -6.123234e-17 0.000000e+00 -1.000000e+00
    outer loop
      vertex -1.262142e+01 3.715839e+00 8.881784e-16
      vertex -1.181395e+01 5.120056e+00 8.881784e-16
      vertex -1.190375e+01 3.596081e+00 8.881784e-16
    endloop
  endfacet
  facet normal -6.123234e-17 0.000000e+00 -1.000000e+00
    outer loop
      vertex -1.190375e+01 3.596081e+00 8.881784e-16
      vertex -1.181395e+01 5.120056e+00 8.881784e-16
      vertex -1.117725e+01 5.080000e+00 8.881784e-16
    endloop
  endfacet
  facet normal -6.123234e-17 0.000000e+00 -1.000000e+00
    outer loop
      vertex -1.181395e+01 5.120056e+00 6.350000e+00
      vertex -1.181395e+01 1.519994e+01 6.350000e+00
      vertex -1.117725e+01 5.080000e+00 6.350000e+00
    endloop
  endfacet
  facet normal -6.123234e-17 0.000000e+00 -1.000000e+00
    outer loop
      vertex -1.117725e+01 5.080000e+00 6.350000e+00
      vertex -1.181395e+01 1.519994e+01 6.350000e+00
      vertex -1.117725e+01 1.524000e+01 6.350000e+00
    endloop
  endfacet
  facet normal -6.123234e-17 0.000000e+00 -1.000000e+00
    outer loop
      vertex -1.117725e+01 5.080000e+00 6.350000e+00
      vertex -1.117725e+01 1.524000e+01 6.350000e+00
      vertex -1.054056e+01 5.120056e+00 6.350000e+00
    endloop
  endfacet
  facet normal -6.123234e-17 0.000000e+00 -1.000000e+00
    outer loop
      vertex -1.054056e+01 5.120056e+00 6.350000e+00
      vertex -1.117725e+01 1.524000e+01 6.350000e+00
      vertex -1.054056e+01 1.519994e+01 6.350000e+00
    endloop
  endfacet
  facet normal -6.123234e-17 0.000000e+00 -1.000000e+00
    outer loop
      vertex -1.054056e+01 5.120056e+00 6.350000e+00
      vertex -1.054056e+01 1.519994e+01 6.350000e+00
      vertex -9.913909e+00 5.239597e+00 6.350000e+00
    endloop
  endfacet
  facet normal -6.123234e-17 0.000000e+00 -1.000000e+00
    outer loop
      vertex -9.913909e+00 5.239597e+00 6.350000e+00
      vertex -1.054056e+01 1.519994e+01 6.350000e+00
      vertex -9.913909e+00 1.508040e+01 6.350000e+00
    endloop
  endfacet
  facet normal -6.123234e-17 0.000000e+00 -1.000000e+00
    outer loop
      vertex -9.913909e+00 5.239597e+00 6.350000e+00
      vertex -9.913909e+00 1.508040e+01 6.350000e+00
      vertex -9.307181e+00 5.436735e+00 6.350000e+00
    endloop
  endfacet
  facet normal -6.123234e-17 0.000000e+00 -1.000000e+00
    outer loop
      vertex -9.307181e+00 5.436735e+00 6.350000e+00
      vertex -9.913909e+00 1.508040e+01 6.350000e+00
      vertex -9.307181e+00 1.488326e+01 6.350000e+00
    endloop
  endfacet
  facet normal -6.123234e-17 0.000000e+00 -1.000000e+00
    outer loop
      vertex -9.307181e+00 5.436735e+00 6.350000e+00
      vertex -9.307181e+00 1.488326e+01 6.350000e+00
      vertex -8.729945e+00 5.708361e+00 6.350000e+00
    endloop
  endfacet
  facet normal -6.123234e-17 0.000000e+00 -1.000000e+00
    outer loop
      vertex -8.729945e+00 5.708361e+00 6.350000e+00
      vertex -9.307181e+00 1.488326e+01 6.350000e+00
      vertex -8.729945e+00 1.461164e+01 6.350000e+00
    endloop
  endfacet
  facet normal -6.123234e-17 0.000000e+00 -1.000000e+00
    outer loop
      vertex -8.729945e+00 5.708361e+00 6.350000e+00
      vertex -8.729945e+00 1.461164e+01 6.350000e+00
      vertex -8.191305e+00 6.050194e+00 6.350000e+00
    endloop
  endfacet
  facet normal -6.123234e-17 0.000000e+00 -1.000000e+00
    outer loop
      vertex -8.191305e+00 6.050194e+00 6.350000e+00
      vertex -8.729945e+00 1.461164e+01 6.350000e+00
      vertex -8.191305e+00 1.426981e+01 6.350000e+00
    endloop
  endfacet
  facet normal -6.123234e-17 0.000000e+00 -1.000000e+00
    outer loop
      vertex -8.191305e+00 6.050194e+00 6.350000e+00
      vertex -8.191305e+00 1.426981e+01 6.350000e+00
      vertex -7.699754e+00 6.456839e+00 6.350000e+00
    endloop
  endfacet
  facet normal -6.123234e-17 0.000000e+00 -1.000000e+00
    outer loop
      vertex -7.699754e+00 6.456839e+00 6.350000e+00
      vertex -8.191305e+00 1.426981e+01 6.350000e+00
      vertex -7.699754e+00 1.386316e+01 6.350000e+00
    endloop
  endfacet
  facet normal -6.123234e-17 0.000000e+00 -1.000000e+00
    outer loop
      vertex -7.699754e+00 6.456839e+00 6.350000e+00
      vertex -7.699754e+00 1.386316e+01 6.350000e+00
      vertex -7.263047e+00 6.921886e+00 6.350000e+00
    endloop
  endfacet
  facet normal -6.123234e-17 0.000000e+00 -1.000000e+00
    outer loop
      vertex -7.263047e+00 6.921886e+00 6.350000e+00
      vertex -7.699754e+00 1.386316e+01 6.350000e+00
      vertex -7.263047e+00 1.339811e+01 6.350000e+00
    endloop
  endfacet
  facet normal -6.123234e-17 0.000000e+00 -1.000000e+00
    outer loop
      vertex -7.263047e+00 6.921886e+00 6.350000e+00
      vertex -7.263047e+00 1.339811e+01 6.350000e+00
      vertex -6.888068e+00 7.438000e+00 6.350000e+00
    endloop
  endfacet
  facet normal -6.123234e-17 0.000000e+00 -1.000000e+00
    outer loop
      vertex -6.888068e+00 7.438000e+00 6.350000e+00
      vertex -7.263047e+00 1.339811e+01 6.350000e+00
      vertex -6.888068e+00 1.288200e+01 6.350000e+00
    endloop
  endfacet
  facet normal -6.123234e-17 0.000000e+00 -1.000000e+00
    outer loop
      vertex -6.888068e+00 7.438000e+00 6.350000e+00
      vertex -6.888068e+00 1.288200e+01 6.350000e+00
      vertex -6.580732e+00 7.997040e+00 6.350000e+00
    endloop
  endfacet
  facet normal -6.123234e-17 0.000000e+00 -1.000000e+00
    outer loop
      vertex -6.580732e+00 7.997040e+00 6.350000e+00
      vertex -6.888068e+00 1.288200e+01 6.350000e+00
      vertex -6.580732e+00 1.232296e+01 6.350000e+00
    endloop
  endfacet
  facet normal -6.123234e-17 0.000000e+00 -1.000000e+00
    outer loop
      vertex -6.580732e+00 7.997040e+00 6.350000e+00
      vertex -6.580732e+00 1.232296e+01 6.350000e+00
      vertex -6.345887e+00 8.590193e+00 6.350000e+00
    endloop
  endfacet
  facet normal -6.123234e-17 0.000000e+00 -1.000000e+00
    outer loop
      vertex -6.345887e+00 8.590193e+00 6.350000e+00
      vertex -6.580732e+00 1.232296e+01 6.350000e+00
      vertex -6.345887e+00 1.172980e+01 6.350000e+00
    endloop
  endfacet
  facet normal -6.123234e-17 0.000000e+00 -1.000000e+00
    outer loop
      vertex -6.345887e+00 8.590193e+00 6.350000e+00
      vertex -6.345887e+00 1.172980e+01 6.350000e+00
      vertex -6.187234e+00 9.208103e+00 6.350000e+00
    endloop
  endfacet
  facet normal -6.123234e-17 0.000000e+00 -1.000000e+00
    outer loop
      vertex -6.187234e+00 9.208103e+00 6.350000e+00
      vertex -6.345887e+00 1.172980e+01 6.350000e+00
      vertex -6.187234e+00 1.111190e+01 6.350000e+00
    endloop
  endfacet
  facet normal -6.123234e-17 0.000000e+00 -1.000000e+00
    outer loop
      vertex -6.187234e+00 9.208103e+00 6.350000e+00
      vertex -6.187234e+00 1.111190e+01 6.350000e+00
      vertex -6.107277e+00 9.841022e+00 6.350000e+00
    endloop
  endfacet
  facet normal -6.123234e-17 0.000000e+00 -1.000000e+00
    outer loop
      vertex -6.107277e+00 9.841022e+00 6.350000e+00
      vertex -6.187234e+00 1.111190e+01 6.350000e+00
      vertex -6.107277e+00 1.047897e+01 6.350000e+00
    endloop
  endfacet
  facet normal -6.123234e-17 0.000000e+00 -1.000000e+00
    outer loop
      vertex -1.181395e+01 1.519994e+01 6.350000e+00
      vertex -1.181395e+01 5.120056e+00 6.350000e+00
      vertex -1.244060e+01 1.508040e+01 6.350000e+00
    endloop
  endfacet
  facet normal -6.123234e-17 0.000000e+00 -1.000000e+00
    outer loop
      vertex -1.244060e+01 1.508040e+01 6.350000e+00
      vertex -1.181395e+01 5.120056e+00 6.350000e+00
      vertex -1.244060e+01 5.239597e+00 6.350000e+00
    endloop
  endfacet
  facet normal -6.123234e-17 0.000000e+00 -1.000000e+00
    outer loop
      vertex -1.244060e+01 1.508040e+01 6.350000e+00
      vertex -1.244060e+01 5.239597e+00 6.350000e+00
      vertex -1.304733e+01 1.488326e+01 6.350000e+00
    endloop
  endfacet
  facet normal -6.123234e-17 0.000000e+00 -1.000000e+00
    outer loop
      vertex -1.304733e+01 1.488326e+01 6.350000e+00
      vertex -1.244060e+01 5.239597e+00 6.350000e+00
      vertex -1.304733e+01 5.436735e+00 6.350000e+00
    endloop
  endfacet
  facet normal -6.123234e-17 0.000000e+00 -1.000000e+00
    outer loop
      vertex -1.304733e+01 1.488326e+01 6.350000e+00
      vertex -1.304733e+01 5.436735e+00 6.350000e+00
      vertex -1.362456e+01 1.461164e+01 6.350000e+00
    endloop
  endfacet
  facet normal -6.123234e-17 0.000000e+00 -1.000000e+00
    outer loop
      vertex -1.362456e+01 1.461164e+01 6.350000e+00
      vertex -1.304733e+01 5.436735e+00 6.350000e+00
      vertex -1.362456e+01 5.708361e+00 6.350000e+00
    endloop
  endfacet
  facet normal -6.123234e-17 0.000000e+00 -1.000000e+00
    outer loop
      vertex -1.362456e+01 1.461164e+01 6.350000e+00
      vertex -1.362456e+01 5.708361e+00 6.350000e+00
      vertex -1.416320e+01 1.426981e+01 6.350000e+00
    endloop
  endfacet
  facet normal -6.123234e-17 0.000000e+00 -1.000000e+00
    outer loop
      vertex -1.416320e+01 1.426981e+01 6.350000e+00
      vertex -1.362456e+01 5.708361e+00 6.350000e+00
      vertex -1.416320e+01 6.050194e+00 6.350000e+00
    endloop
  endfacet
  facet normal -6.123234e-17 0.000000e+00 -1.000000e+00
    outer loop
      vertex -1.416320e+01 1.426981e+01 6.350000e+00
      vertex -1.416320e+01 6.050194e+00 6.350000e+00
      vertex -1.465475e+01 1.386316e+01 6.350000e+00
    endloop
  endfacet
  facet normal -6.123234e-17 0.000000e+00 -1.000000e+00
    outer loop
      vertex -1.465475e+01 1.386316e+01 6.350000e+00
      vertex -1.416320e+01 6.050194e+00 6.350000e+00
      vertex -1.465475e+01 6.456839e+00 6.350000e+00
    endloop
  endfacet
  facet normal -6.123234e-17 0.000000e+00 -1.000000e+00
    outer loop
      vertex -1.465475e+01 1.386316e+01 6.350000e+00
      vertex -1.465475e+01 6.456839e+00 6.350000e+00
      vertex -1.509146e+01 1.339811e+01 6.350000e+00
    endloop
  endfacet
  facet normal -6.123234e-17 0.000000e+00 -1.000000e+00
    outer loop
      vertex -1.509146e+01 1.339811e+01 6.350000e+00
      vertex -1.465475e+01 6.456839e+00 6.350000e+00
      vertex -1.509146e+01 6.921886e+00 6.350000e+00
    endloop
  endfacet
  facet normal -6.123234e-17 0.000000e+00 -1.000000e+00
    outer loop
      vertex -1.509146e+01 1.339811e+01 6.350000e+00
      vertex -1.509146e+01 6.921886e+00 6.350000e+00
      vertex -1.546644e+01 1.288200e+01 6.350000e+00
    endloop
  endfacet
  facet normal -6.123234e-17 0.000000e+00 -1.000000e+00
    outer loop
      vertex -1.546644e+01 1.288200e+01 6.350000e+00
      vertex -1.509146e+01 6.921886e+00 6.350000e+00
      vertex -1.546644e+01 7.438000e+00 6.350000e+00
    endloop
  endfacet
  facet normal -6.123234e-17 0.000000e+00 -1.000000e+00
    outer loop
      vertex -1.546644e+01 1.288200e+01 6.350000e+00
      vertex -1.546644e+01 7.438000e+00 6.350000e+00
      vertex -1.577378e+01 1.232296e+01 6.350000e+00
    endloop
  endfacet
  facet normal -6.123234e-17 0.000000e+00 -1.000000e+00
    outer loop
      vertex -1.577378e+01 1.232296e+01 6.350000e+00
      vertex -1.546644e+01 7.438000e+00 6.350000e+00
      vertex -1.577378e+01 7.997040e+00 6.350000e+00
    endloop
  endfacet
  facet normal -6.123234e-17 0.000000e+00 -1.000000e+00
    outer loop
      vertex -1.577378e+01 1.232296e+01 6.350000e+00
      vertex -1.577378e+01 7.997040e+00 6.350000e+00
      vertex -1.600862e+01 1.172980e+01 6.350000e+00
    endloop
  endfacet
  facet normal -6.123234e-17 0.000000e+00 -1.000000e+00
    outer loop
      vertex -1.600862e+01 1.172980e+01 6.350000e+00
      vertex -1.577378e+01 7.997040e+00 6.350000e+00
      vertex -1.600862e+01 8.590193e+00 6.350000e+00
    endloop
  endfacet
  facet normal -6.123234e-17 0.000000e+00 -1.000000e+00
    outer loop
      vertex -1.600862e+01 1.172980e+01 6.350000e+00
      vertex -1.600862e+01 8.590193e+00 6.350000e+00
      vertex -1.616727e+01 1.111190e+01 6.350000e+00
    endloop
  endfacet
  facet normal -6.123234e-17 0.000000e+00 -1.000000e+00
    outer loop
      vertex -1.616727e+01 1.111190e+01 6.350000e+00
      vertex -1.600862e+01 8.590193e+00 6.350000e+00
      vertex -1.616727e+01 9.208103e+00 6.350000e+00
    endloop
  endfacet
  facet normal -6.123234e-17 0.000000e+00 -1.000000e+00
    outer loop
      vertex -1.616727e+01 1.111190e+01 6.350000e+00
      vertex -1.616727e+01 9.208103e+00 6.350000e+00
      vertex -1.624723e+01 1.047897e+01 6.350000e+00
    endloop
  endfacet
  facet normal -6.123234e-17 0.000000e+00 -1.000000e+00
    outer loop
      vertex -1.624723e+01 1.047897e+01 6.350000e+00
      vertex -1.616727e+01 9.208103e+00 6.350000e+00
      vertex -1.624723e+01 9.841022e+00 6.350000e+00
    endloop
  endfacet
  facet normal 6.279052e-02 9.980267e-01 4.006793e-17
    outer loop
      vertex -1.181395e+01 -1.519994e+01 8.881784e-16
      vertex -1.181395e+01 -1.519994e+01 6.350000e+00
      vertex -1.117725e+01 -1.524000e+01 8.881784e-16
    endloop
  endfacet
  facet normal 6.279052e-02 9.980267e-01 -3.844810e-18
    outer loop
      vertex -1.117725e+01 -1.524000e+01 8.881784e-16
      vertex -1.181395e+01 -1.519994e+01 6.350000e+00
      vertex -1.117725e+01 -1.524000e+01 6.350000e+00
    endloop
  endfacet
  facet normal -6.279052e-02 9.980267e-01 3.844810e-18
    outer loop
      vertex -1.117725e+01 -1.524000e+01 8.881784e-16
      vertex -1.117725e+01 -1.524000e+01 6.350000e+00
      vertex -1.054056e+01 -1.519994e+01 8.881784e-16
    endloop
  endfacet
  facet normal -6.279052e-02 9.980267e-01 -4.006793e-17
    outer loop
      vertex -1.054056e+01 -1.519994e+01 8.881784e-16
      vertex -1.117725e+01 -1.524000e+01 6.350000e+00
      vertex -1.054056e+01 -1.519994e+01 6.350000e+00
    endloop
  endfacet
  facet normal -1.873813e-01 9.822872e-01 -1.195719e-16
    outer loop
      vertex -1.054056e+01 -1.519994e+01 8.881784e-16
      vertex -1.054056e+01 -1.519994e+01 6.350000e+00
      vertex -9.913909e+00 -1.508040e+01 0.000000e+00
    endloop
  endfacet
  facet normal -1.873813e-01 9.822872e-01 -6.715363e-17
    outer loop
      vertex -9.913909e+00 -1.508040e+01 0.000000e+00
      vertex -1.054056e+01 -1.519994e+01 6.350000e+00
      vertex -9.913909e+00 -1.508040e+01 6.350000e+00
    endloop
  endfacet
  facet normal -3.090170e-01 9.510565e-01 -1.107454e-16
    outer loop
      vertex -9.913909e+00 -1.508040e+01 0.000000e+00
      vertex -9.913909e+00 -1.508040e+01 6.350000e+00
      vertex -9.307181e+00 -1.488327e+01 0.000000e+00
    endloop
  endfacet
  facet normal -3.090170e-01 9.510565e-01 6.550190e-17
    outer loop
      vertex -9.307181e+00 -1.488327e+01 0.000000e+00
      vertex -9.913909e+00 -1.508040e+01 6.350000e+00
      vertex -9.307181e+00 -1.488327e+01 6.350000e+00
    endloop
  endfacet
  facet normal -4.257793e-01 9.048271e-01 3.352216e-17
    outer loop
      vertex -9.307181e+00 -1.488327e+01 0.000000e+00
      vertex -9.307181e+00 -1.488327e+01 6.350000e+00
      vertex -8.729945e+00 -1.461164e+01 0.000000e+00
    endloop
  endfacet
  facet normal -4.257793e-01 9.048271e-01 2.607146e-17
    outer loop
      vertex -8.729945e+00 -1.461164e+01 0.000000e+00
      vertex -9.307181e+00 -1.488327e+01 6.350000e+00
      vertex -8.729945e+00 -1.461164e+01 6.350000e+00
    endloop
  endfacet
  facet normal -5.358268e-01 8.443279e-01 3.280993e-17
    outer loop
      vertex -8.729945e+00 -1.461164e+01 0.000000e+00
      vertex -8.729945e+00 -1.461164e+01 6.350000e+00
      vertex -8.191305e+00 -1.426981e+01 0.000000e+00
    endloop
  endfacet
  facet normal -5.358268e-01 8.443279e-01 -1.806753e-16
    outer loop
      vertex -8.191305e+00 -1.426981e+01 0.000000e+00
      vertex -8.729945e+00 -1.461164e+01 6.350000e+00
      vertex -8.191305e+00 -1.426981e+01 6.350000e+00
    endloop
  endfacet
  facet normal -6.374240e-01 7.705132e-01 -2.803660e-16
    outer loop
      vertex -8.191305e+00 -1.426981e+01 0.000000e+00
      vertex -8.191305e+00 -1.426981e+01 6.350000e+00
      vertex -7.699754e+00 -1.386316e+01 0.000000e+00
    endloop
  endfacet
  facet normal -6.374240e-01 7.705132e-01 1.134921e-16
    outer loop
      vertex -7.699754e+00 -1.386316e+01 0.000000e+00
      vertex -8.191305e+00 -1.426981e+01 6.350000e+00
      vertex -7.699754e+00 -1.386316e+01 6.350000e+00
    endloop
  endfacet
  facet normal -7.289686e-01 6.845471e-01 1.978339e-17
    outer loop
      vertex -7.699754e+00 -1.386316e+01 0.000000e+00
      vertex -7.699754e+00 -1.386316e+01 6.350000e+00
      vertex -7.263047e+00 -1.339811e+01 0.000000e+00
    endloop
  endfacet
  facet normal -7.289686e-01 6.845471e-01 3.220992e-17
    outer loop
      vertex -7.263047e+00 -1.339811e+01 0.000000e+00
      vertex -7.699754e+00 -1.386316e+01 6.350000e+00
      vertex -7.263047e+00 -1.339811e+01 6.350000e+00
    endloop
  endfacet
  facet normal -8.090170e-01 5.877852e-01 -1.234964e-17
    outer loop
      vertex -7.263047e+00 -1.339811e+01 0.000000e+00
      vertex -7.263047e+00 -1.339811e+01 6.350000e+00
      vertex -6.888068e+00 -1.288200e+01 0.000000e+00
    endloop
  endfacet
  facet normal -8.090170e-01 5.877852e-01 -2.386651e-16
    outer loop
      vertex -6.888068e+00 -1.288200e+01 0.000000e+00
      vertex -7.263047e+00 -1.339811e+01 6.350000e+00
      vertex -6.888068e+00 -1.288200e+01 6.350000e+00
    endloop
  endfacet
  facet normal -8.763067e-01 4.817537e-01 -3.018535e-16
    outer loop
      vertex -6.888068e+00 -1.288200e+01 0.000000e+00
      vertex -6.888068e+00 -1.288200e+01 6.350000e+00
      vertex -6.580732e+00 -1.232296e+01 0.000000e+00
    endloop
  endfacet
  facet normal -8.763067e-01 4.817537e-01 5.365831e-17
    outer loop
      vertex -6.580732e+00 -1.232296e+01 0.000000e+00
      vertex -6.888068e+00 -1.288200e+01 6.350000e+00
      vertex -6.580732e+00 -1.232296e+01 6.350000e+00
    endloop
  endfacet
  facet normal -9.297765e-01 3.681245e-01 5.693239e-17
    outer loop
      vertex -6.580732e+00 -1.232296e+01 0.000000e+00
      vertex -6.580732e+00 -1.232296e+01 6.350000e+00
      vertex -6.345887e+00 -1.172981e+01 0.000000e+00
    endloop
  endfacet
  facet normal -9.297765e-01 3.681245e-01 5.693239e-17
    outer loop
      vertex -6.345887e+00 -1.172981e+01 0.000000e+00
      vertex -6.580732e+00 -1.232296e+01 6.350000e+00
      vertex -6.345887e+00 -1.172981e+01 6.350000e+00
    endloop
  endfacet
  facet normal -9.685832e-01 2.486899e-01 5.930861e-17
    outer loop
      vertex -6.345887e+00 -1.172981e+01 0.000000e+00
      vertex -6.345887e+00 -1.172981e+01 6.350000e+00
      vertex -6.187234e+00 -1.111190e+01 0.000000e+00
    endloop
  endfacet
  facet normal -9.685832e-01 2.486899e-01 -2.937588e-18
    outer loop
      vertex -6.187234e+00 -1.111190e+01 0.000000e+00
      vertex -6.345887e+00 -1.172981e+01 6.350000e+00
      vertex -6.187234e+00 -1.111190e+01 6.350000e+00
    endloop
  endfacet
  facet normal -9.921147e-01 1.253332e-01 -1.116033e-16
    outer loop
      vertex -6.187234e+00 -1.111190e+01 0.000000e+00
      vertex -6.187234e+00 -1.111190e+01 6.350000e+00
      vertex -6.107277e+00 -1.047898e+01 0.000000e+00
    endloop
  endfacet
  facet normal -9.921147e-01 1.253332e-01 1.308712e-16
    outer loop
      vertex -6.107277e+00 -1.047898e+01 0.000000e+00
      vertex -6.187234e+00 -1.111190e+01 6.350000e+00
      vertex -6.107277e+00 -1.047898e+01 6.350000e+00
    endloop
  endfacet
  facet normal -1.000000e+00 0.000000e+00 6.123234e-17
    outer loop
      vertex -6.107277e+00 -1.047898e+01 0.000000e+00
      vertex -6.107277e+00 -1.047898e+01 6.350000e+00
      vertex -6.107277e+00 -9.841024e+00 0.000000e+00
    endloop
  endfacet
  facet normal -1.000000e+00 0.000000e+00 6.123234e-17
    outer loop
      vertex -6.107277e+00 -9.841024e+00 0.000000e+00
      vertex -6.107277e+00 -1.047898e+01 6.350000e+00
      vertex -6.107277e+00 -9.841024e+00 6.350000e+00
    endloop
  endfacet
  facet normal -9.921147e-01 -1.253332e-01 -9.372243e-18
    outer loop
      vertex -6.107277e+00 -9.841024e+00 0.000000e+00
      vertex -6.107277e+00 -9.841024e+00 6.350000e+00
      vertex -6.187234e+00 -9.208103e+00 0.000000e+00
    endloop
  endfacet
  facet normal -9.921147e-01 -1.253332e-01 2.681631e-16
    outer loop
      vertex -6.187234e+00 -9.208103e+00 0.000000e+00
      vertex -6.107277e+00 -9.841024e+00 6.350000e+00
      vertex -6.187234e+00 -9.208103e+00 6.350000e+00
    endloop
  endfacet
  facet normal -9.685832e-01 -2.486899e-01 1.911236e-16
    outer loop
      vertex -6.187234e+00 -9.208103e+00 0.000000e+00
      vertex -6.187234e+00 -9.208103e+00 6.350000e+00
      vertex -6.345887e+00 -8.590195e+00 0.000000e+00
    endloop
  endfacet
  facet normal -9.685832e-01 -2.486899e-01 -7.982902e-17
    outer loop
      vertex -6.345887e+00 -8.590195e+00 0.000000e+00
      vertex -6.187234e+00 -9.208103e+00 6.350000e+00
      vertex -6.345887e+00 -8.590195e+00 6.350000e+00
    endloop
  endfacet
  facet normal -9.297765e-01 -3.681245e-01 -1.490268e-16
    outer loop
      vertex -6.345887e+00 -8.590195e+00 0.000000e+00
      vertex -6.345887e+00 -8.590195e+00 6.350000e+00
      vertex -6.580732e+00 -7.997042e+00 0.000000e+00
    endloop
  endfacet
  facet normal -9.297765e-01 -3.681245e-01 -1.490268e-16
    outer loop
      vertex -6.580732e+00 -7.997042e+00 0.000000e+00
      vertex -6.345887e+00 -8.590195e+00 6.350000e+00
      vertex -6.580732e+00 -7.997042e+00 6.350000e+00
    endloop
  endfacet
  facet normal -8.763067e-01 -4.817537e-01 -2.158744e-16
    outer loop
      vertex -6.580732e+00 -7.997042e+00 0.000000e+00
      vertex -6.580732e+00 -7.997042e+00 6.350000e+00
      vertex -6.888068e+00 -7.438001e+00 0.000000e+00
    endloop
  endfacet
  facet normal -8.763067e-01 -4.817537e-01 2.744038e-16
    outer loop
      vertex -6.888068e+00 -7.438001e+00 0.000000e+00
      vertex -6.580732e+00 -7.997042e+00 6.350000e+00
      vertex -6.888068e+00 -7.438001e+00 6.350000e+00
    endloop
  endfacet
  facet normal -8.090170e-01 -5.877852e-01 1.733133e-16
    outer loop
      vertex -6.888068e+00 -7.438001e+00 0.000000e+00
      vertex -6.888068e+00 -7.438001e+00 6.350000e+00
      vertex -7.263047e+00 -6.921886e+00 0.000000e+00
    endloop
  endfacet
  facet normal -8.090170e-01 -5.877852e-01 -5.300213e-17
    outer loop
      vertex -7.263047e+00 -6.921886e+00 0.000000e+00
      vertex -6.888068e+00 -7.438001e+00 6.350000e+00
      vertex -7.263047e+00 -6.921886e+00 6.350000e+00
    endloop
  endfacet
  facet normal -7.289686e-01 -6.845471e-01 -1.344331e-16
    outer loop
      vertex -7.263047e+00 -6.921886e+00 0.000000e+00
      vertex -7.263047e+00 -6.921886e+00 6.350000e+00
      vertex -7.699754e+00 -6.456841e+00 0.000000e+00
    endloop
  endfacet
  facet normal -7.289686e-01 -6.845471e-01 4.524816e-16
    outer loop
      vertex -7.699754e+00 -6.456841e+00 0.000000e+00
      vertex -7.263047e+00 -6.921886e+00 6.350000e+00
      vertex -7.699754e+00 -6.456841e+00 6.350000e+00
    endloop
  endfacet
  facet normal -6.374240e-01 -7.705132e-01 3.956585e-16
    outer loop
      vertex -7.699754e+00 -6.456841e+00 0.000000e+00
      vertex -7.699754e+00 -6.456841e+00 6.350000e+00
      vertex -8.191305e+00 -6.050194e+00 0.000000e+00
    endloop
  endfacet
  facet normal -6.374240e-01 -7.705132e-01 2.173447e-16
    outer loop
      vertex -8.191305e+00 -6.050194e+00 0.000000e+00
      vertex -7.699754e+00 -6.456841e+00 6.350000e+00
      vertex -8.191305e+00 -6.050194e+00 6.350000e+00
    endloop
  endfacet
  facet normal -5.358268e-01 -8.443279e-01 1.827028e-16
    outer loop
      vertex -8.191305e+00 -6.050194e+00 0.000000e+00
      vertex -8.191305e+00 -6.050194e+00 6.350000e+00
      vertex -8.729945e+00 -5.708363e+00 0.000000e+00
    endloop
  endfacet
  facet normal -5.358268e-01 -8.443279e-01 1.827028e-16
    outer loop
      vertex -8.729945e+00 -5.708363e+00 0.000000e+00
      vertex -8.191305e+00 -6.050194e+00 6.350000e+00
      vertex -8.729945e+00 -5.708363e+00 6.350000e+00
    endloop
  endfacet
  facet normal -4.257793e-01 -9.048271e-01 1.451795e-16
    outer loop
      vertex -8.729945e+00 -5.708363e+00 0.000000e+00
      vertex -8.729945e+00 -5.708363e+00 6.350000e+00
      vertex -9.307181e+00 -5.436735e+00 0.000000e+00
    endloop
  endfacet
  facet normal -4.257793e-01 -9.048271e-01 2.642875e-16
    outer loop
      vertex -9.307181e+00 -5.436735e+00 0.000000e+00
      vertex -8.729945e+00 -5.708363e+00 6.350000e+00
      vertex -9.307181e+00 -5.436735e+00 6.350000e+00
    endloop
  endfacet
  facet normal -3.090170e-01 -9.510565e-01 1.918114e-16
    outer loop
      vertex -9.307181e+00 -5.436735e+00 0.000000e+00
      vertex -9.307181e+00 -5.436735e+00 6.350000e+00
      vertex -9.913909e+00 -5.239597e+00 0.000000e+00
    endloop
  endfacet
  facet normal -3.090170e-01 -9.510565e-01 1.485890e-16
    outer loop
      vertex -9.913909e+00 -5.239597e+00 0.000000e+00
      vertex -9.307181e+00 -5.436735e+00 6.350000e+00
      vertex -9.913909e+00 -5.239597e+00 6.350000e+00
    endloop
  endfacet
  facet normal -1.873813e-01 -9.822872e-01 9.010122e-17
    outer loop
      vertex -9.913909e+00 -5.239597e+00 0.000000e+00
      vertex -9.913909e+00 -5.239597e+00 6.350000e+00
      vertex -1.054056e+01 -5.120058e+00 8.881784e-16
    endloop
  endfacet
  facet normal -1.873813e-01 -9.822872e-01 9.010122e-17
    outer loop
      vertex -1.054056e+01 -5.120058e+00 8.881784e-16
      vertex -9.913909e+00 -5.239597e+00 6.350000e+00
      vertex -1.054056e+01 -5.120058e+00 6.350000e+00
    endloop
  endfacet
  facet normal -6.279052e-02 -9.980267e-01 3.019246e-17
    outer loop
      vertex -1.054056e+01 -5.120058e+00 8.881784e-16
      vertex -1.054056e+01 -5.120058e+00 6.350000e+00
      vertex -1.117725e+01 -5.080000e+00 8.881784e-16
    endloop
  endfacet
  facet normal -6.279052e-02 -9.980267e-01 4.775755e-17
    outer loop
      vertex -1.117725e+01 -5.080000e+00 8.881784e-16
      vertex -1.054056e+01 -5.120058e+00 6.350000e+00
      vertex -1.117725e+01 -5.080000e+00 6.350000e+00
    endloop
  endfacet
  facet normal 6.279052e-02 -9.980267e-01 -4.775755e-17
    outer loop
      vertex -1.117725e+01 -5.080000e+00 8.881784e-16
      vertex -1.117725e+01 -5.080000e+00 6.350000e+00
      vertex -1.181395e+01 -5.120058e+00 8.881784e-16
    endloop
  endfacet
  facet normal 6.279052e-02 -9.980267e-01 -2.140991e-17
    outer loop
      vertex -1.181395e+01 -5.120058e+00 8.881784e-16
      vertex -1.117725e+01 -5.080000e+00 6.350000e+00
      vertex -1.181395e+01 -5.120058e+00 6.350000e+00
    endloop
  endfacet
  facet normal 1.873813e-01 -9.822872e-01 -6.389208e-17
    outer loop
      vertex -1.181395e+01 -5.120058e+00 8.881784e-16
      vertex -1.181395e+01 -5.120058e+00 6.350000e+00
      vertex -1.244060e+01 -5.239597e+00 8.881784e-16
    endloop
  endfacet
  facet normal 1.873813e-01 -9.822872e-01 -6.389208e-17
    outer loop
      vertex -1.244060e+01 -5.239597e+00 8.881784e-16
      vertex -1.181395e+01 -5.120058e+00 6.350000e+00
      vertex -1.244060e+01 -5.239597e+00 6.350000e+00
    endloop
  endfacet
  facet normal 3.090170e-01 -9.510565e-01 -1.053666e-16
    outer loop
      vertex -1.244060e+01 -5.239597e+00 8.881784e-16
      vertex -1.244060e+01 -5.239597e+00 6.350000e+00
      vertex -1.304733e+01 -5.436735e+00 8.881784e-16
    endloop
  endfacet
  facet normal 3.090170e-01 -9.510565e-01 -2.350338e-16
    outer loop
      vertex -1.304733e+01 -5.436735e+00 8.881784e-16
      vertex -1.244060e+01 -5.239597e+00 6.350000e+00
      vertex -1.304733e+01 -5.436735e+00 6.350000e+00
    endloop
  endfacet
  facet normal 4.257793e-01 -9.048271e-01 -3.238415e-16
    outer loop
      vertex -1.304733e+01 -5.436735e+00 8.881784e-16
      vertex -1.304733e+01 -5.436735e+00 6.350000e+00
      vertex -1.362456e+01 -5.708363e+00 8.881784e-16
    endloop
  endfacet
  facet normal 4.257793e-01 -9.048271e-01 -1.451795e-16
    outer loop
      vertex -1.362456e+01 -5.708363e+00 8.881784e-16
      vertex -1.304733e+01 -5.436735e+00 6.350000e+00
      vertex -1.362456e+01 -5.708363e+00 6.350000e+00
    endloop
  endfacet
  facet normal 5.358268e-01 -8.443279e-01 -1.827028e-16
    outer loop
      vertex -1.362456e+01 -5.708363e+00 8.881784e-16
      vertex -1.362456e+01 -5.708363e+00 6.350000e+00
      vertex -1.416320e+01 -6.050194e+00 8.881784e-16
    endloop
  endfacet
  facet normal 5.358268e-01 -8.443279e-01 -1.827028e-16
    outer loop
      vertex -1.416320e+01 -6.050194e+00 8.881784e-16
      vertex -1.362456e+01 -5.708363e+00 6.350000e+00
      vertex -1.416320e+01 -6.050194e+00 6.350000e+00
    endloop
  endfacet
  facet normal 6.374240e-01 -7.705132e-01 -2.173447e-16
    outer loop
      vertex -1.416320e+01 -6.050194e+00 8.881784e-16
      vertex -1.416320e+01 -6.050194e+00 6.350000e+00
      vertex -1.465475e+01 -6.456841e+00 8.881784e-16
    endloop
  endfacet
  facet normal 6.374240e-01 -7.705132e-01 -2.173447e-16
    outer loop
      vertex -1.465475e+01 -6.456841e+00 8.881784e-16
      vertex -1.416320e+01 -6.050194e+00 6.350000e+00
      vertex -1.465475e+01 -6.456841e+00 6.350000e+00
    endloop
  endfacet
  facet normal 7.289686e-01 -6.845471e-01 -2.485590e-16
    outer loop
      vertex -1.465475e+01 -6.456841e+00 8.881784e-16
      vertex -1.465475e+01 -6.456841e+00 6.350000e+00
      vertex -1.509146e+01 -6.921886e+00 8.881784e-16
    endloop
  endfacet
  facet normal 7.289686e-01 -6.845471e-01 1.344331e-16
    outer loop
      vertex -1.509146e+01 -6.921886e+00 8.881784e-16
      vertex -1.465475e+01 -6.456841e+00 6.350000e+00
      vertex -1.509146e+01 -6.921886e+00 6.350000e+00
    endloop
  endfacet
  facet normal 8.090170e-01 -5.877852e-01 5.300213e-17
    outer loop
      vertex -1.509146e+01 -6.921886e+00 8.881784e-16
      vertex -1.509146e+01 -6.921886e+00 6.350000e+00
      vertex -1.546644e+01 -7.438001e+00 8.881784e-16
    endloop
  endfacet
  facet normal 8.090170e-01 -5.877852e-01 -6.015558e-17
    outer loop
      vertex -1.546644e+01 -7.438001e+00 8.881784e-16
      vertex -1.509146e+01 -6.921886e+00 6.350000e+00
      vertex -1.546644e+01 -7.438001e+00 6.350000e+00
    endloop
  endfacet
  facet normal 8.763067e-01 -4.817537e-01 -1.518342e-16
    outer loop
      vertex -1.546644e+01 -7.438001e+00 8.881784e-16
      vertex -1.546644e+01 -7.438001e+00 6.350000e+00
      vertex -1.577378e+01 -7.997042e+00 8.881784e-16
    endloop
  endfacet
  facet normal 8.763067e-01 -4.817537e-01 1.377705e-18
    outer loop
      vertex -1.577378e+01 -7.997042e+00 8.881784e-16
      vertex -1.546644e+01 -7.438001e+00 6.350000e+00
      vertex -1.577378e+01 -7.997042e+00 6.350000e+00
    endloop
  endfacet
  facet normal 9.297765e-01 -3.681245e-01 -7.855788e-17
    outer loop
      vertex -1.577378e+01 -7.997042e+00 8.881784e-16
      vertex -1.577378e+01 -7.997042e+00 6.350000e+00
      vertex -1.600862e+01 -8.590195e+00 8.881784e-16
    endloop
  endfacet
  facet normal 9.297765e-01 -3.681245e-01 1.490268e-16
    outer loop
      vertex -1.600862e+01 -8.590195e+00 8.881784e-16
      vertex -1.577378e+01 -7.997042e+00 6.350000e+00
      vertex -1.600862e+01 -8.590195e+00 6.350000e+00
    endloop
  endfacet
  facet normal 9.685832e-01 -2.486899e-01 7.982902e-17
    outer loop
      vertex -1.600862e+01 -8.590195e+00 8.881784e-16
      vertex -1.600862e+01 -8.590195e+00 6.350000e+00
      vertex -1.616727e+01 -9.208103e+00 8.881784e-16
    endloop
  endfacet
  facet normal 9.685832e-01 -2.486899e-01 -2.177822e-17
    outer loop
      vertex -1.616727e+01 -9.208103e+00 8.881784e-16
      vertex -1.600862e+01 -8.590195e+00 6.350000e+00
      vertex -1.616727e+01 -9.208103e+00 6.350000e+00
    endloop
  endfacet
  facet normal 9.921147e-01 -1.253332e-01 -9.470353e-17
    outer loop
      vertex -1.616727e+01 -9.208103e+00 8.881784e-16
      vertex -1.616727e+01 -9.208103e+00 6.350000e+00
      vertex -1.624723e+01 -9.841024e+00 8.881784e-16
    endloop
  endfacet
  facet normal 9.921147e-01 -1.253332e-01 9.372243e-18
    outer loop
      vertex -1.624723e+01 -9.841024e+00 8.881784e-16
      vertex -1.616727e+01 -9.208103e+00 6.350000e+00
      vertex -1.624723e+01 -9.841024e+00 6.350000e+00
    endloop
  endfacet
  facet normal 1.000000e+00 0.000000e+00 -6.123234e-17
    outer loop
      vertex -1.624723e+01 -9.841024e+00 8.881784e-16
      vertex -1.624723e+01 -9.841024e+00 6.350000e+00
      vertex -1.624723e+01 -1.047898e+01 8.881784e-16
    endloop
  endfacet
  facet normal 1.000000e+00 0.000000e+00 -6.123234e-17
    outer loop
      vertex -1.624723e+01 -1.047898e+01 8.881784e-16
      vertex -1.624723e+01 -9.841024e+00 6.350000e+00
      vertex -1.624723e+01 -1.047898e+01 6.350000e+00
    endloop
  endfacet
  facet normal 9.921147e-01 1.253332e-01 -1.308712e-16
    outer loop
      vertex -1.624723e+01 -1.047898e+01 8.881784e-16
      vertex -1.624723e+01 -1.047898e+01 6.350000e+00
      vertex -1.616727e+01 -1.111190e+01 8.881784e-16
    endloop
  endfacet
  facet normal 9.921147e-01 1.253332e-01 -6.185635e-17
    outer loop
      vertex -1.616727e+01 -1.111190e+01 8.881784e-16
      vertex -1.624723e+01 -1.047898e+01 6.350000e+00
      vertex -1.616727e+01 -1.111190e+01 6.350000e+00
    endloop
  endfacet
  facet normal 9.685832e-01 2.486899e-01 -1.664078e-16
    outer loop
      vertex -1.616727e+01 -1.111190e+01 8.881784e-16
      vertex -1.616727e+01 -1.111190e+01 6.350000e+00
      vertex -1.600862e+01 -1.172981e+01 8.881784e-16
    endloop
  endfacet
  facet normal 9.685832e-01 2.486899e-01 -5.930861e-17
    outer loop
      vertex -1.600862e+01 -1.172981e+01 8.881784e-16
      vertex -1.616727e+01 -1.111190e+01 6.350000e+00
      vertex -1.600862e+01 -1.172981e+01 6.350000e+00
    endloop
  endfacet
  facet normal 9.297765e-01 3.681245e-01 -5.693239e-17
    outer loop
      vertex -1.600862e+01 -1.172981e+01 8.881784e-16
      vertex -1.600862e+01 -1.172981e+01 6.350000e+00
      vertex -1.577378e+01 -1.232296e+01 8.881784e-16
    endloop
  endfacet
  facet normal 9.297765e-01 3.681245e-01 -5.693239e-17
    outer loop
      vertex -1.577378e+01 -1.232296e+01 8.881784e-16
      vertex -1.600862e+01 -1.172981e+01 6.350000e+00
      vertex -1.577378e+01 -1.232296e+01 6.350000e+00
    endloop
  endfacet
  facet normal 8.763067e-01 4.817537e-01 -5.365831e-17
    outer loop
      vertex -1.577378e+01 -1.232296e+01 8.881784e-16
      vertex -1.577378e+01 -1.232296e+01 6.350000e+00
      vertex -1.546644e+01 -1.288200e+01 8.881784e-16
    endloop
  endfacet
  facet normal 8.763067e-01 4.817537e-01 -4.570339e-18
    outer loop
      vertex -1.546644e+01 -1.288200e+01 8.881784e-16
      vertex -1.577378e+01 -1.232296e+01 6.350000e+00
      vertex -1.546644e+01 -1.288200e+01 6.350000e+00
    endloop
  endfacet
  facet normal 8.090170e-01 5.877852e-01 -4.422922e-17
    outer loop
      vertex -1.546644e+01 -1.288200e+01 8.881784e-16
      vertex -1.546644e+01 -1.288200e+01 6.350000e+00
      vertex -1.509146e+01 -1.339811e+01 8.881784e-16
    endloop
  endfacet
  facet normal 8.090170e-01 5.877852e-01 1.255073e-16
    outer loop
      vertex -1.509146e+01 -1.339811e+01 8.881784e-16
      vertex -1.546644e+01 -1.288200e+01 6.350000e+00
      vertex -1.509146e+01 -1.339811e+01 6.350000e+00
    endloop
  endfacet
  facet normal 7.289686e-01 6.845471e-01 6.975138e-17
    outer loop
      vertex -1.509146e+01 -1.339811e+01 8.881784e-16
      vertex -1.509146e+01 -1.339811e+01 6.350000e+00
      vertex -1.465475e+01 -1.386316e+01 8.881784e-16
    endloop
  endfacet
  facet normal 7.289686e-01 6.845471e-01 -7.076404e-17
    outer loop
      vertex -1.465475e+01 -1.386316e+01 8.881784e-16
      vertex -1.509146e+01 -1.339811e+01 6.350000e+00
      vertex -1.465475e+01 -1.386316e+01 6.350000e+00
    endloop
  endfacet
  facet normal 6.374240e-01 7.705132e-01 -1.580705e-16
    outer loop
      vertex -1.465475e+01 -1.386316e+01 8.881784e-16
      vertex -1.465475e+01 -1.386316e+01 6.350000e+00
      vertex -1.416320e+01 -1.426981e+01 8.881784e-16
    endloop
  endfacet
  facet normal 6.374240e-01 7.705132e-01 1.466307e-16
    outer loop
      vertex -1.416320e+01 -1.426981e+01 8.881784e-16
      vertex -1.465475e+01 -1.386316e+01 6.350000e+00
      vertex -1.416320e+01 -1.426981e+01 6.350000e+00
    endloop
  endfacet
  facet normal 5.358268e-01 8.443279e-01 6.825565e-17
    outer loop
      vertex -1.416320e+01 -1.426981e+01 8.881784e-16
      vertex -1.416320e+01 -1.426981e+01 6.350000e+00
      vertex -1.362456e+01 -1.461164e+01 8.881784e-16
    endloop
  endfacet
  facet normal 5.358268e-01 8.443279e-01 -3.280993e-17
    outer loop
      vertex -1.362456e+01 -1.461164e+01 8.881784e-16
      vertex -1.416320e+01 -1.426981e+01 6.350000e+00
      vertex -1.362456e+01 -1.461164e+01 6.350000e+00
    endloop
  endfacet
  facet normal 4.257793e-01 9.048271e-01 -2.607146e-17
    outer loop
      vertex -1.362456e+01 -1.461164e+01 8.881784e-16
      vertex -1.362456e+01 -1.461164e+01 6.350000e+00
      vertex -1.304733e+01 -1.488327e+01 8.881784e-16
    endloop
  endfacet
  facet normal 4.257793e-01 9.048271e-01 -3.352216e-17
    outer loop
      vertex -1.304733e+01 -1.488327e+01 8.881784e-16
      vertex -1.362456e+01 -1.461164e+01 6.350000e+00
      vertex -1.304733e+01 -1.488327e+01 6.350000e+00
    endloop
  endfacet
  facet normal 3.090170e-01 9.510565e-01 -6.550190e-17
    outer loop
      vertex -1.304733e+01 -1.488327e+01 8.881784e-16
      vertex -1.304733e+01 -1.488327e+01 6.350000e+00
      vertex -1.244060e+01 -1.508040e+01 8.881784e-16
    endloop
  endfacet
  facet normal 3.090170e-01 9.510565e-01 6.752296e-17
    outer loop
      vertex -1.244060e+01 -1.508040e+01 8.881784e-16
      vertex -1.304733e+01 -1.488327e+01 6.350000e+00
      vertex -1.244060e+01 -1.508040e+01 6.350000e+00
    endloop
  endfacet
  facet normal 1.873813e-01 9.822872e-01 4.094448e-17
    outer loop
      vertex -1.244060e+01 -1.508040e+01 8.881784e-16
      vertex -1.244060e+01 -1.508040e+01 6.350000e+00
      vertex -1.181395e+01 -1.519994e+01 8.881784e-16
    endloop
  endfacet
  facet normal 1.873813e-01 9.822872e-01 1.195719e-16
    outer loop
      vertex -1.181395e+01 -1.519994e+01 8.881784e-16
      vertex -1.244060e+01 -1.508040e+01 6.350000e+00
      vertex -1.181395e+01 -1.519994e+01 6.350000e+00
    endloop
  endfacet
  facet normal 5.508772e-02 -9.984807e-01 -1.224444e-03
    outer loop
      vertex -1.045076e+01 -1.672392e+01 8.881784e-16
      vertex -1.098580e+01 -1.676122e+01 6.350000e+00
      vertex -1.117725e+01 -1.676400e+01 8.881784e-16
    endloop
  endfacet
  facet normal -2.606664e-02 -9.996594e-01 1.222898e-03
    outer loop
      vertex -1.117725e+01 -1.676400e+01 8.881784e-16
      vertex -1.098580e+01 -1.676122e+01 6.350000e+00
      vertex -1.171247e+01 -1.674228e+01 6.350000e+00
    endloop
  endfacet
  facet normal -5.508772e-02 -9.984807e-01 -1.227227e-03
    outer loop
      vertex -1.117725e+01 -1.676400e+01 8.881784e-16
      vertex -1.171247e+01 -1.674228e+01 6.350000e+00
      vertex -1.190375e+01 -1.672392e+01 8.881784e-16
    endloop
  endfacet
  facet normal -1.357775e-01 -9.907386e-01 1.225675e-03
    outer loop
      vertex -1.190375e+01 -1.672392e+01 8.881784e-16
      vertex -1.171247e+01 -1.674228e+01 6.350000e+00
      vertex -1.243267e+01 -1.664358e+01 6.350000e+00
    endloop
  endfacet
  facet normal -1.645945e-01 -9.863605e-01 -1.229998e-03
    outer loop
      vertex -1.190375e+01 -1.672392e+01 8.881784e-16
      vertex -1.243267e+01 -1.664358e+01 6.350000e+00
      vertex -1.262142e+01 -1.660416e+01 8.881784e-16
    endloop
  endfacet
  facet normal -2.438433e-01 -9.698139e-01 1.228441e-03
    outer loop
      vertex -1.262142e+01 -1.660416e+01 8.881784e-16
      vertex -1.243267e+01 -1.664358e+01 6.350000e+00
      vertex -1.313765e+01 -1.646632e+01 6.350000e+00
    endloop
  endfacet
  facet normal -2.721033e-01 -9.622673e-01 -1.232759e-03
    outer loop
      vertex -1.262142e+01 -1.660416e+01 8.881784e-16
      vertex -1.313765e+01 -1.646632e+01 6.350000e+00
      vertex -1.332157e+01 -1.640618e+01 8.881784e-16
    endloop
  endfacet
  facet normal -3.489546e-01 -9.371388e-01 1.231196e-03
    outer loop
      vertex -1.332157e+01 -1.640618e+01 8.881784e-16
      vertex -1.313765e+01 -1.646632e+01 6.350000e+00
      vertex -1.381887e+01 -1.621266e+01 6.350000e+00
    endloop
  endfacet
  facet normal -3.763091e-01 -9.264933e-01 -1.235508e-03
    outer loop
      vertex -1.332157e+01 -1.640618e+01 8.881784e-16
      vertex -1.381887e+01 -1.621266e+01 6.350000e+00
      vertex -1.399569e+01 -1.613238e+01 8.881784e-16
    endloop
  endfacet
  facet normal -4.498380e-01 -8.931093e-01 1.233940e-03
    outer loop
      vertex -1.399569e+01 -1.613238e+01 8.881784e-16
      vertex -1.381887e+01 -1.621266e+01 6.350000e+00
      vertex -1.446809e+01 -1.588566e+01 6.350000e+00
    endloop
  endfacet
  facet normal -4.759470e-01 -8.794731e-01 -1.238247e-03
    outer loop
      vertex -1.399569e+01 -1.613238e+01 8.881784e-16
      vertex -1.446809e+01 -1.588566e+01 6.350000e+00
      vertex -1.463559e+01 -1.578608e+01 8.881784e-16
    endloop
  endfacet
  facet normal -5.452712e-01 -8.382588e-01 1.236673e-03
    outer loop
      vertex -1.463559e+01 -1.578608e+01 8.881784e-16
      vertex -1.446809e+01 -1.588566e+01 6.350000e+00
      vertex -1.507744e+01 -1.548929e+01 6.350000e+00
    endloop
  endfacet
  facet normal -5.698076e-01 -8.217772e-01 -1.240974e-03
    outer loop
      vertex -1.463559e+01 -1.578608e+01 8.881784e-16
      vertex -1.507744e+01 -1.548929e+01 6.350000e+00
      vertex -1.523351e+01 -1.537148e+01 8.881784e-16
    endloop
  endfacet
  facet normal -6.340977e-01 -7.732520e-01 1.239395e-03
    outer loop
      vertex -1.523351e+01 -1.537148e+01 8.881784e-16
      vertex -1.507744e+01 -1.548929e+01 6.350000e+00
      vertex -1.563954e+01 -1.502835e+01 6.350000e+00
    endloop
  endfacet
  facet normal -6.567515e-01 -7.541060e-01 -1.243691e-03
    outer loop
      vertex -1.523351e+01 -1.537148e+01 8.881784e-16
      vertex -1.563954e+01 -1.502835e+01 6.350000e+00
      vertex -1.578220e+01 -1.489363e+01 8.881784e-16
    endloop
  endfacet
  facet normal -7.152415e-01 -6.988763e-01 1.242107e-03
    outer loop
      vertex -1.578220e+01 -1.489363e+01 8.881784e-16
      vertex -1.563954e+01 -1.502835e+01 6.350000e+00
      vertex -1.614757e+01 -1.450842e+01 6.350000e+00
    endloop
  endfacet
  facet normal -7.357233e-01 -6.772810e-01 -1.246397e-03
    outer loop
      vertex -1.578220e+01 -1.489363e+01 8.881784e-16
      vertex -1.614757e+01 -1.450842e+01 6.350000e+00
      vertex -1.627499e+01 -1.435832e+01 8.881784e-16
    endloop
  endfacet
  facet normal -7.877194e-01 -6.160330e-01 1.244807e-03
    outer loop
      vertex -1.627499e+01 -1.435832e+01 8.881784e-16
      vertex -1.614757e+01 -1.450842e+01 6.350000e+00
      vertex -1.659538e+01 -1.393581e+01 6.350000e+00
    endloop
  endfacet
  facet normal -8.057645e-01 -5.922348e-01 -1.249092e-03
    outer loop
      vertex -1.627499e+01 -1.435832e+01 8.881784e-16
      vertex -1.659538e+01 -1.393581e+01 6.350000e+00
      vertex -1.670590e+01 -1.377205e+01 8.881784e-16
    endloop
  endfacet
  facet normal -8.506532e-01 -5.257257e-01 1.247496e-03
    outer loop
      vertex -1.670590e+01 -1.377205e+01 8.881784e-16
      vertex -1.659538e+01 -1.393581e+01 6.350000e+00
      vertex -1.697754e+01 -1.331745e+01 6.350000e+00
    endloop
  endfacet
  facet normal -8.660247e-01 -4.999996e-01 -1.251775e-03
    outer loop
      vertex -1.670590e+01 -1.377205e+01 8.881784e-16
      vertex -1.697754e+01 -1.331745e+01 6.350000e+00
      vertex -1.706970e+01 -1.314193e+01 8.881784e-16
    endloop
  endfacet
  facet normal -9.032804e-01 -4.290488e-01 1.250174e-03
    outer loop
      vertex -1.706970e+01 -1.314193e+01 8.881784e-16
      vertex -1.697754e+01 -1.331745e+01 6.350000e+00
      vertex -1.728942e+01 -1.266084e+01 6.350000e+00
    endloop
  endfacet
  facet normal -9.157726e-01 -4.016951e-01 -1.254448e-03
    outer loop
      vertex -1.706970e+01 -1.314193e+01 8.881784e-16
      vertex -1.728942e+01 -1.266084e+01 6.350000e+00
      vertex -1.736197e+01 -1.247561e+01 8.881784e-16
    endloop
  endfacet
  facet normal -9.449635e-01 -3.271735e-01 1.252842e-03
    outer loop
      vertex -1.736197e+01 -1.247561e+01 8.881784e-16
      vertex -1.728942e+01 -1.266084e+01 6.350000e+00
      vertex -1.752725e+01 -1.197392e+01 6.350000e+00
    endloop
  endfacet
  facet normal -9.544042e-01 -2.985146e-01 -1.257110e-03
    outer loop
      vertex -1.736197e+01 -1.247561e+01 8.881784e-16
      vertex -1.752725e+01 -1.197392e+01 6.350000e+00
      vertex -1.757917e+01 -1.178119e+01 8.881784e-16
    endloop
  endfacet
  facet normal -9.753265e-01 -2.207635e-01 1.273873e-03
    outer loop
      vertex -1.757917e+01 -1.178119e+01 8.881784e-16
      vertex -1.752725e+01 -1.197392e+01 6.350000e+00
      vertex -1.768943e+01 -1.125741e+01 6.350000e+00
    endloop
  endfacet
  facet normal -9.814507e-01 -1.917105e-01 -1.228891e-03
    outer loop
      vertex -1.757917e+01 -1.178119e+01 8.881784e-16
      vertex -1.768943e+01 -1.125741e+01 6.350000e+00
      vertex -1.771866e+01 -1.106708e+01 8.881784e-16
    endloop
  endfacet
  facet normal -9.938119e-01 -1.110690e-01 1.245062e-03
    outer loop
      vertex -1.771866e+01 -1.106708e+01 8.881784e-16
      vertex -1.768943e+01 -1.125741e+01 6.350000e+00
      vertex -1.777103e+01 -1.052732e+01 6.350000e+00
    endloop
  endfacet
  facet normal -9.965838e-01 -8.257928e-02 -1.199487e-03
    outer loop
      vertex -1.771866e+01 -1.106708e+01 8.881784e-16
      vertex -1.777103e+01 -1.052732e+01 6.350000e+00
      vertex -1.777875e+01 -1.034197e+01 8.881784e-16
    endloop
  endfacet
  facet normal -9.999993e-01 0.000000e+00 1.215066e-03
    outer loop
      vertex -1.777875e+01 -1.034197e+01 8.881784e-16
      vertex -1.777103e+01 -1.052732e+01 6.350000e+00
      vertex -1.777103e+01 -9.792682e+00 6.350000e+00
    endloop
  endfacet
  facet normal -9.996196e-01 2.755432e-02 -1.168899e-03
    outer loop
      vertex -1.777875e+01 -1.034197e+01 8.881784e-16
      vertex -1.777103e+01 -9.792682e+00 6.350000e+00
      vertex -1.775870e+01 -9.614647e+00 8.881784e-16
    endloop
  endfacet
  facet normal -9.938120e-01 1.110690e-01 1.183885e-03
    outer loop
      vertex -1.775870e+01 -9.614647e+00 8.881784e-16
      vertex -1.777103e+01 -9.792682e+00 6.350000e+00
      vertex -1.768943e+01 -9.062590e+00 6.350000e+00
    endloop
  endfacet
  facet normal -9.905214e-01 1.373535e-01 -1.137127e-03
    outer loop
      vertex -1.775870e+01 -9.614647e+00 8.881784e-16
      vertex -1.768943e+01 -9.062590e+00 6.350000e+00
      vertex -1.765876e+01 -8.893944e+00 8.881784e-16
    endloop
  endfacet
  facet normal -9.753267e-01 2.207636e-01 1.151521e-03
    outer loop
      vertex -1.765876e+01 -8.893944e+00 8.881784e-16
      vertex -1.768943e+01 -9.062590e+00 6.350000e+00
      vertex -1.752725e+01 -8.346078e+00 6.350000e+00
    endloop
  endfacet
  facet normal -9.693997e-01 2.454853e-01 -1.104170e-03
    outer loop
      vertex -1.765876e+01 -8.893944e+00 8.881784e-16
      vertex -1.752725e+01 -8.346078e+00 6.350000e+00
      vertex -1.748014e+01 -8.188609e+00 8.881784e-16
    endloop
  endfacet
  facet normal -9.449636e-01 3.271736e-01 1.102843e-03
    outer loop
      vertex -1.748014e+01 -8.188609e+00 8.881784e-16
      vertex -1.752725e+01 -8.346078e+00 6.350000e+00
      vertex -1.728942e+01 -7.659163e+00 6.350000e+00
    endloop
  endfacet
  facet normal -9.365107e-01 3.506373e-01 -1.107390e-03
    outer loop
      vertex -1.748014e+01 -8.188609e+00 8.881784e-16
      vertex -1.728942e+01 -7.659163e+00 6.350000e+00
      vertex -1.722502e+01 -7.507204e+00 8.881784e-16
    endloop
  endfacet
  facet normal -9.032806e-01 4.290489e-01 1.106057e-03
    outer loop
      vertex -1.722502e+01 -7.507204e+00 8.881784e-16
      vertex -1.728942e+01 -7.659163e+00 6.350000e+00
      vertex -1.697754e+01 -7.002547e+00 6.350000e+00
    endloop
  endfacet
  facet normal -8.922537e-01 4.515331e-01 -1.110599e-03
    outer loop
      vertex -1.722502e+01 -7.507204e+00 8.881784e-16
      vertex -1.697754e+01 -7.002547e+00 6.350000e+00
      vertex -1.689649e+01 -6.858000e+00 8.881784e-16
    endloop
  endfacet
  facet normal -8.506534e-01 5.257258e-01 1.109261e-03
    outer loop
      vertex -1.689649e+01 -6.858000e+00 8.881784e-16
      vertex -1.697754e+01 -7.002547e+00 6.350000e+00
      vertex -1.659538e+01 -6.384188e+00 6.350000e+00
    endloop
  endfacet
  facet normal -8.371660e-01 5.469478e-01 -1.113798e-03
    outer loop
      vertex -1.689649e+01 -6.858000e+00 8.881784e-16
      vertex -1.659538e+01 -6.384188e+00 6.350000e+00
      vertex -1.649853e+01 -6.248878e+00 8.881784e-16
    endloop
  endfacet
  facet normal -7.877195e-01 6.160330e-01 1.112454e-03
    outer loop
      vertex -1.649853e+01 -6.248878e+00 8.881784e-16
      vertex -1.659538e+01 -6.384188e+00 6.350000e+00
      vertex -1.614757e+01 -5.811577e+00 6.350000e+00
    endloop
  endfacet
  facet normal -7.719162e-01 6.357234e-01 -1.116986e-03
    outer loop
      vertex -1.649853e+01 -6.248878e+00 8.881784e-16
      vertex -1.614757e+01 -5.811577e+00 6.350000e+00
      vertex -1.603597e+01 -5.687233e+00 8.881784e-16
    endloop
  endfacet
  facet normal -7.152416e-01 6.988764e-01 1.115637e-03
    outer loop
      vertex -1.603597e+01 -5.687233e+00 8.881784e-16
      vertex -1.614757e+01 -5.811577e+00 6.350000e+00
      vertex -1.563954e+01 -5.291651e+00 6.350000e+00
    endloop
  endfacet
  facet normal -6.972963e-01 7.167820e-01 -1.120162e-03
    outer loop
      vertex -1.603597e+01 -5.687233e+00 8.881784e-16
      vertex -1.563954e+01 -5.291651e+00 6.350000e+00
      vertex -1.551444e+01 -5.179880e+00 8.881784e-16
    endloop
  endfacet
  facet normal -6.340978e-01 7.732520e-01 1.118808e-03
    outer loop
      vertex -1.551444e+01 -5.179880e+00 8.881784e-16
      vertex -1.563954e+01 -5.291651e+00 6.350000e+00
      vertex -1.507744e+01 -4.830711e+00 6.350000e+00
    endloop
  endfacet
  facet normal -6.142123e-01 7.891400e-01 -1.123328e-03
    outer loop
      vertex -1.551444e+01 -5.179880e+00 8.881784e-16
      vertex -1.507744e+01 -4.830711e+00 6.350000e+00
      vertex -1.494027e+01 -4.732981e+00 8.881784e-16
    endloop
  endfacet
  facet normal -5.452712e-01 8.382589e-01 1.121968e-03
    outer loop
      vertex -1.494027e+01 -4.732981e+00 8.881784e-16
      vertex -1.507744e+01 -4.830711e+00 6.350000e+00
      vertex -1.446809e+01 -4.434341e+00 6.350000e+00
    endloop
  endfacet
  facet normal -5.236726e-01 8.519189e-01 -1.126483e-03
    outer loop
      vertex -1.494027e+01 -4.732981e+00 8.881784e-16
      vertex -1.446809e+01 -4.434341e+00 6.350000e+00
      vertex -1.432041e+01 -4.351955e+00 8.881784e-16
    endloop
  endfacet
  facet normal -4.498381e-01 8.931094e-01 1.125117e-03
    outer loop
      vertex -1.432041e+01 -4.351955e+00 8.881784e-16
      vertex -1.446809e+01 -4.434341e+00 6.350000e+00
      vertex -1.381887e+01 -4.107344e+00 6.350000e+00
    endloop
  endfacet
  facet normal -4.267762e-01 9.043566e-01 -1.129626e-03
    outer loop
      vertex -1.432041e+01 -4.351955e+00 8.881784e-16
      vertex -1.381887e+01 -4.107344e+00 6.350000e+00
      vertex -1.366240e+01 -4.041433e+00 8.881784e-16
    endloop
  endfacet
  facet normal -3.489547e-01 9.371389e-01 1.128255e-03
    outer loop
      vertex -1.366240e+01 -4.041433e+00 8.881784e-16
      vertex -1.381887e+01 -4.107344e+00 6.350000e+00
      vertex -1.313765e+01 -3.853680e+00 6.350000e+00
    endloop
  endfacet
  facet normal -3.246993e-01 9.458166e-01 -1.132759e-03
    outer loop
      vertex -1.366240e+01 -4.041433e+00 8.881784e-16
      vertex -1.313765e+01 -3.853680e+00 6.350000e+00
      vertex -1.297423e+01 -3.805183e+00 8.881784e-16
    endloop
  endfacet
  facet normal -2.438433e-01 9.698140e-01 1.131383e-03
    outer loop
      vertex -1.297423e+01 -3.805183e+00 8.881784e-16
      vertex -1.313765e+01 -3.853680e+00 6.350000e+00
      vertex -1.243267e+01 -3.676424e+00 6.350000e+00
    endloop
  endfacet
  facet normal -2.186809e-01 9.757957e-01 -1.135881e-03
    outer loop
      vertex -1.297423e+01 -3.805183e+00 8.881784e-16
      vertex -1.243267e+01 -3.676424e+00 6.350000e+00
      vertex -1.226424e+01 -3.646070e+00 8.881784e-16
    endloop
  endfacet
  facet normal -1.357775e-01 9.907387e-01 1.134499e-03
    outer loop
      vertex -1.226424e+01 -3.646070e+00 8.881784e-16
      vertex -1.243267e+01 -3.676424e+00 6.350000e+00
      vertex -1.171247e+01 -3.577724e+00 6.350000e+00
    endloop
  endfacet
  facet normal -1.100082e-01 9.939300e-01 -1.138992e-03
    outer loop
      vertex -1.226424e+01 -3.646070e+00 8.881784e-16
      vertex -1.171247e+01 -3.577724e+00 6.350000e+00
      vertex -1.154105e+01 -3.566029e+00 8.881784e-16
    endloop
  endfacet
  facet normal -2.606665e-02 9.996595e-01 1.137605e-03
    outer loop
      vertex -1.154105e+01 -3.566029e+00 8.881784e-16
      vertex -1.171247e+01 -3.577724e+00 6.350000e+00
      vertex -1.098580e+01 -3.558777e+00 6.350000e+00
    endloop
  endfacet
  facet normal -6.993296e-20 9.999993e-01 -1.142092e-03
    outer loop
      vertex -1.154105e+01 -3.566029e+00 8.881784e-16
      vertex -1.098580e+01 -3.558777e+00 6.350000e+00
      vertex -1.081345e+01 -3.566029e+00 8.881784e-16
    endloop
  endfacet
  facet normal 8.396006e-02 9.964685e-01 1.140699e-03
    outer loop
      vertex -1.081345e+01 -3.566029e+00 8.881784e-16
      vertex -1.098580e+01 -3.558777e+00 6.350000e+00
      vertex -1.026144e+01 -3.619808e+00 6.350000e+00
    endloop
  endfacet
  facet normal 1.100082e-01 9.939300e-01 -1.145181e-03
    outer loop
      vertex -1.081345e+01 -3.566029e+00 8.881784e-16
      vertex -1.026144e+01 -3.619808e+00 6.350000e+00
      vertex -1.009027e+01 -3.646070e+00 0.000000e+00
    endloop
  endfacet
  facet normal 1.929695e-01 9.812041e-01 1.143783e-03
    outer loop
      vertex -1.009027e+01 -3.646070e+00 0.000000e+00
      vertex -1.026144e+01 -3.619808e+00 6.350000e+00
      vertex -9.548184e+00 -3.760082e+00 6.350000e+00
    endloop
  endfacet
  facet normal 2.186809e-01 9.757957e-01 -1.148259e-03
    outer loop
      vertex -1.009027e+01 -3.646070e+00 0.000000e+00
      vertex -9.548184e+00 -3.760082e+00 6.350000e+00
      vertex -9.380282e+00 -3.805183e+00 0.000000e+00
    endloop
  endfacet
  facet normal 2.996409e-01 9.540514e-01 1.146855e-03
    outer loop
      vertex -9.380282e+00 -3.805183e+00 0.000000e+00
      vertex -9.548184e+00 -3.760082e+00 6.350000e+00
      vertex -8.854662e+00 -3.977900e+00 6.350000e+00
    endloop
  endfacet
  facet normal 3.246993e-01 9.458166e-01 -1.151326e-03
    outer loop
      vertex -9.380282e+00 -3.805183e+00 0.000000e+00
      vertex -8.854662e+00 -3.977900e+00 6.350000e+00
      vertex -8.692107e+00 -4.041433e+00 0.000000e+00
    endloop
  endfacet
  facet normal 4.026818e-01 9.153393e-01 1.149917e-03
    outer loop
      vertex -8.692107e+00 -4.041433e+00 0.000000e+00
      vertex -8.854662e+00 -3.977900e+00 6.350000e+00
      vertex -8.189281e+00 -4.270617e+00 6.350000e+00
    endloop
  endfacet
  facet normal 4.267762e-01 9.043567e-01 -1.154382e-03
    outer loop
      vertex -8.692107e+00 -4.041433e+00 0.000000e+00
      vertex -8.189281e+00 -4.270617e+00 6.350000e+00
      vertex -8.034097e+00 -4.351955e+00 0.000000e+00
    endloop
  endfacet
  facet normal 5.008438e-01 8.655369e-01 1.152967e-03
    outer loop
      vertex -8.034097e+00 -4.351955e+00 0.000000e+00
      vertex -8.189281e+00 -4.270617e+00 6.350000e+00
      vertex -7.560103e+00 -4.634691e+00 6.350000e+00
    endloop
  endfacet
  facet normal 5.236726e-01 8.519188e-01 -1.157427e-03
    outer loop
      vertex -8.034097e+00 -4.351955e+00 0.000000e+00
      vertex -7.560103e+00 -4.634691e+00 6.350000e+00
      vertex -7.414241e+00 -4.732981e+00 0.000000e+00
    endloop
  endfacet
  facet normal 5.929376e-01 8.052476e-01 1.156007e-03
    outer loop
      vertex -7.414241e+00 -4.732981e+00 0.000000e+00
      vertex -7.560103e+00 -4.634691e+00 6.350000e+00
      vertex -6.974750e+00 -5.065712e+00 6.350000e+00
    endloop
  endfacet
  facet normal 6.142123e-01 7.891400e-01 -1.160462e-03
    outer loop
      vertex -7.414241e+00 -4.732981e+00 0.000000e+00
      vertex -6.974750e+00 -5.065712e+00 6.350000e+00
      vertex -6.840064e+00 -5.179880e+00 0.000000e+00
    endloop
  endfacet
  facet normal 6.778473e-01 7.352018e-01 1.159036e-03
    outer loop
      vertex -6.840064e+00 -5.179880e+00 0.000000e+00
      vertex -6.974750e+00 -5.065712e+00 6.350000e+00
      vertex -6.440315e+00 -5.558455e+00 6.350000e+00
    endloop
  endfacet
  facet normal 6.972963e-01 7.167820e-01 -1.163485e-03
    outer loop
      vertex -6.840064e+00 -5.179880e+00 0.000000e+00
      vertex -6.440315e+00 -5.558455e+00 6.350000e+00
      vertex -6.318532e+00 -5.687233e+00 0.000000e+00
    endloop
  endfacet
  facet normal 7.545441e-01 6.562483e-01 1.162054e-03
    outer loop
      vertex -6.318532e+00 -5.687233e+00 0.000000e+00
      vertex -6.440315e+00 -5.558455e+00 6.350000e+00
      vertex -5.963273e+00 -6.106951e+00 6.350000e+00
    endloop
  endfacet
  facet normal 7.719162e-01 6.357233e-01 -1.166497e-03
    outer loop
      vertex -6.318532e+00 -5.687233e+00 0.000000e+00
      vertex -5.963273e+00 -6.106951e+00 6.350000e+00
      vertex -5.855980e+00 -6.248878e+00 0.000000e+00
    endloop
  endfacet
  facet normal 8.220988e-01 5.693437e-01 1.165061e-03
    outer loop
      vertex -5.855980e+00 -6.248878e+00 0.000000e+00
      vertex -5.963273e+00 -6.106951e+00 6.350000e+00
      vertex -5.549404e+00 -6.704552e+00 6.350000e+00
    endloop
  endfacet
  facet normal 8.371659e-01 5.469478e-01 -1.169499e-03
    outer loop
      vertex -5.855980e+00 -6.248878e+00 0.000000e+00
      vertex -5.549404e+00 -6.704552e+00 6.350000e+00
      vertex -5.458022e+00 -6.858000e+00 0.000000e+00
    endloop
  endfacet
  facet normal 8.796929e-01 4.755408e-01 1.168057e-03
    outer loop
      vertex -5.458022e+00 -6.858000e+00 0.000000e+00
      vertex -5.549404e+00 -6.704552e+00 6.350000e+00
      vertex -5.203722e+00 -7.344021e+00 6.350000e+00
    endloop
  endfacet
  facet normal 8.922536e-01 4.515330e-01 -1.172489e-03
    outer loop
      vertex -5.458022e+00 -6.858000e+00 0.000000e+00
      vertex -5.203722e+00 -7.344021e+00 6.350000e+00
      vertex -5.129487e+00 -7.507204e+00 0.000000e+00
    endloop
  endfacet
  facet normal 9.266285e-01 3.759763e-01 1.171042e-03
    outer loop
      vertex -5.129487e+00 -7.507204e+00 0.000000e+00
      vertex -5.203722e+00 -7.344021e+00 6.350000e+00
      vertex -4.930417e+00 -8.017609e+00 6.350000e+00
    endloop
  endfacet
  facet normal 9.365106e-01 3.506373e-01 -1.175468e-03
    outer loop
      vertex -5.129487e+00 -7.507204e+00 0.000000e+00
      vertex -4.930417e+00 -8.017609e+00 6.350000e+00
      vertex -4.874363e+00 -8.188609e+00 0.000000e+00
    endloop
  endfacet
  facet normal 9.623371e-01 2.718564e-01 1.174016e-03
    outer loop
      vertex -4.874363e+00 -8.188609e+00 0.000000e+00
      vertex -4.930417e+00 -8.017609e+00 6.350000e+00
      vertex -4.732798e+00 -8.717154e+00 6.350000e+00
    endloop
  endfacet
  facet normal 9.693996e-01 2.454853e-01 -1.178437e-03
    outer loop
      vertex -4.874363e+00 -8.188609e+00 0.000000e+00
      vertex -4.732798e+00 -8.717154e+00 6.350000e+00
      vertex -4.695748e+00 -8.893944e+00 0.000000e+00
    endloop
  endfacet
  facet normal 9.863859e-01 1.644426e-01 1.176979e-03
    outer loop
      vertex -4.695748e+00 -8.893944e+00 0.000000e+00
      vertex -4.732798e+00 -8.717154e+00 6.350000e+00
      vertex -4.613261e+00 -9.434180e+00 6.350000e+00
    endloop
  endfacet
  facet normal 9.905214e-01 1.373535e-01 -1.181395e-03
    outer loop
      vertex -4.695748e+00 -8.893944e+00 0.000000e+00
      vertex -4.613261e+00 -9.434180e+00 6.350000e+00
      vertex -4.595809e+00 -9.614647e+00 0.000000e+00
    endloop
  endfacet
  facet normal 9.984837e-01 5.503648e-02 1.179931e-03
    outer loop
      vertex -4.595809e+00 -9.614647e+00 0.000000e+00
      vertex -4.613261e+00 -9.434180e+00 6.350000e+00
      vertex -4.573253e+00 -1.016000e+01 6.350000e+00
    endloop
  endfacet
  facet normal 9.996196e-01 2.755432e-02 -1.184341e-03
    outer loop
      vertex -4.595809e+00 -9.614647e+00 0.000000e+00
      vertex -4.573253e+00 -1.016000e+01 6.350000e+00
      vertex -4.575761e+00 -1.034197e+01 0.000000e+00
    endloop
  endfacet
  facet normal 9.984837e-01 -5.503648e-02 1.182872e-03
    outer loop
      vertex -4.575761e+00 -1.034197e+01 0.000000e+00
      vertex -4.573253e+00 -1.016000e+01 6.350000e+00
      vertex -4.613261e+00 -1.088582e+01 6.350000e+00
    endloop
  endfacet
  facet normal 9.965838e-01 -8.257928e-02 -1.187277e-03
    outer loop
      vertex -4.575761e+00 -1.034197e+01 0.000000e+00
      vertex -4.613261e+00 -1.088582e+01 6.350000e+00
      vertex -4.635846e+00 -1.106708e+01 0.000000e+00
    endloop
  endfacet
  facet normal 9.863859e-01 -1.644426e-01 1.185802e-03
    outer loop
      vertex -4.635846e+00 -1.106708e+01 0.000000e+00
      vertex -4.613261e+00 -1.088582e+01 6.350000e+00
      vertex -4.732798e+00 -1.160285e+01 6.350000e+00
    endloop
  endfacet
  facet normal 9.814508e-01 -1.917105e-01 -1.190202e-03
    outer loop
      vertex -4.635846e+00 -1.106708e+01 0.000000e+00
      vertex -4.732798e+00 -1.160285e+01 6.350000e+00
      vertex -4.775334e+00 -1.178119e+01 0.000000e+00
    endloop
  endfacet
  facet normal 9.623371e-01 -2.718564e-01 1.188721e-03
    outer loop
      vertex -4.775334e+00 -1.178119e+01 0.000000e+00
      vertex -4.732798e+00 -1.160285e+01 6.350000e+00
      vertex -4.930417e+00 -1.230239e+01 6.350000e+00
    endloop
  endfacet
  facet normal 9.544043e-01 -2.985146e-01 -1.193116e-03
    outer loop
      vertex -4.775334e+00 -1.178119e+01 0.000000e+00
      vertex -4.930417e+00 -1.230239e+01 6.350000e+00
      vertex -4.992533e+00 -1.247561e+01 0.000000e+00
    endloop
  endfacet
  facet normal 9.266285e-01 -3.759763e-01 1.191630e-03
    outer loop
      vertex -4.992533e+00 -1.247561e+01 0.000000e+00
      vertex -4.930417e+00 -1.230239e+01 6.350000e+00
      vertex -5.203722e+00 -1.297598e+01 6.350000e+00
    endloop
  endfacet
  facet normal 9.157727e-01 -4.016951e-01 -1.196018e-03
    outer loop
      vertex -4.992533e+00 -1.247561e+01 0.000000e+00
      vertex -5.203722e+00 -1.297598e+01 6.350000e+00
      vertex -5.284807e+00 -1.314193e+01 0.000000e+00
    endloop
  endfacet
  facet normal 8.796929e-01 -4.755408e-01 1.194527e-03
    outer loop
      vertex -5.284807e+00 -1.314193e+01 0.000000e+00
      vertex -5.203722e+00 -1.297598e+01 6.350000e+00
      vertex -5.549404e+00 -1.361545e+01 6.350000e+00
    endloop
  endfacet
  facet normal 8.660248e-01 -4.999996e-01 -1.198910e-03
    outer loop
      vertex -5.284807e+00 -1.314193e+01 0.000000e+00
      vertex -5.549404e+00 -1.361545e+01 6.350000e+00
      vertex -5.648606e+00 -1.377205e+01 0.000000e+00
    endloop
  endfacet
  facet normal 8.220987e-01 -5.693437e-01 1.197413e-03
    outer loop
      vertex -5.648606e+00 -1.377205e+01 0.000000e+00
      vertex -5.549404e+00 -1.361545e+01 6.350000e+00
      vertex -5.963273e+00 -1.421305e+01 6.350000e+00
    endloop
  endfacet
  facet normal 8.057645e-01 -5.922348e-01 -1.201791e-03
    outer loop
      vertex -5.648606e+00 -1.377205e+01 0.000000e+00
      vertex -5.963273e+00 -1.421305e+01 6.350000e+00
      vertex -6.079516e+00 -1.435832e+01 0.000000e+00
    endloop
  endfacet
  facet normal 7.545440e-01 -6.562483e-01 1.200289e-03
    outer loop
      vertex -6.079516e+00 -1.435832e+01 0.000000e+00
      vertex -5.963273e+00 -1.421305e+01 6.350000e+00
      vertex -6.440315e+00 -1.476155e+01 6.350000e+00
    endloop
  endfacet
  facet normal 7.357234e-01 -6.772811e-01 -1.204661e-03
    outer loop
      vertex -6.079516e+00 -1.435832e+01 0.000000e+00
      vertex -6.440315e+00 -1.476155e+01 6.350000e+00
      vertex -6.572305e+00 -1.489363e+01 0.000000e+00
    endloop
  endfacet
  facet normal 6.778472e-01 -7.352018e-01 1.203153e-03
    outer loop
      vertex -6.572305e+00 -1.489363e+01 0.000000e+00
      vertex -6.440315e+00 -1.476155e+01 6.350000e+00
      vertex -6.974750e+00 -1.525429e+01 6.350000e+00
    endloop
  endfacet
  facet normal 6.567516e-01 -7.541060e-01 -1.207520e-03
    outer loop
      vertex -6.572305e+00 -1.489363e+01 0.000000e+00
      vertex -6.974750e+00 -1.525429e+01 6.350000e+00
      vertex -7.120993e+00 -1.537148e+01 0.000000e+00
    endloop
  endfacet
  facet normal 5.929375e-01 -8.052475e-01 1.206007e-03
    outer loop
      vertex -7.120993e+00 -1.537148e+01 0.000000e+00
      vertex -6.974750e+00 -1.525429e+01 6.350000e+00
      vertex -7.560103e+00 -1.568531e+01 6.350000e+00
    endloop
  endfacet
  facet normal 5.698076e-01 -8.217772e-01 -1.210368e-03
    outer loop
      vertex -7.120993e+00 -1.537148e+01 0.000000e+00
      vertex -7.560103e+00 -1.568531e+01 6.350000e+00
      vertex -7.718917e+00 -1.578608e+01 0.000000e+00
    endloop
  endfacet
  facet normal 5.008438e-01 -8.655368e-01 1.208849e-03
    outer loop
      vertex -7.718917e+00 -1.578608e+01 0.000000e+00
      vertex -7.560103e+00 -1.568531e+01 6.350000e+00
      vertex -8.189281e+00 -1.604938e+01 6.350000e+00
    endloop
  endfacet
  facet normal 4.759471e-01 -8.794731e-01 -1.213206e-03
    outer loop
      vertex -7.718917e+00 -1.578608e+01 0.000000e+00
      vertex -8.189281e+00 -1.604938e+01 6.350000e+00
      vertex -8.358822e+00 -1.613238e+01 0.000000e+00
    endloop
  endfacet
  facet normal 4.026818e-01 -9.153392e-01 1.211681e-03
    outer loop
      vertex -8.358822e+00 -1.613238e+01 0.000000e+00
      vertex -8.189281e+00 -1.604938e+01 6.350000e+00
      vertex -8.854662e+00 -1.634210e+01 6.350000e+00
    endloop
  endfacet
  facet normal 3.763091e-01 -9.264934e-01 -1.216032e-03
    outer loop
      vertex -8.358822e+00 -1.613238e+01 0.000000e+00
      vertex -8.854662e+00 -1.634210e+01 6.350000e+00
      vertex -9.032938e+00 -1.640618e+01 0.000000e+00
    endloop
  endfacet
  facet normal 2.996409e-01 -9.540513e-01 1.214502e-03
    outer loop
      vertex -9.032938e+00 -1.640618e+01 0.000000e+00
      vertex -8.854662e+00 -1.634210e+01 6.350000e+00
      vertex -9.548184e+00 -1.655992e+01 6.350000e+00
    endloop
  endfacet
  facet normal 2.721033e-01 -9.622673e-01 -1.218847e-03
    outer loop
      vertex -9.032938e+00 -1.640618e+01 0.000000e+00
      vertex -9.548184e+00 -1.655992e+01 6.350000e+00
      vertex -9.733084e+00 -1.660416e+01 0.000000e+00
    endloop
  endfacet
  facet normal 1.929695e-01 -9.812040e-01 1.217312e-03
    outer loop
      vertex -9.733084e+00 -1.660416e+01 0.000000e+00
      vertex -9.548184e+00 -1.655992e+01 6.350000e+00
      vertex -1.026144e+01 -1.670019e+01 6.350000e+00
    endloop
  endfacet
  facet normal 1.645945e-01 -9.863605e-01 -1.221651e-03
    outer loop
      vertex -9.733084e+00 -1.660416e+01 0.000000e+00
      vertex -1.026144e+01 -1.670019e+01 6.350000e+00
      vertex -1.045076e+01 -1.672392e+01 8.881784e-16
    endloop
  endfacet
  facet normal 8.396005e-02 -9.964684e-01 1.220110e-03
    outer loop
      vertex -1.045076e+01 -1.672392e+01 8.881784e-16
      vertex -1.026144e+01 -1.670019e+01 6.350000e+00
      vertex -1.098580e+01 -1.676122e+01 6.350000e+00
    endloop
  endfacet
  facet normal 6.123234e-17 0.000000e+00 1.000000e+00
    outer loop
      vertex -1.752725e+01 -1.197392e+01 6.350000e+00
      vertex -1.752725e+01 -8.346078e+00 6.350000e+00
      vertex -1.768943e+01 -1.125741e+01 6.350000e+00
    endloop
  endfacet
  facet normal 6.123234e-17 0.000000e+00 1.000000e+00
    outer loop
      vertex -1.768943e+01 -1.125741e+01 6.350000e+00
      vertex -1.752725e+01 -8.346078e+00 6.350000e+00
      vertex -1.768943e+01 -9.062590e+00 6.350000e+00
    endloop
  endfacet
  facet normal 6.123234e-17 0.000000e+00 1.000000e+00
    outer loop
      vertex -1.768943e+01 -1.125741e+01 6.350000e+00
      vertex -1.768943e+01 -9.062590e+00 6.350000e+00
      vertex -1.777103e+01 -1.052732e+01 6.350000e+00
    endloop
  endfacet
  facet normal 6.123234e-17 0.000000e+00 1.000000e+00
    outer loop
      vertex -1.777103e+01 -1.052732e+01 6.350000e+00
      vertex -1.768943e+01 -9.062590e+00 6.350000e+00
      vertex -1.777103e+01 -9.792682e+00 6.350000e+00
    endloop
  endfacet
  facet normal -6.123234e-17 0.000000e+00 -1.000000e+00
    outer loop
      vertex -1.054056e+01 -1.519994e+01 8.881784e-16
      vertex -1.045076e+01 -1.672392e+01 8.881784e-16
      vertex -1.117725e+01 -1.524000e+01 8.881784e-16
    endloop
  endfacet
  facet normal -6.123234e-17 0.000000e+00 -1.000000e+00
    outer loop
      vertex -1.117725e+01 -1.524000e+01 8.881784e-16
      vertex -1.045076e+01 -1.672392e+01 8.881784e-16
      vertex -1.117725e+01 -1.676400e+01 8.881784e-16
    endloop
  endfacet
  facet normal -6.123234e-17 0.000000e+00 -1.000000e+00
    outer loop
      vertex -1.117725e+01 -1.524000e+01 8.881784e-16
      vertex -1.117725e+01 -1.676400e+01 8.881784e-16
      vertex -1.190375e+01 -1.672392e+01 8.881784e-16
    endloop
  endfacet
  facet normal -6.123234e-17 0.000000e+00 -1.000000e+00
    outer loop
      vertex -1.045076e+01 -1.672392e+01 8.881784e-16
      vertex -1.054056e+01 -1.519994e+01 8.881784e-16
      vertex -9.733084e+00 -1.660416e+01 0.000000e+00
    endloop
  endfacet
  facet normal -6.123234e-17 0.000000e+00 -1.000000e+00
    outer loop
      vertex -9.733084e+00 -1.660416e+01 0.000000e+00
      vertex -1.054056e+01 -1.519994e+01 8.881784e-16
      vertex -9.913909e+00 -1.508040e+01 0.000000e+00
    endloop
  endfacet
  facet normal -6.123234e-17 0.000000e+00 -1.000000e+00
    outer loop
      vertex -9.733084e+00 -1.660416e+01 0.000000e+00
      vertex -9.913909e+00 -1.508040e+01 0.000000e+00
      vertex -9.032938e+00 -1.640618e+01 0.000000e+00
    endloop
  endfacet
  facet normal -6.123234e-17 0.000000e+00 -1.000000e+00
    outer loop
      vertex -9.032938e+00 -1.640618e+01 0.000000e+00
      vertex -9.913909e+00 -1.508040e+01 0.000000e+00
      vertex -9.307181e+00 -1.488327e+01 0.000000e+00
    endloop
  endfacet
  facet normal -6.123234e-17 0.000000e+00 -1.000000e+00
    outer loop
      vertex -9.032938e+00 -1.640618e+01 0.000000e+00
      vertex -9.307181e+00 -1.488327e+01 0.000000e+00
      vertex -8.358822e+00 -1.613238e+01 0.000000e+00
    endloop
  endfacet
  facet normal -6.123234e-17 0.000000e+00 -1.000000e+00
    outer loop
      vertex -8.358822e+00 -1.613238e+01 0.000000e+00
      vertex -9.307181e+00 -1.488327e+01 0.000000e+00
      vertex -8.729945e+00 -1.461164e+01 0.000000e+00
    endloop
  endfacet
  facet normal -6.123234e-17 0.000000e+00 -1.000000e+00
    outer loop
      vertex -8.358822e+00 -1.613238e+01 0.000000e+00
      vertex -8.729945e+00 -1.461164e+01 0.000000e+00
      vertex -7.718917e+00 -1.578608e+01 0.000000e+00
    endloop
  endfacet
  facet normal -6.123234e-17 0.000000e+00 -1.000000e+00
    outer loop
      vertex -7.718917e+00 -1.578608e+01 0.000000e+00
      vertex -8.729945e+00 -1.461164e+01 0.000000e+00
      vertex -8.191305e+00 -1.426981e+01 0.000000e+00
    endloop
  endfacet
  facet normal -6.123234e-17 0.000000e+00 -1.000000e+00
    outer loop
      vertex -7.718917e+00 -1.578608e+01 0.000000e+00
      vertex -8.191305e+00 -1.426981e+01 0.000000e+00
      vertex -7.120993e+00 -1.537148e+01 0.000000e+00
    endloop
  endfacet
  facet normal -6.123234e-17 0.000000e+00 -1.000000e+00
    outer loop
      vertex -7.120993e+00 -1.537148e+01 0.000000e+00
      vertex -8.191305e+00 -1.426981e+01 0.000000e+00
      vertex -7.699754e+00 -1.386316e+01 0.000000e+00
    endloop
  endfacet
  facet normal -6.123234e-17 0.000000e+00 -1.000000e+00
    outer loop
      vertex -7.120993e+00 -1.537148e+01 0.000000e+00
      vertex -7.699754e+00 -1.386316e+01 0.000000e+00
      vertex -6.572305e+00 -1.489363e+01 0.000000e+00
    endloop
  endfacet
  facet normal -6.123234e-17 0.000000e+00 -1.000000e+00
    outer loop
      vertex -6.572305e+00 -1.489363e+01 0.000000e+00
      vertex -7.699754e+00 -1.386316e+01 0.000000e+00
      vertex -7.263047e+00 -1.339811e+01 0.000000e+00
    endloop
  endfacet
  facet normal -6.123234e-17 0.000000e+00 -1.000000e+00
    outer loop
      vertex -6.572305e+00 -1.489363e+01 0.000000e+00
      vertex -7.263047e+00 -1.339811e+01 0.000000e+00
      vertex -6.079516e+00 -1.435832e+01 0.000000e+00
    endloop
  endfacet
  facet normal -6.123234e-17 0.000000e+00 -1.000000e+00
    outer loop
      vertex -6.079516e+00 -1.435832e+01 0.000000e+00
      vertex -7.263047e+00 -1.339811e+01 0.000000e+00
      vertex -5.648606e+00 -1.377205e+01 0.000000e+00
    endloop
  endfacet
  facet normal -6.123234e-17 0.000000e+00 -1.000000e+00
    outer loop
      vertex -5.648606e+00 -1.377205e+01 0.000000e+00
      vertex -7.263047e+00 -1.339811e+01 0.000000e+00
      vertex -6.888068e+00 -1.288200e+01 0.000000e+00
    endloop
  endfacet
  facet normal -6.123234e-17 0.000000e+00 -1.000000e+00
    outer loop
      vertex -5.648606e+00 -1.377205e+01 0.000000e+00
      vertex -6.888068e+00 -1.288200e+01 0.000000e+00
      vertex -5.284807e+00 -1.314193e+01 0.000000e+00
    endloop
  endfacet
  facet normal -6.123234e-17 0.000000e+00 -1.000000e+00
    outer loop
      vertex -5.284807e+00 -1.314193e+01 0.000000e+00
      vertex -6.888068e+00 -1.288200e+01 0.000000e+00
      vertex -6.580732e+00 -1.232296e+01 0.000000e+00
    endloop
  endfacet
  facet normal -6.123234e-17 0.000000e+00 -1.000000e+00
    outer loop
      vertex -5.284807e+00 -1.314193e+01 0.000000e+00
      vertex -6.580732e+00 -1.232296e+01 0.000000e+00
      vertex -4.992533e+00 -1.247561e+01 0.000000e+00
    endloop
  endfacet
  facet normal -6.123234e-17 0.000000e+00 -1.000000e+00
    outer loop
      vertex -4.992533e+00 -1.247561e+01 0.000000e+00
      vertex -6.580732e+00 -1.232296e+01 0.000000e+00
      vertex -6.345887e+00 -1.172981e+01 0.000000e+00
    endloop
  endfacet
  facet normal -6.123234e-17 0.000000e+00 -1.000000e+00
    outer loop
      vertex -4.992533e+00 -1.247561e+01 0.000000e+00
      vertex -6.345887e+00 -1.172981e+01 0.000000e+00
      vertex -4.775334e+00 -1.178119e+01 0.000000e+00
    endloop
  endfacet
  facet normal -6.123234e-17 0.000000e+00 -1.000000e+00
    outer loop
      vertex -4.775334e+00 -1.178119e+01 0.000000e+00
      vertex -6.345887e+00 -1.172981e+01 0.000000e+00
      vertex -6.187234e+00 -1.111190e+01 0.000000e+00
    endloop
  endfacet
  facet normal -6.123234e-17 0.000000e+00 -1.000000e+00
    outer loop
      vertex -4.775334e+00 -1.178119e+01 0.000000e+00
      vertex -6.187234e+00 -1.111190e+01 0.000000e+00
      vertex -4.635846e+00 -1.106708e+01 0.000000e+00
    endloop
  endfacet
  facet normal -6.123234e-17 0.000000e+00 -1.000000e+00
    outer loop
      vertex -4.635846e+00 -1.106708e+01 0.000000e+00
      vertex -6.187234e+00 -1.111190e+01 0.000000e+00
      vertex -6.107277e+00 -1.047898e+01 0.000000e+00
    endloop
  endfacet
  facet normal -6.123234e-17 0.000000e+00 -1.000000e+00
    outer loop
      vertex -4.635846e+00 -1.106708e+01 0.000000e+00
      vertex -6.107277e+00 -1.047898e+01 0.000000e+00
      vertex -4.575761e+00 -1.034197e+01 0.000000e+00
    endloop
  endfacet
  facet normal -6.123234e-17 0.000000e+00 -1.000000e+00
    outer loop
      vertex -4.575761e+00 -1.034197e+01 0.000000e+00
      vertex -6.107277e+00 -1.047898e+01 0.000000e+00
      vertex -6.107277e+00 -9.841024e+00 0.000000e+00
    endloop
  endfacet
  facet normal -6.123234e-17 0.000000e+00 -1.000000e+00
    outer loop
      vertex -4.575761e+00 -1.034197e+01 0.000000e+00
      vertex -6.107277e+00 -9.841024e+00 0.000000e+00
      vertex -4.595809e+00 -9.614647e+00 0.000000e+00
    endloop
  endfacet
  facet normal -6.123234e-17 0.000000e+00 -1.000000e+00
    outer loop
      vertex -4.595809e+00 -9.614647e+00 0.000000e+00
      vertex -6.107277e+00 -9.841024e+00 0.000000e+00
      vertex -6.187234e+00 -9.208103e+00 0.000000e+00
    endloop
  endfacet
  facet normal -6.123234e-17 0.000000e+00 -1.000000e+00
    outer loop
      vertex -4.595809e+00 -9.614647e+00 0.000000e+00
      vertex -6.187234e+00 -9.208103e+00 0.000000e+00
      vertex -4.695748e+00 -8.893944e+00 0.000000e+00
    endloop
  endfacet
  facet normal -6.123234e-17 0.000000e+00 -1.000000e+00
    outer loop
      vertex -4.695748e+00 -8.893944e+00 0.000000e+00
      vertex -6.187234e+00 -9.208103e+00 0.000000e+00
      vertex -4.874363e+00 -8.188609e+00 0.000000e+00
    endloop
  endfacet
  facet normal -6.123234e-17 0.000000e+00 -1.000000e+00
    outer loop
      vertex -4.874363e+00 -8.188609e+00 0.000000e+00
      vertex -6.187234e+00 -9.208103e+00 0.000000e+00
      vertex -6.345887e+00 -8.590195e+00 0.000000e+00
    endloop
  endfacet
  facet normal -6.123234e-17 0.000000e+00 -1.000000e+00
    outer loop
      vertex -4.874363e+00 -8.188609e+00 0.000000e+00
      vertex -6.345887e+00 -8.590195e+00 0.000000e+00
      vertex -5.129487e+00 -7.507204e+00 0.000000e+00
    endloop
  endfacet
  facet normal -6.123234e-17 0.000000e+00 -1.000000e+00
    outer loop
      vertex -5.129487e+00 -7.507204e+00 0.000000e+00
      vertex -6.345887e+00 -8.590195e+00 0.000000e+00
      vertex -6.580732e+00 -7.997042e+00 0.000000e+00
    endloop
  endfacet
  facet normal -6.123234e-17 0.000000e+00 -1.000000e+00
    outer loop
      vertex -5.129487e+00 -7.507204e+00 0.000000e+00
      vertex -6.580732e+00 -7.997042e+00 0.000000e+00
      vertex -5.458022e+00 -6.858000e+00 0.000000e+00
    endloop
  endfacet
  facet normal -6.123234e-17 0.000000e+00 -1.000000e+00
    outer loop
      vertex -5.458022e+00 -6.858000e+00 0.000000e+00
      vertex -6.580732e+00 -7.997042e+00 0.000000e+00
      vertex -6.888068e+00 -7.438001e+00 0.000000e+00
    endloop
  endfacet
  facet normal -6.123234e-17 0.000000e+00 -1.000000e+00
    outer loop
      vertex -5.458022e+00 -6.858000e+00 0.000000e+00
      vertex -6.888068e+00 -7.438001e+00 0.000000e+00
      vertex -5.855980e+00 -6.248878e+00 0.000000e+00
    endloop
  endfacet
  facet normal -6.123234e-17 0.000000e+00 -1.000000e+00
    outer loop
      vertex -5.855980e+00 -6.248878e+00 0.000000e+00
      vertex -6.888068e+00 -7.438001e+00 0.000000e+00
      vertex -7.263047e+00 -6.921886e+00 0.000000e+00
    endloop
  endfacet
  facet normal -6.123234e-17 0.000000e+00 -1.000000e+00
    outer loop
      vertex -5.855980e+00 -6.248878e+00 0.000000e+00
      vertex -7.263047e+00 -6.921886e+00 0.000000e+00
      vertex -6.318532e+00 -5.687233e+00 0.000000e+00
    endloop
  endfacet
  facet normal -6.123234e-17 0.000000e+00 -1.000000e+00
    outer loop
      vertex -6.318532e+00 -5.687233e+00 0.000000e+00
      vertex -7.263047e+00 -6.921886e+00 0.000000e+00
      vertex -7.699754e+00 -6.456841e+00 0.000000e+00
    endloop
  endfacet
  facet normal -6.123234e-17 0.000000e+00 -1.000000e+00
    outer loop
      vertex -6.318532e+00 -5.687233e+00 0.000000e+00
      vertex -7.699754e+00 -6.456841e+00 0.000000e+00
      vertex -6.840064e+00 -5.179880e+00 0.000000e+00
    endloop
  endfacet
  facet normal -6.123234e-17 0.000000e+00 -1.000000e+00
    outer loop
      vertex -6.840064e+00 -5.179880e+00 0.000000e+00
      vertex -7.699754e+00 -6.456841e+00 0.000000e+00
      vertex -8.191305e+00 -6.050194e+00 0.000000e+00
    endloop
  endfacet
  facet normal -6.123234e-17 0.000000e+00 -1.000000e+00
    outer loop
      vertex -6.840064e+00 -5.179880e+00 0.000000e+00
      vertex -8.191305e+00 -6.050194e+00 0.000000e+00
      vertex -7.414241e+00 -4.732981e+00 0.000000e+00
    endloop
  endfacet
  facet normal -6.123234e-17 0.000000e+00 -1.000000e+00
    outer loop
      vertex -7.414241e+00 -4.732981e+00 0.000000e+00
      vertex -8.191305e+00 -6.050194e+00 0.000000e+00
      vertex -8.729945e+00 -5.708363e+00 0.000000e+00
    endloop
  endfacet
  facet normal -6.123234e-17 0.000000e+00 -1.000000e+00
    outer loop
      vertex -7.414241e+00 -4.732981e+00 0.000000e+00
      vertex -8.729945e+00 -5.708363e+00 0.000000e+00
      vertex -8.034097e+00 -4.351955e+00 0.000000e+00
    endloop
  endfacet
  facet normal -6.123234e-17 0.000000e+00 -1.000000e+00
    outer loop
      vertex -8.034097e+00 -4.351955e+00 0.000000e+00
      vertex -8.729945e+00 -5.708363e+00 0.000000e+00
      vertex -8.692107e+00 -4.041433e+00 0.000000e+00
    endloop
  endfacet
  facet normal -6.123234e-17 0.000000e+00 -1.000000e+00
    outer loop
      vertex -8.692107e+00 -4.041433e+00 0.000000e+00
      vertex -8.729945e+00 -5.708363e+00 0.000000e+00
      vertex -9.307181e+00 -5.436735e+00 0.000000e+00
    endloop
  endfacet
  facet normal -6.123234e-17 0.000000e+00 -1.000000e+00
    outer loop
      vertex -8.692107e+00 -4.041433e+00 0.000000e+00
      vertex -9.307181e+00 -5.436735e+00 0.000000e+00
      vertex -9.380282e+00 -3.805183e+00 0.000000e+00
    endloop
  endfacet
  facet normal -6.123234e-17 0.000000e+00 -1.000000e+00
    outer loop
      vertex -9.380282e+00 -3.805183e+00 0.000000e+00
      vertex -9.307181e+00 -5.436735e+00 0.000000e+00
      vertex -9.913909e+00 -5.239597e+00 0.000000e+00
    endloop
  endfacet
  facet normal -6.123234e-17 0.000000e+00 -1.000000e+00
    outer loop
      vertex -9.380282e+00 -3.805183e+00 0.000000e+00
      vertex -9.913909e+00 -5.239597e+00 0.000000e+00
      vertex -1.009027e+01 -3.646070e+00 0.000000e+00
    endloop
  endfacet
  facet normal -6.123234e-17 0.000000e+00 -1.000000e+00
    outer loop
      vertex -1.009027e+01 -3.646070e+00 0.000000e+00
      vertex -9.913909e+00 -5.239597e+00 0.000000e+00
      vertex -1.054056e+01 -5.120058e+00 8.881784e-16
    endloop
  endfacet
  facet normal -6.123234e-17 0.000000e+00 -1.000000e+00
    outer loop
      vertex -1.009027e+01 -3.646070e+00 0.000000e+00
      vertex -1.054056e+01 -5.120058e+00 8.881784e-16
      vertex -1.081345e+01 -3.566029e+00 8.881784e-16
    endloop
  endfacet
  facet normal -6.123234e-17 0.000000e+00 -1.000000e+00
    outer loop
      vertex -1.081345e+01 -3.566029e+00 8.881784e-16
      vertex -1.054056e+01 -5.120058e+00 8.881784e-16
      vertex -1.117725e+01 -5.080000e+00 8.881784e-16
    endloop
  endfacet
  facet normal -6.123234e-17 0.000000e+00 -1.000000e+00
    outer loop
      vertex -1.081345e+01 -3.566029e+00 8.881784e-16
      vertex -1.117725e+01 -5.080000e+00 8.881784e-16
      vertex -1.154105e+01 -3.566029e+00 8.881784e-16
    endloop
  endfacet
  facet normal -6.123234e-17 0.000000e+00 -1.000000e+00
    outer loop
      vertex -1.154105e+01 -3.566029e+00 8.881784e-16
      vertex -1.117725e+01 -5.080000e+00 8.881784e-16
      vertex -1.181395e+01 -5.120058e+00 8.881784e-16
    endloop
  endfacet
  facet normal -6.123234e-17 0.000000e+00 -1.000000e+00
    outer loop
      vertex -1.154105e+01 -3.566029e+00 8.881784e-16
      vertex -1.181395e+01 -5.120058e+00 8.881784e-16
      vertex -1.226424e+01 -3.646070e+00 8.881784e-16
    endloop
  endfacet
  facet normal -6.123234e-17 0.000000e+00 -1.000000e+00
    outer loop
      vertex -1.226424e+01 -3.646070e+00 8.881784e-16
      vertex -1.181395e+01 -5.120058e+00 8.881784e-16
      vertex -1.244060e+01 -5.239597e+00 8.881784e-16
    endloop
  endfacet
  facet normal -6.123234e-17 0.000000e+00 -1.000000e+00
    outer loop
      vertex -1.226424e+01 -3.646070e+00 8.881784e-16
      vertex -1.244060e+01 -5.239597e+00 8.881784e-16
      vertex -1.297423e+01 -3.805183e+00 8.881784e-16
    endloop
  endfacet
  facet normal -6.123234e-17 0.000000e+00 -1.000000e+00
    outer loop
      vertex -1.297423e+01 -3.805183e+00 8.881784e-16
      vertex -1.244060e+01 -5.239597e+00 8.881784e-16
      vertex -1.304733e+01 -5.436735e+00 8.881784e-16
    endloop
  endfacet
  facet normal -6.123234e-17 0.000000e+00 -1.000000e+00
    outer loop
      vertex -1.297423e+01 -3.805183e+00 8.881784e-16
      vertex -1.304733e+01 -5.436735e+00 8.881784e-16
      vertex -1.366240e+01 -4.041433e+00 8.881784e-16
    endloop
  endfacet
  facet normal -6.123234e-17 0.000000e+00 -1.000000e+00
    outer loop
      vertex -1.366240e+01 -4.041433e+00 8.881784e-16
      vertex -1.304733e+01 -5.436735e+00 8.881784e-16
      vertex -1.362456e+01 -5.708363e+00 8.881784e-16
    endloop
  endfacet
  facet normal -6.123234e-17 0.000000e+00 -1.000000e+00
    outer loop
      vertex -1.366240e+01 -4.041433e+00 8.881784e-16
      vertex -1.362456e+01 -5.708363e+00 8.881784e-16
      vertex -1.432041e+01 -4.351955e+00 8.881784e-16
    endloop
  endfacet
  facet normal -6.123234e-17 0.000000e+00 -1.000000e+00
    outer loop
      vertex -1.432041e+01 -4.351955e+00 8.881784e-16
      vertex -1.362456e+01 -5.708363e+00 8.881784e-16
      vertex -1.494027e+01 -4.732981e+00 8.881784e-16
    endloop
  endfacet
  facet normal -6.123234e-17 0.000000e+00 -1.000000e+00
    outer loop
      vertex -1.494027e+01 -4.732981e+00 8.881784e-16
      vertex -1.362456e+01 -5.708363e+00 8.881784e-16
      vertex -1.416320e+01 -6.050194e+00 8.881784e-16
    endloop
  endfacet
  facet normal -6.123234e-17 0.000000e+00 -1.000000e+00
    outer loop
      vertex -1.494027e+01 -4.732981e+00 8.881784e-16
      vertex -1.416320e+01 -6.050194e+00 8.881784e-16
      vertex -1.551444e+01 -5.179880e+00 8.881784e-16
    endloop
  endfacet
  facet normal -6.123234e-17 0.000000e+00 -1.000000e+00
    outer loop
      vertex -1.551444e+01 -5.179880e+00 8.881784e-16
      vertex -1.416320e+01 -6.050194e+00 8.881784e-16
      vertex -1.465475e+01 -6.456841e+00 8.881784e-16
    endloop
  endfacet
  facet normal -6.123234e-17 0.000000e+00 -1.000000e+00
    outer loop
      vertex -1.551444e+01 -5.179880e+00 8.881784e-16
      vertex -1.465475e+01 -6.456841e+00 8.881784e-16
      vertex -1.603597e+01 -5.687233e+00 8.881784e-16
    endloop
  endfacet
  facet normal -6.123234e-17 0.000000e+00 -1.000000e+00
    outer loop
      vertex -1.603597e+01 -5.687233e+00 8.881784e-16
      vertex -1.465475e+01 -6.456841e+00 8.881784e-16
      vertex -1.509146e+01 -6.921886e+00 8.881784e-16
    endloop
  endfacet
  facet normal -6.123234e-17 0.000000e+00 -1.000000e+00
    outer loop
      vertex -1.603597e+01 -5.687233e+00 8.881784e-16
      vertex -1.509146e+01 -6.921886e+00 8.881784e-16
      vertex -1.649853e+01 -6.248878e+00 8.881784e-16
    endloop
  endfacet
  facet normal -6.123234e-17 0.000000e+00 -1.000000e+00
    outer loop
      vertex -1.649853e+01 -6.248878e+00 8.881784e-16
      vertex -1.509146e+01 -6.921886e+00 8.881784e-16
      vertex -1.546644e+01 -7.438001e+00 8.881784e-16
    endloop
  endfacet
  facet normal -6.123234e-17 0.000000e+00 -1.000000e+00
    outer loop
      vertex -1.649853e+01 -6.248878e+00 8.881784e-16
      vertex -1.546644e+01 -7.438001e+00 8.881784e-16
      vertex -1.689649e+01 -6.858000e+00 8.881784e-16
    endloop
  endfacet
  facet normal -6.123234e-17 0.000000e+00 -1.000000e+00
    outer loop
      vertex -1.689649e+01 -6.858000e+00 8.881784e-16
      vertex -1.546644e+01 -7.438001e+00 8.881784e-16
      vertex -1.577378e+01 -7.997042e+00 8.881784e-16
    endloop
  endfacet
  facet normal -6.123234e-17 0.000000e+00 -1.000000e+00
    outer loop
      vertex -1.689649e+01 -6.858000e+00 8.881784e-16
      vertex -1.577378e+01 -7.997042e+00 8.881784e-16
      vertex -1.722502e+01 -7.507204e+00 8.881784e-16
    endloop
  endfacet
  facet normal -6.123234e-17 0.000000e+00 -1.000000e+00
    outer loop
      vertex -1.722502e+01 -7.507204e+00 8.881784e-16
      vertex -1.577378e+01 -7.997042e+00 8.881784e-16
      vertex -1.600862e+01 -8.590195e+00 8.881784e-16
    endloop
  endfacet
  facet normal -6.123234e-17 0.000000e+00 -1.000000e+00
    outer loop
      vertex -1.722502e+01 -7.507204e+00 8.881784e-16
      vertex -1.600862e+01 -8.590195e+00 8.881784e-16
      vertex -1.748014e+01 -8.188609e+00 8.881784e-16
    endloop
  endfacet
  facet normal -6.123234e-17 0.000000e+00 -1.000000e+00
    outer loop
      vertex -1.748014e+01 -8.188609e+00 8.881784e-16
      vertex -1.600862e+01 -8.590195e+00 8.881784e-16
      vertex -1.616727e+01 -9.208103e+00 8.881784e-16
    endloop
  endfacet
  facet normal -6.123234e-17 0.000000e+00 -1.000000e+00
    outer loop
      vertex -1.748014e+01 -8.188609e+00 8.881784e-16
      vertex -1.616727e+01 -9.208103e+00 8.881784e-16
      vertex -1.765876e+01 -8.893944e+00 8.881784e-16
    endloop
  endfacet
  facet normal -6.123234e-17 0.000000e+00 -1.000000e+00
    outer loop
      vertex -1.765876e+01 -8.893944e+00 8.881784e-16
      vertex -1.616727e+01 -9.208103e+00 8.881784e-16
      vertex -1.775870e+01 -9.614647e+00 8.881784e-16
    endloop
  endfacet
  facet normal -6.123234e-17 0.000000e+00 -1.000000e+00
    outer loop
      vertex -1.775870e+01 -9.614647e+00 8.881784e-16
      vertex -1.616727e+01 -9.208103e+00 8.881784e-16
      vertex -1.624723e+01 -9.841024e+00 8.881784e-16
    endloop
  endfacet
  facet normal -6.123234e-17 0.000000e+00 -1.000000e+00
    outer loop
      vertex -1.775870e+01 -9.614647e+00 8.881784e-16
      vertex -1.624723e+01 -9.841024e+00 8.881784e-16
      vertex -1.777875e+01 -1.034197e+01 8.881784e-16
    endloop
  endfacet
  facet normal -6.123234e-17 0.000000e+00 -1.000000e+00
    outer loop
      vertex -1.777875e+01 -1.034197e+01 8.881784e-16
      vertex -1.624723e+01 -9.841024e+00 8.881784e-16
      vertex -1.624723e+01 -1.047898e+01 8.881784e-16
    endloop
  endfacet
  facet normal -6.123234e-17 0.000000e+00 -1.000000e+00
    outer loop
      vertex -1.777875e+01 -1.034197e+01 8.881784e-16
      vertex -1.624723e+01 -1.047898e+01 8.881784e-16
      vertex -1.771866e+01 -1.106708e+01 8.881784e-16
    endloop
  endfacet
  facet normal -6.123234e-17 0.000000e+00 -1.000000e+00
    outer loop
      vertex -1.771866e+01 -1.106708e+01 8.881784e-16
      vertex -1.624723e+01 -1.047898e+01 8.881784e-16
      vertex -1.616727e+01 -1.111190e+01 8.881784e-16
    endloop
  endfacet
  facet normal -6.123234e-17 0.000000e+00 -1.000000e+00
    outer loop
      vertex -1.771866e+01 -1.106708e+01 8.881784e-16
      vertex -1.616727e+01 -1.111190e+01 8.881784e-16
      vertex -1.757917e+01 -1.178119e+01 8.881784e-16
    endloop
  endfacet
  facet normal -6.123234e-17 0.000000e+00 -1.000000e+00
    outer loop
      vertex -1.757917e+01 -1.178119e+01 8.881784e-16
      vertex -1.616727e+01 -1.111190e+01 8.881784e-16
      vertex -1.600862e+01 -1.172981e+01 8.881784e-16
    endloop
  endfacet
  facet normal -6.123234e-17 0.000000e+00 -1.000000e+00
    outer loop
      vertex -1.757917e+01 -1.178119e+01 8.881784e-16
      vertex -1.600862e+01 -1.172981e+01 8.881784e-16
      vertex -1.736197e+01 -1.247561e+01 8.881784e-16
    endloop
  endfacet
  facet normal -6.123234e-17 0.000000e+00 -1.000000e+00
    outer loop
      vertex -1.736197e+01 -1.247561e+01 8.881784e-16
      vertex -1.600862e+01 -1.172981e+01 8.881784e-16
      vertex -1.577378e+01 -1.232296e+01 8.881784e-16
    endloop
  endfacet
  facet normal -6.123234e-17 0.000000e+00 -1.000000e+00
    outer loop
      vertex -1.736197e+01 -1.247561e+01 8.881784e-16
      vertex -1.577378e+01 -1.232296e+01 8.881784e-16
      vertex -1.706970e+01 -1.314193e+01 8.881784e-16
    endloop
  endfacet
  facet normal -6.123234e-17 0.000000e+00 -1.000000e+00
    outer loop
      vertex -1.706970e+01 -1.314193e+01 8.881784e-16
      vertex -1.577378e+01 -1.232296e+01 8.881784e-16
      vertex -1.546644e+01 -1.288200e+01 8.881784e-16
    endloop
  endfacet
  facet normal -6.123234e-17 0.000000e+00 -1.000000e+00
    outer loop
      vertex -1.706970e+01 -1.314193e+01 8.881784e-16
      vertex -1.546644e+01 -1.288200e+01 8.881784e-16
      vertex -1.670590e+01 -1.377205e+01 8.881784e-16
    endloop
  endfacet
  facet normal -6.123234e-17 0.000000e+00 -1.000000e+00
    outer loop
      vertex -1.670590e+01 -1.377205e+01 8.881784e-16
      vertex -1.546644e+01 -1.288200e+01 8.881784e-16
      vertex -1.509146e+01 -1.339811e+01 8.881784e-16
    endloop
  endfacet
  facet normal -6.123234e-17 0.000000e+00 -1.000000e+00
    outer loop
      vertex -1.670590e+01 -1.377205e+01 8.881784e-16
      vertex -1.509146e+01 -1.339811e+01 8.881784e-16
      vertex -1.627499e+01 -1.435832e+01 8.881784e-16
    endloop
  endfacet
  facet normal -6.123234e-17 0.000000e+00 -1.000000e+00
    outer loop
      vertex -1.627499e+01 -1.435832e+01 8.881784e-16
      vertex -1.509146e+01 -1.339811e+01 8.881784e-16
      vertex -1.578220e+01 -1.489363e+01 8.881784e-16
    endloop
  endfacet
  facet normal -6.123234e-17 0.000000e+00 -1.000000e+00
    outer loop
      vertex -1.578220e+01 -1.489363e+01 8.881784e-16
      vertex -1.509146e+01 -1.339811e+01 8.881784e-16
      vertex -1.465475e+01 -1.386316e+01 8.881784e-16
    endloop
  endfacet
  facet normal -6.123234e-17 0.000000e+00 -1.000000e+00
    outer loop
      vertex -1.578220e+01 -1.489363e+01 8.881784e-16
      vertex -1.465475e+01 -1.386316e+01 8.881784e-16
      vertex -1.523351e+01 -1.537148e+01 8.881784e-16
    endloop
  endfacet
  facet normal -6.123234e-17 0.000000e+00 -1.000000e+00
    outer loop
      vertex -1.523351e+01 -1.537148e+01 8.881784e-16
      vertex -1.465475e+01 -1.386316e+01 8.881784e-16
      vertex -1.416320e+01 -1.426981e+01 8.881784e-16
    endloop
  endfacet
  facet normal -6.123234e-17 0.000000e+00 -1.000000e+00
    outer loop
      vertex -1.523351e+01 -1.537148e+01 8.881784e-16
      vertex -1.416320e+01 -1.426981e+01 8.881784e-16
      vertex -1.463559e+01 -1.578608e+01 8.881784e-16
    endloop
  endfacet
  facet normal -6.123234e-17 0.000000e+00 -1.000000e+00
    outer loop
      vertex -1.463559e+01 -1.578608e+01 8.881784e-16
      vertex -1.416320e+01 -1.426981e+01 8.881784e-16
      vertex -1.362456e+01 -1.461164e+01 8.881784e-16
    endloop
  endfacet
  facet normal -6.123234e-17 0.000000e+00 -1.000000e+00
    outer loop
      vertex -1.463559e+01 -1.578608e+01 8.881784e-16
      vertex -1.362456e+01 -1.461164e+01 8.881784e-16
      vertex -1.399569e+01 -1.613238e+01 8.881784e-16
    endloop
  endfacet
  facet normal -6.123234e-17 0.000000e+00 -1.000000e+00
    outer loop
      vertex -1.399569e+01 -1.613238e+01 8.881784e-16
      vertex -1.362456e+01 -1.461164e+01 8.881784e-16
      vertex -1.304733e+01 -1.488327e+01 8.881784e-16
    endloop
  endfacet
  facet normal -6.123234e-17 0.000000e+00 -1.000000e+00
    outer loop
      vertex -1.399569e+01 -1.613238e+01 8.881784e-16
      vertex -1.304733e+01 -1.488327e+01 8.881784e-16
      vertex -1.332157e+01 -1.640618e+01 8.881784e-16
    endloop
  endfacet
  facet normal -6.123234e-17 0.000000e+00 -1.000000e+00
    outer loop
      vertex -1.332157e+01 -1.640618e+01 8.881784e-16
      vertex -1.304733e+01 -1.488327e+01 8.881784e-16
      vertex -1.244060e+01 -1.508040e+01 8.881784e-16
    endloop
  endfacet
  facet normal -6.123234e-17 0.000000e+00 -1.000000e+00
    outer loop
      vertex -1.332157e+01 -1.640618e+01 8.881784e-16
      vertex -1.244060e+01 -1.508040e+01 8.881784e-16
      vertex -1.262142e+01 -1.660416e+01 8.881784e-16
    endloop
  endfacet
  facet normal -6.123234e-17 0.000000e+00 -1.000000e+00
    outer loop
      vertex -1.262142e+01 -1.660416e+01 8.881784e-16
      vertex -1.244060e+01 -1.508040e+01 8.881784e-16
      vertex -1.181395e+01 -1.519994e+01 8.881784e-16
    endloop
  endfacet
  facet normal -6.123234e-17 0.000000e+00 -1.000000e+00
    outer loop
      vertex -1.262142e+01 -1.660416e+01 8.881784e-16
      vertex -1.181395e+01 -1.519994e+01 8.881784e-16
      vertex -1.190375e+01 -1.672392e+01 8.881784e-16
    endloop
  endfacet
  facet normal -6.123234e-17 0.000000e+00 -1.000000e+00
    outer loop
      vertex -1.190375e+01 -1.672392e+01 8.881784e-16
      vertex -1.181395e+01 -1.519994e+01 8.881784e-16
      vertex -1.117725e+01 -1.524000e+01 8.881784e-16
    endloop
  endfacet
  facet normal -6.123234e-17 0.000000e+00 -1.000000e+00
    outer loop
      vertex -1.181395e+01 -1.519994e+01 6.350000e+00
      vertex -1.181395e+01 -5.120058e+00 6.350000e+00
      vertex -1.117725e+01 -1.524000e+01 6.350000e+00
    endloop
  endfacet
  facet normal -6.123234e-17 0.000000e+00 -1.000000e+00
    outer loop
      vertex -1.117725e+01 -1.524000e+01 6.350000e+00
      vertex -1.181395e+01 -5.120058e+00 6.350000e+00
      vertex -1.117725e+01 -5.080000e+00 6.350000e+00
    endloop
  endfacet
  facet normal -6.123234e-17 0.000000e+00 -1.000000e+00
    outer loop
      vertex -1.117725e+01 -1.524000e+01 6.350000e+00
      vertex -1.117725e+01 -5.080000e+00 6.350000e+00
      vertex -1.054056e+01 -1.519994e+01 6.350000e+00
    endloop
  endfacet
  facet normal -6.123234e-17 0.000000e+00 -1.000000e+00
    outer loop
      vertex -1.054056e+01 -1.519994e+01 6.350000e+00
      vertex -1.117725e+01 -5.080000e+00 6.350000e+00
      vertex -1.054056e+01 -5.120058e+00 6.350000e+00
    endloop
  endfacet
  facet normal -6.123234e-17 0.000000e+00 -1.000000e+00
    outer loop
      vertex -1.054056e+01 -1.519994e+01 6.350000e+00
      vertex -1.054056e+01 -5.120058e+00 6.350000e+00
      vertex -9.913909e+00 -1.508040e+01 6.350000e+00
    endloop
  endfacet
  facet normal -6.123234e-17 0.000000e+00 -1.000000e+00
    outer loop
      vertex -9.913909e+00 -1.508040e+01 6.350000e+00
      vertex -1.054056e+01 -5.120058e+00 6.350000e+00
      vertex -9.913909e+00 -5.239597e+00 6.350000e+00
    endloop
  endfacet
  facet normal -6.123234e-17 0.000000e+00 -1.000000e+00
    outer loop
      vertex -9.913909e+00 -1.508040e+01 6.350000e+00
      vertex -9.913909e+00 -5.239597e+00 6.350000e+00
      vertex -9.307181e+00 -1.488327e+01 6.350000e+00
    endloop
  endfacet
  facet normal -6.123234e-17 0.000000e+00 -1.000000e+00
    outer loop
      vertex -9.307181e+00 -1.488327e+01 6.350000e+00
      vertex -9.913909e+00 -5.239597e+00 6.350000e+00
      vertex -9.307181e+00 -5.436735e+00 6.350000e+00
    endloop
  endfacet
  facet normal -6.123234e-17 0.000000e+00 -1.000000e+00
    outer loop
      vertex -9.307181e+00 -1.488327e+01 6.350000e+00
      vertex -9.307181e+00 -5.436735e+00 6.350000e+00
      vertex -8.729945e+00 -1.461164e+01 6.350000e+00
    endloop
  endfacet
  facet normal -6.123234e-17 0.000000e+00 -1.000000e+00
    outer loop
      vertex -8.729945e+00 -1.461164e+01 6.350000e+00
      vertex -9.307181e+00 -5.436735e+00 6.350000e+00
      vertex -8.729945e+00 -5.708363e+00 6.350000e+00
    endloop
  endfacet
  facet normal -6.123234e-17 0.000000e+00 -1.000000e+00
    outer loop
      vertex -8.729945e+00 -1.461164e+01 6.350000e+00
      vertex -8.729945e+00 -5.708363e+00 6.350000e+00
      vertex -8.191305e+00 -1.426981e+01 6.350000e+00
    endloop
  endfacet
  facet normal -6.123234e-17 0.000000e+00 -1.000000e+00
    outer loop
      vertex -8.191305e+00 -1.426981e+01 6.350000e+00
      vertex -8.729945e+00 -5.708363e+00 6.350000e+00
      vertex -8.191305e+00 -6.050194e+00 6.350000e+00
    endloop
  endfacet
  facet normal -6.123234e-17 0.000000e+00 -1.000000e+00
    outer loop
      vertex -8.191305e+00 -1.426981e+01 6.350000e+00
      vertex -8.191305e+00 -6.050194e+00 6.350000e+00
      vertex -7.699754e+00 -1.386316e+01 6.350000e+00
    endloop
  endfacet
  facet normal -6.123234e-17 0.000000e+00 -1.000000e+00
    outer loop
      vertex -7.699754e+00 -1.386316e+01 6.350000e+00
      vertex -8.191305e+00 -6.050194e+00 6.350000e+00
      vertex -7.699754e+00 -6.456841e+00 6.350000e+00
    endloop
  endfacet
  facet normal -6.123234e-17 0.000000e+00 -1.000000e+00
    outer loop
      vertex -7.699754e+00 -1.386316e+01 6.350000e+00
      vertex -7.699754e+00 -6.456841e+00 6.350000e+00
      vertex -7.263047e+00 -1.339811e+01 6.350000e+00
    endloop
  endfacet
  facet normal -6.123234e-17 0.000000e+00 -1.000000e+00
    outer loop
      vertex -7.263047e+00 -1.339811e+01 6.350000e+00
      vertex -7.699754e+00 -6.456841e+00 6.350000e+00
      vertex -7.263047e+00 -6.921886e+00 6.350000e+00
    endloop
  endfacet
  facet normal -6.123234e-17 0.000000e+00 -1.000000e+00
    outer loop
      vertex -7.263047e+00 -1.339811e+01 6.350000e+00
      vertex -7.263047e+00 -6.921886e+00 6.350000e+00
      vertex -6.888068e+00 -1.288200e+01 6.350000e+00
    endloop
  endfacet
  facet normal -6.123234e-17 0.000000e+00 -1.000000e+00
    outer loop
      vertex -6.888068e+00 -1.288200e+01 6.350000e+00
      vertex -7.263047e+00 -6.921886e+00 6.350000e+00
      vertex -6.888068e+00 -7.438001e+00 6.350000e+00
    endloop
  endfacet
  facet normal -6.123234e-17 0.000000e+00 -1.000000e+00
    outer loop
      vertex -6.888068e+00 -1.288200e+01 6.350000e+00
      vertex -6.888068e+00 -7.438001e+00 6.350000e+00
      vertex -6.580732e+00 -1.232296e+01 6.350000e+00
    endloop
  endfacet
  facet normal -6.123234e-17 0.000000e+00 -1.000000e+00
    outer loop
      vertex -6.580732e+00 -1.232296e+01 6.350000e+00
      vertex -6.888068e+00 -7.438001e+00 6.350000e+00
      vertex -6.580732e+00 -7.997042e+00 6.350000e+00
    endloop
  endfacet
  facet normal -6.123234e-17 0.000000e+00 -1.000000e+00
    outer loop
      vertex -6.580732e+00 -1.232296e+01 6.350000e+00
      vertex -6.580732e+00 -7.997042e+00 6.350000e+00
      vertex -6.345887e+00 -1.172981e+01 6.350000e+00
    endloop
  endfacet
  facet normal -6.123234e-17 0.000000e+00 -1.000000e+00
    outer loop
      vertex -6.345887e+00 -1.172981e+01 6.350000e+00
      vertex -6.580732e+00 -7.997042e+00 6.350000e+00
      vertex -6.345887e+00 -8.590195e+00 6.350000e+00
    endloop
  endfacet
  facet normal -6.123234e-17 0.000000e+00 -1.000000e+00
    outer loop
      vertex -6.345887e+00 -1.172981e+01 6.350000e+00
      vertex -6.345887e+00 -8.590195e+00 6.350000e+00
      vertex -6.187234e+00 -1.111190e+01 6.350000e+00
    endloop
  endfacet
  facet normal -6.123234e-17 0.000000e+00 -1.000000e+00
    outer loop
      vertex -6.187234e+00 -1.111190e+01 6.350000e+00
      vertex -6.345887e+00 -8.590195e+00 6.350000e+00
      vertex -6.187234e+00 -9.208103e+00 6.350000e+00
    endloop
  endfacet
  facet normal -6.123234e-17 0.000000e+00 -1.000000e+00
    outer loop
      vertex -6.187234e+00 -1.111190e+01 6.350000e+00
      vertex -6.187234e+00 -9.208103e+00 6.350000e+00
      vertex -6.107277e+00 -1.047898e+01 6.350000e+00
    endloop
  endfacet
  facet normal -6.123234e-17 0.000000e+00 -1.000000e+00
    outer loop
      vertex -6.107277e+00 -1.047898e+01 6.350000e+00
      vertex -6.187234e+00 -9.208103e+00 6.350000e+00
      vertex -6.107277e+00 -9.841024e+00 6.350000e+00
    endloop
  endfacet
  facet normal -6.123234e-17 0.000000e+00 -1.000000e+00
    outer loop
      vertex -1.181395e+01 -5.120058e+00 6.350000e+00
      vertex -1.181395e+01 -1.519994e+01 6.350000e+00
      vertex -1.244060e+01 -5.239597e+00 6.350000e+00
    endloop
  endfacet
  facet normal -6.123234e-17 0.000000e+00 -1.000000e+00
    outer loop
      vertex -1.244060e+01 -5.239597e+00 6.350000e+00
      vertex -1.181395e+01 -1.519994e+01 6.350000e+00
      vertex -1.244060e+01 -1.508040e+01 6.350000e+00
    endloop
  endfacet
  facet normal -6.123234e-17 0.000000e+00 -1.000000e+00
    outer loop
      vertex -1.244060e+01 -5.239597e+00 6.350000e+00
      vertex -1.244060e+01 -1.508040e+01 6.350000e+00
      vertex -1.304733e+01 -5.436735e+00 6.350000e+00
    endloop
  endfacet
  facet normal -6.123234e-17 0.000000e+00 -1.000000e+00
    outer loop
      vertex -1.304733e+01 -5.436735e+00 6.350000e+00
      vertex -1.244060e+01 -1.508040e+01 6.350000e+00
      vertex -1.304733e+01 -1.488327e+01 6.350000e+00
    endloop
  endfacet
  facet normal -6.123234e-17 0.000000e+00 -1.000000e+00
    outer loop
      vertex -1.304733e+01 -5.436735e+00 6.350000e+00
      vertex -1.304733e+01 -1.488327e+01 6.350000e+00
      vertex -1.362456e+01 -5.708363e+00 6.350000e+00
    endloop
  endfacet
  facet normal -6.123234e-17 0.000000e+00 -1.000000e+00
    outer loop
      vertex -1.362456e+01 -5.708363e+00 6.350000e+00
      vertex -1.304733e+01 -1.488327e+01 6.350000e+00
      vertex -1.362456e+01 -1.461164e+01 6.350000e+00
    endloop
  endfacet
  facet normal -6.123234e-17 0.000000e+00 -1.000000e+00
    outer loop
      vertex -1.362456e+01 -5.708363e+00 6.350000e+00
      vertex -1.362456e+01 -1.461164e+01 6.350000e+00
      vertex -1.416320e+01 -6.050194e+00 6.350000e+00
    endloop
  endfacet
  facet normal -6.123234e-17 0.000000e+00 -1.000000e+00
    outer loop
      vertex -1.416320e+01 -6.050194e+00 6.350000e+00
      vertex -1.362456e+01 -1.461164e+01 6.350000e+00
      vertex -1.416320e+01 -1.426981e+01 6.350000e+00
    endloop
  endfacet
  facet normal -6.123234e-17 0.000000e+00 -1.000000e+00
    outer loop
      vertex -1.416320e+01 -6.050194e+00 6.350000e+00
      vertex -1.416320e+01 -1.426981e+01 6.350000e+00
      vertex -1.465475e+01 -6.456841e+00 6.350000e+00
    endloop
  endfacet
  facet normal -6.123234e-17 0.000000e+00 -1.000000e+00
    outer loop
      vertex -1.465475e+01 -6.456841e+00 6.350000e+00
      vertex -1.416320e+01 -1.426981e+01 6.350000e+00
      vertex -1.465475e+01 -1.386316e+01 6.350000e+00
    endloop
  endfacet
  facet normal -6.123234e-17 0.000000e+00 -1.000000e+00
    outer loop
      vertex -1.465475e+01 -6.456841e+00 6.350000e+00
      vertex -1.465475e+01 -1.386316e+01 6.350000e+00
      vertex -1.509146e+01 -6.921886e+00 6.350000e+00
    endloop
  endfacet
  facet normal -6.123234e-17 0.000000e+00 -1.000000e+00
    outer loop
      vertex -1.509146e+01 -6.921886e+00 6.350000e+00
      vertex -1.465475e+01 -1.386316e+01 6.350000e+00
      vertex -1.509146e+01 -1.339811e+01 6.350000e+00
    endloop
  endfacet
  facet normal -6.123234e-17 0.000000e+00 -1.000000e+00
    outer loop
      vertex -1.509146e+01 -6.921886e+00 6.350000e+00
      vertex -1.509146e+01 -1.339811e+01 6.350000e+00
      vertex -1.546644e+01 -7.438001e+00 6.350000e+00
    endloop
  endfacet
  facet normal -6.123234e-17 0.000000e+00 -1.000000e+00
    outer loop
      vertex -1.546644e+01 -7.438001e+00 6.350000e+00
      vertex -1.509146e+01 -1.339811e+01 6.350000e+00
      vertex -1.546644e+01 -1.288200e+01 6.350000e+00
    endloop
  endfacet
  facet normal -6.123234e-17 0.000000e+00 -1.000000e+00
    outer loop
      vertex -1.546644e+01 -7.438001e+00 6.350000e+00
      vertex -1.546644e+01 -1.288200e+01 6.350000e+00
      vertex -1.577378e+01 -7.997042e+00 6.350000e+00
    endloop
  endfacet
  facet normal -6.123234e-17 0.000000e+00 -1.000000e+00
    outer loop
      vertex -1.577378e+01 -7.997042e+00 6.350000e+00
      vertex -1.546644e+01 -1.288200e+01 6.350000e+00
      vertex -1.577378e+01 -1.232296e+01 6.350000e+00
    endloop
  endfacet
  facet normal -6.123234e-17 0.000000e+00 -1.000000e+00
    outer loop
      vertex -1.577378e+01 -7.997042e+00 6.350000e+00
      vertex -1.577378e+01 -1.232296e+01 6.350000e+00
      vertex -1.600862e+01 -8.590195e+00 6.350000e+00
    endloop
  endfacet
  facet normal -6.123234e-17 0.000000e+00 -1.000000e+00
    outer loop
      vertex -1.600862e+01 -8.590195e+00 6.350000e+00
      vertex -1.577378e+01 -1.232296e+01 6.350000e+00
      vertex -1.600862e+01 -1.172981e+01 6.350000e+00
    endloop
  endfacet
  facet normal -6.123234e-17 0.000000e+00 -1.000000e+00
    outer loop
      vertex -1.600862e+01 -8.590195e+00 6.350000e+00
      vertex -1.600862e+01 -1.172981e+01 6.350000e+00
      vertex -1.616727e+01 -9.208103e+00 6.350000e+00
    endloop
  endfacet
  facet normal -6.123234e-17 0.000000e+00 -1.000000e+00
    outer loop
      vertex -1.616727e+01 -9.208103e+00 6.350000e+00
      vertex -1.600862e+01 -1.172981e+01 6.350000e+00
      vertex -1.616727e+01 -1.111190e+01 6.350000e+00
    endloop
  endfacet
  facet normal -6.123234e-17 0.000000e+00 -1.000000e+00
    outer loop
      vertex -1.616727e+01 -9.208103e+00 6.350000e+00
      vertex -1.616727e+01 -1.111190e+01 6.350000e+00
      vertex -1.624723e+01 -9.841024e+00 6.350000e+00
    endloop
  endfacet
  facet normal -6.123234e-17 0.000000e+00 -1.000000e+00
    outer loop
      vertex -1.624723e+01 -9.841024e+00 6.350000e+00
      vertex -1.616727e+01 -1.111190e+01 6.350000e+00
      vertex -1.624723e+01 -1.047898e+01 6.350000e+00
    endloop
  endfacet
  facet normal -5.454965e-35 -1.000000e+00 0.000000e+00
    outer loop
      vertex -1.752725e+01 -2.286000e+01 6.350000e+00
      vertex 1.777875e+01 -2.286000e+01 6.350000e+00
      vertex -1.752725e+01 -2.286000e+01 1.016000e+01
    endloop
  endfacet
  facet normal 0.000000e+00 -1.000000e+00 5.054934e-34
    outer loop
      vertex -1.752725e+01 -2.286000e+01 1.016000e+01
      vertex 1.777875e+01 -2.286000e+01 6.350000e+00
      vertex 1.777875e+01 -2.286000e+01 1.016000e+01
    endloop
  endfacet
  facet normal 0.000000e+00 1.000000e+00 0.000000e+00
    outer loop
      vertex 1.777875e+01 2.286000e+01 6.350000e+00
      vertex -1.752725e+01 2.286000e+01 6.350000e+00
      vertex 1.777875e+01 2.286000e+01 1.016000e+01
    endloop
  endfacet
  facet normal 0.000000e+00 1.000000e+00 0.000000e+00
    outer loop
      vertex 1.777875e+01 2.286000e+01 1.016000e+01
      vertex -1.752725e+01 2.286000e+01 6.350000e+00
      vertex -1.752725e+01 2.286000e+01 1.016000e+01
    endloop
  endfacet
  facet normal 1.000000e+00 0.000000e+00 -6.123234e-17
    outer loop
      vertex 1.777875e+01 -2.286000e+01 6.350000e+00
      vertex 1.777875e+01 2.286000e+01 6.350000e+00
      vertex 1.777875e+01 -2.286000e+01 1.016000e+01
    endloop
  endfacet
  facet normal 1.000000e+00 0.000000e+00 -6.123234e-17
    outer loop
      vertex 1.777875e+01 -2.286000e+01 1.016000e+01
      vertex 1.777875e+01 2.286000e+01 6.350000e+00
      vertex 1.777875e+01 2.286000e+01 1.016000e+01
    endloop
  endfacet
endsolid Default
